年	月	日	時	分	GoogleLat	GoogleLng	死	受傷	2-30	天候	光線	道路類別	速限	道路型態	事故位置	路面鋪裝	路面狀態	路面缺陷	障礙物	視距	號誌種類	號誌動作	分向設施	快車道或一般車道間	快慢車道間	路面邊線	事故類型及型態	事故類別
2012	1	17	8	55	24.811723	120.9758325	0	1	0	8	1	5	40	4	1	1	5	4	5	7	4	4	10	5	5	2	16	2
2012	1	17	12	45	24.7786679	121.0190966				8			50															3
2012	1	17	16	30						8			50															3
2012	1	18	20	26			0	2	0	8	3	5	50	4	1	1	5	4	5	7	3	1	10	5	5	2	16	2
2012	1	19	18	43						8			50															3
2012	1	19	20	0						8			50															3
2012	1	20	14	40			0	1	0	7	1	5	50	3	1	1	5	4	5	7	4	4	10	5	5	2	16	2
2012	1	16	19	40						8			40															3
2012	1	12	17	50						8			50															3
2012	1	23	16	50						8			50															3
2012	1	20	16	20						8			50															3
2012	1	14	12	45						8			50															3
2012	1	13	12	47						8			40															3
2012	1	17	11	43						8			50															3
2012	1	16	8	28			0	1	0	6	1	5	50	14	9	1	4	4	5	7	4	4	5	4	5	2	16	2
2012	1	13	16	28			0	1	0	8	1	5	50	4	2	1	5	4	5	7	1	1	10	5	5	2	17	2
2012	1	16	8	30	24.7874802	121.0095148	0	2	0	6	1	5	50	14	9	1	4	4	5	7	4	4	10	5	5	2	16	2
2012	1	31	12	29	24.77057945	120.9171756	0	1	0	8	1	5	50	14	8	1	5	4	5	7	4	4	1	4	4	2	29	2
2012	1	29	12	19	24.7971079	120.9421713				8			50															3
2012	1	29	13	6	24.8161395	120.9934274	0	2	0	8	1	5	50	3	1	5	5	4	5	7	1	1	10	5	5	2	12	2
2012	1	31	9	7	24.792835	120.932699				8			50															3
2012	1	31	11	4	24.80345445	120.9739224	0	2	0	8	1	5	50	14	9	1	5	4	5	7	4	4	10	5	5	2	16	2
2012	1	30	15	23						8			50															3
2012	1	13	7	51						8			50															3
2012	1	13	17	39						8			50															3
2012	1	16	1	35						8			50															3
2012	1	15	19	36			0	1	0	6	3	5	50	4	18	1	4	4	5	7	1	1	10	5	5	2	3	2
2012	1	15	22	1			0	1	0	6	3	5	40	4	1	1	4	4	5	7	4	4	10	5	5	2	15	2
2012	1	28	14	15						8			50															3
2012	1	31	9	15			0	2	0	8	1	5	50	4	1	1	5	4	5	7	4	4	10	5	5	2	15	2
2012	1	31	17	30						8			40															3
2012	1	1	2	50						8			50															3
2012	1	23	15	53						8			40															3
2012	1	23	0	10						8			40															3
2012	1	2	10	55						8			40															3
2012	1	23	19	45						8			90															3
2012	1	24	16	46	24.732317	120.915211	0	2	0	8	2	5	50	3	1	1	5	4	5	7	1	1	10	5	5	2	16	2
2012	1	6	19	10	24.80869215	120.9746173				8			50															3
2012	1	18	14	55	24.7765601	121.0201724				8			40															3
2012	1	13	11	40	24.797852	120.967933				8			50															3
2012	1	7	22	45	24.796946	120.957501	0	1	0	8	3	5	50	11	9	1	5	4	5	7	4	4	5	4	5	2	10	2
2012	1	29	10	52	24.777221	121.021996	0	1	0	8	1	5	50	14	9	1	5	4	5	7	4	4	10	5	5	2	3	2
2012	1	20	16	50	24.7891086	120.9665119	0	1	0	8	2	5	50	14	9	1	5	4	5	7	4	4	10	5	5	2	17	2
2012	1	21	7	8	24.81460645	120.9780696				6			50															3
2012	1	30	14	55	24.806054	120.986741				8			50															3
2012	1	13	19	19	24.8040923	120.9749115				8			50															3
2012	1	15	18	37	24.7967715	120.9976192				6			50															3
2012	1	15	16	47	24.7832977	121.0091956	0	2	0	6	2	5	50	14	9	1	4	4	5	7	4	4	10	5	5	2	16	2
2012	1	25	12	0	24.8682845	120.9533929				8			50															3
2012	1	28	13	50	24.7461546	120.9063973				8			50															3
2012	1	28	16	24	24.838549	120.932739				8			50															3
2012	1	27	21	20	24.8098257	120.9643806				8			50															3
2012	1	13	18	0	24.7863442	120.929579	0	2	0	8	3	5	50	14	9	1	5	4	5	6	4	4	5	5	5	1	16	2
2012	1	15	19	30	24.800067	120.981532	0	1	0	6	3	5	50	11	9	1	4	4	5	7	4	4	5	4	5	2	18	2
2012	1	23	14	41	24.8044523	120.9702289	0	1	0	8	1	5	50	16	18	1	5	4	5	7	4	4	10	5	5	2	3	2
2012	1	28	22	45			0	3	0	8	3	5	40	5	1	1	5	4	5	7	1	1	10	5	5	2	11	2
2012	1	14	15	21			0	1	0	7	1	5	50	3	1	1	5	4	5	7	4	4	9	5	5	2	3	2
2012	1	13	18	20						8			50															3
2012	1	23	18	13						8			50															3
2012	1	27	9	35						8			50															3
2012	1	27	12	50						8			50															3
2012	1	27	16	35						8			50															3
2012	1	15	23	20	24.781023	121.025977	0	3	0	6	3	5	50	12	9	1	4	4	5	7	3	1	5	4	5	2	3	2
2012	1	16	14	0	24.78436645	121.0121615	0	2	0	6	1	5	50	11	9	1	4	4	5	1	4	4	10	5	5	1	11	2
2012	1	16	18	41	24.804902	120.955955				8			50															3
2012	1	16	15	45	24.8072151	120.97069	0	1	0	8	2	5	50	14	9	1	4	4	5	6	4	4	5	5	5	2	17	2
2012	1	16	20	0	24.79311235	121.0115108				8			50															3
2012	1	24	22	28	24.7768044	121.0249516				8			40															3
2012	1	16	12	8	24.80210385	120.9869868	0	1	0	7	1	5	50	14	9	1	4	4	5	7	4	4	5	4	5	2	16	2
2012	1	17	9	55	24.7584934	120.96142	0	1	0	8	1	5	50	5	2	1	5	4	5	7	1	1	10	5	5	2	13	2
2012	1	18	13	43	24.8176601	120.956219	0	2	0	8	1	5	50	14	9	1	5	4	5	7	4	4	5	5	5	1	16	2
2012	1	24	17	57						8			50															3
2012	1	30	10	28			0	1	0	8	1	5	50	5	1	1	5	4	5	7	2	1	10	5	5	2	15	2
2012	1	17	0	5						8			50															3
2012	1	27	8	12						8			50															3
2012	1	24	1	29			0	3	0	8	3	5	50	3	2	1	5	4	5	7	4	4	5	4	5	2	16	2
2012	1	26	16	25			0	1	0	8	1	5	50	3	2	1	5	4	5	7	4	4	10	5	5	2	16	2
2012	1	31	23	11			0	1	0	8	3	5	50	14	9	1	5	4	5	7	4	4	9	4	5	1	17	2
2012	1	18	16	20						8			50															3
2012	1	30	20	5						8			50															3
2012	1	26	14	0						8			80															3
2012	1	19	7	40						8			50															3
2012	1	23	18	20						8			50															3
2012	1	23	20	59						8			50															3
2012	1	28	19	27						8			50															3
2012	1	28	22	35						8			50															3
2012	1	26	12	0						8			40															3
2012	1	8	18	55						8			50															3
2012	1	12	8	35						6			40															3
2012	1	19	9	0						8			50															3
2012	1	29	1	50						6			50															3
2012	1	19	10	17	24.9384964	121.2025131				8			50															3
2012	1	8	17	20	24.7661589	120.9148839				8			50															3
2012	1	17	23	25	24.82342355	120.975618				8			50															3
2012	1	13	18	30	24.8330761	121.016938				8			40															3
2012	1	14	7	3	24.80481	120.970235	0	3	0	8	1	5	50	14	9	1	5	4	5	7	4	4	5	4	5	2	17	2
2012	1	16	22	5	24.8113986	120.9762863	0	1	0	8	3	5	50	14	9	1	5	4	3	7	4	4	5	4	5	2	18	2
2012	1	22	10	53	24.819149	120.964271				8			40															3
2012	1	25	17	35	24.808815	120.959171				8			50															3
2012	1	18	12	13	24.79479845	120.9578315	0	1	0	8	1	5	50	3	1	1	5	4	5	7	4	4	10	5	5	2	16	2
2012	1	26	14	44	24.7919331	120.975885				8			40															3
2012	1	18	16	3	24.7904647	121.0189622	0	0	0	8	1	5	50	14	9	1	5	4	4	7	4	4	9	5	5	1	16	3
2012	1	26	16	42	24.796431	120.940544	0	1	0	8	1	5	50	14	9	1	5	4	5	7	4	4	5	5	5	1	17	2
2012	1	22	6	31	24.8122439	120.9633513				8			40															3
2012	1	22	12	30	24.8145218	120.9769905				8			50															3
2012	1	23	18	49	24.84644	120.929134	0	2	0	8	3	5	50	3	1	1	5	4	5	7	4	4	10	5	5	2	16	2
2012	1	30	13	6	24.7978644	120.9366838	0	2	0	8	1	5	40	3	1	1	5	4	5	7	4	4	10	5	5	2	16	2
2012	1	24	3	25	24.795803	120.964326				8			50															3
2012	1	19	12	43	24.82427895	120.9660599				8			50															3
2012	1	16	20	32	24.8042116	120.9705392				8			50															3
2012	1	24	22	25	24.7968851	120.959881				6			40															3
2012	1	31	18	30	24.7917064	120.9260284				8			40															3
2012	1	28	8	43	24.743171	120.908756				8			40															3
2012	1	31	8	18	24.795357	120.971532				8			50															3
2012	1	31	10	40	24.8031245	120.9913895				8			50															3
2012	1	28	21	8	24.79869435	120.9699988				8			50															3
2012	1	30	15	5	24.7884154	120.9680175	0	0	0	8	1	5	50	3	1	1	5	4	5	7	4	4	9	5	5	2	11	3
2012	1	20	18	20	24.8235233	120.9787074	0	2	0	8	3	5	40	5	1	1	5	4	5	7	4	4	10	5	5	2	15	2
2012	1	20	21	30	24.8137323	120.9674304				8			50															3
2012	1	25	11	0	24.8368086	120.929101	0	1	0	8	1	5	50	4	1	1	5	4	5	7	1	1	10	5	5	2	12	2
2012	1	30	8	20	24.806725	120.975813				8			50															3
2012	1	30	18	5	24.727264	120.930938	0	2	0	8	3	5	50	3	19	1	5	4	5	7	3	1	10	5	5	2	3	2
2012	1	31	19	30	24.806075	120.966711				8			40															3
2012	1	23	13	20	24.8060031	120.9679801				8			50															3
2012	1	30	16	56	24.8160533	120.9934924	0	1	0	8	2	5	50	14	7	1	5	4	5	6	2	1	1	2	2	1	17	2
2012	1	17	12	40	23.8548668	120.983603				8			0															3
2012	1	27	19	58	24.795605	120.998773	0	1	0	8	3	5	40	14	9	1	5	4	5	7	4	4	10	5	5	2	2	2
2012	1	22	7	37	24.7974171	120.953137				6			50															3
2012	1	30	15	5						8			50															3
2012	1	25	11	23						8			50															3
2012	1	30	16	13						8			40															3
2012	1	31	11	30						8			40															3
2012	1	25	14	1						8			50															3
2012	1	20	14	35						8			50															3
2012	1	29	19	31			0	1	0	8	3	5	50	3	2	1	5	4	5	7	4	4	10	5	5	2	16	2
2012	1	21	11	0			0	1	0	8	1	5	50	4	1	1	5	4	5	7	1	1	10	5	5	2	16	2
2012	1	21	13	0						8			50															3
2012	1	21	17	59			0	1	0	8	3	5	50	3	2	1	5	4	5	7	1	1	10	5	5	2	13	2
2012	1	25	5	35						8			50															3
2012	1	25	15	5						8			40															3
2012	1	30	15	39			0	2	0	8	1	5	50	14	7	1	5	4	5	7	4	4	5	5	4	2	16	2
2012	1	22	10	55						6			50															3
2012	1	27	22	15						8			50															3
2012	1	30	20	49			0	1	0	8	3	5	50	4	1	1	5	4	5	7	2	1	10	5	5	2	16	2
2012	1	22	14	10						6			50															3
2012	1	26	6	37	23.8333047	120.4693168	0	2	0	8	1	5	50	14	9	1	5	4	5	7	4	4	5	5	5	2	11	2
2012	1	20	0	48	24.819359	120.9825494				8			50															3
2012	1	29	18	13	24.7884154	120.9680175	0	0	0	8	3	5	50	14	9	1	5	4	5	7	4	4	10	5	5	2	13	3
2012	1	29	19	57	24.8026828	120.9814558				8			50															3
2012	1	24	23	41	24.802196	120.965771	0	3	0	8	4	5	50	14	9	1	5	4	5	7	4	4	5	4	5	2	3	2
2012	1	31	22	40	24.8028001	120.968423				8			50															3
2012	1	27	19	34	24.7874802	121.0095148				8			50															3
2012	1	28	4	10	24.8104823	120.9621044				8			50															3
2012	1	29	1	53			0	2	0	6	3	5	50	14	9	1	4	4	5	7	4	4	3	4	4	2	18	2
2012	1	13	16	50						8			50															3
2012	1	13	12	20						8			50															3
2012	1	10	14	18						8			50															3
2012	1	15	3	30						8			50															3
2012	1	7	12	20						8			50															3
2012	1	16	17	25			0	1	0	8	2	5	50	4	2	1	5	4	5	6	4	4	10	5	5	2	16	2
2012	1	14	19	30			0	1	0	8	3	5	50	14	9	1	5	4	5	6	4	4	10	5	5	1	17	2
2012	1	16	21	27						8			40															3
2012	1	25	1	0						6			50															3
2012	1	18	17	49			0	2	0	8	3	5	50	14	9	1	5	4	5	7	4	4	1	4	5	2	29	2
2012	1	26	10	34						8			40															3
2012	1	31	17	26						8			50															3
2012	1	27	3	5						8			50															3
2012	1	1	20	20																								3
2012	2	1	7	50	24.78628135	120.9877607	0	1	0	8	1	5	50	14	9	1	5	4	5	7	4	4	1	4	5	2	12	2
2012	2	1	8	55	24.793776	120.974364				8			50															3
2012	2	1	8	22	24.79067095	120.9684448				8			50															3
2012	2	1	8	51	24.7936467	120.9679651				8			50															3
2012	2	1	8	10	24.8040691	120.968565				8			50															3
2012	2	1	11	32	24.8101928	120.9734446	0	3	0	8	1	5	50	3	1	1	5	4	5	7	4	4	5	5	5	2	15	2
2012	2	1	13	15	24.7986605	120.9977305	0	1	0	8	1	5	50	4	1	1	5	4	5	7	4	4	5	4	5	1	11	2
2012	2	1	12	0	24.8063163	120.9562184				8			50															3
2012	2	1	13	0	24.8140911	120.9725373				8			50															3
2012	2	1	8	20	23.8548668	120.983603	0	1	0	8	1	5	50	4	1	1	5	4	5	7	4	4	10	5	5	2	15	2
2012	2	1	12	31	24.8192785	120.9757087				8			50															3
2012	2	1	9	7	24.7968745	120.9594703				8			50															3
2012	2	1	14	24	24.799174	120.964231	0	1	0	8	1	5	50	3	1	1	5	4	5	7	4	4	10	5	5	2	16	2
2012	2	2	18	23	24.8155052	120.9678008	0	1	0	7	3	5	50	14	9	1	5	4	5	7	4	4	5	5	5	1	16	2
2012	2	1	19	45	24.8088969	120.9627575	0	1	0	8	3	5	50	4	1	1	5	4	5	7	4	4	10	5	5	2	11	2
2012	2	2	12	10	24.782013	120.979299				8			50															3
2012	2	1	16	28	24.8122001	120.972303				8			50															3
2012	2	1	8	11	24.8213891	120.9773176				8			50															3
2012	2	1	9	41	24.8141411	120.977205				8			50															3
2012	2	2	19	2	24.80345445	120.9739224	0	1	0	8	3	5	50	14	9	1	5	4	5	7	4	4	5	4	5	2	12	2
2012	2	2	23	25	24.7932831	121.001211				8			50															3
2012	2	3	3	10	24.807198	120.967767	1	1	0	6	3	5	50	14	9	1	4	4	5	7	4	4	5	4	5	2	19	1
2012	2	2	22	30	24.8009351	120.9698904	0	1	0	7	3	5	50	3	1	1	5	4	5	7	4	4	10	5	5	2	13	2
2012	2	2	22	27	24.79797645	120.9638302				8			30															3
2012	2	3	18	36	30.545	114.308421	0	1	0	1	3	5	50	3	1	1	4	4	5	7	1	1	10	5	5	2	16	2
2012	2	3	19	31	24.83497325	121.0047652				6			50															3
2012	2	3	17	36	24.7919681	121.007125	0	1	0	6	3	5	40	14	9	1	4	4	5	7	4	4	9	5	5	2	3	2
2012	2	3	19	20	24.7931955	121.0155735	0	1	0	6	4	5	50	4	1	1	3	4	5	7	4	4	10	5	5	2	16	2
2012	2	3	18	57	24.7757408	121.0167883				6			50															3
2012	2	2	9	30	24.796185	120.9594794							50															3
2012	2	3	23	49	24.7935471	121.0014				6			40															3
2012	2	2	10	45	24.7827482	120.9329203				8			40															3
2012	2	3	17	10	29.0289146	111.6613067				6			50															3
2012	2	4	9	15	24.8062121	120.973995				8			50															3
2012	2	4	14	14	24.783575	121.016619	0	2	0	8	1	5	50	3	1	1	5	4	5	7	4	4	10	5	5	2	12	2
2012	2	3	9	0	24.8015488	120.963392				6			40															3
2012	2	3	17	55	24.797705	120.974452	0	1	0	6	3	5	50	4	18	1	4	4	5	7	4	4	10	5	5	2	3	2
2012	2	4	16	58	24.8194399	120.9725494				8			50															3
2012	2	2	18	51	24.8147874	120.9808653	0	1	0	8	3	5	50	4	1	1	5	4	5	7	1	1	10	5	5	2	16	2
2012	2	3	18	35	24.7834637	120.9193786				6			60															3
2012	2	3	19	58	24.8137323	120.9674304				6			50															3
2012	2	3	10	50	24.782136	120.9669409				8			40															3
2012	2	3	15	13	24.81462735	120.9857367				6			50															3
2012	2	3	18	28	24.7973806	120.9471161				8			50															3
2012	2	4	20	17	24.83234335	120.9874026				8			50															3
2012	2	5	8	57	24.8025404	120.9361391																						3
2012	2	4	9	10	24.8096038	120.9776378				8			50															3
2012	2	4	10	30	24.8072281	120.962562	0	1	0	8	1	5	50	4	1	1	5	4	5	7	4	4	10	5	5	2	15	2
2012	2	4	14	20	24.7975598	120.995739	0	1	0	8	1	5	50	3	1	1	5	4	5	7	2	1	10	5	5	2	15	2
2012	2	3	20	53			0	0	0	6	3	5	50	14	9	1	4	4	5	7	4	4	10	4	5	1	13	3
2012	2	4	20	46			0	1	0	8	3	5	50	4	1	1	5	4	5	7	1	1	10	5	5	2	18	2
2012	2	5	12	12	24.8044371	120.972732	0	1	0	8	1	5	50	14	9	1	5	4	5	7	4	4	5	5	5	2	16	2
2012	2	5	16	5	24.7873656	121.0096554				8			50															3
2012	2	3	19	35	24.901502	121.044118	0	2	0	6	3	5	50	14	9	1	4	4	5	7	4	4	5	4	5	1	3	2
2012	2	5	17	0	24.804244	120.971614	0	3	0	8	1	5	50	14	9	1	5	4	5	7	4	4	5	4	5	2	16	2
2012	2	4	10	33	24.8042903	120.9752282	0	1	0	8	1	5	50	5	1	1	5	4	5	7	1	1	1	5	5	2	13	2
2012	2	5	20	13	24.82387895	120.980277				8			90															3
2012	2	5	20	30	24.8054239	120.9648553				8			30															3
2012	2	5	23	30	24.7815141	120.9735952	0	1	0	8	3	5	40	4	1	1	5	4	5	7	2	1	10	5	5	2	16	2
2012	2	6	0	3	24.8173271	120.9640372	0	1	0	8	3	5	50	4	1	1	5	4	5	7	1	1	1	5	5	2	18	2
2012	2	5	5	46	24.7964463	121.0102183				6			90															3
2012	2	1	18	36	24.739203	120.909907				8			50															3
2012	2	6	7	54	24.79044695	120.9766564	0	1	0	8	1	5	50	14	9	1	5	4	5	7	4	4	1	4	5	1	18	2
2012	2	6	9	56	24.8009967	120.9870539	0	2	0	8	1	5	50	14	9	1	5	4	5	7	4	4	3	2	5	2	3	2
2012	2	6	8	30	24.7820031	121.022527	0	1	0	8	1	6	50	14	9	1	5	4	5	7	4	4	5	5	5	1	12	2
2012	2	6	9	32	24.8008093	120.9634188	0	0	0	8	1	5	40	4	1	1	5	4	5	7	4	4	10	5	5	2	15	3
2012	2	6	15	13	24.796897	120.962791	0	1	0	8	1	5	50	14	9	1	5	4	5	7	4	4	9	5	5	1	16	2
2012	2	6	20	0	24.8145321	120.975352																						3
2012	2	6	19	19	24.7981287	121.0067299				8			50															3
2012	2	6	22	37	24.8042301	120.966948				6			50															3
2012	2	7	2	0			0	1	0	6	3	5	50	3	1	1	4	4	5	7	3	1	1	5	5	2	16	2
2012	2	1	8	41			0	1	0	8	1	5	50	3	1	1	5	4	5	7	4	4	10	5	5	2	16	2
2012	2	7	11	30						6			50															3
2012	2	4	11	15						8			50															3
2012	2	4	11	30						8			50															3
2012	2	7	13	0						6			50															3
2012	2	4	14	30						8			50															3
2012	2	7	13	55						8			50															3
2012	2	4	16	5						8			50															3
2012	2	7	14	29			0	1	0	7	1	5	50	14	8	1	5	4	5	7	4	4	1	5	1	2	13	2
2012	2	6	18	27						8			40															3
2012	2	7	7	3						6			50															3
2012	2	7	12	55						8			40															3
2012	2	2	18	43			0	1	0	8	3	5	50	3	2	1	5	4	5	7	1	1	5	5	5	1	16	2
2012	2	3	8	7						6			50															3
2012	2	3	10	29			0	2	0	6	1	5	50	14	9	1	4	4	5	7	4	4	5	5	5	2	3	2
2012	2	3	11	49			0	2	0	6	1	5	50	4	2	1	4	4	5	7	3	1	5	5	5	2	15	2
2012	2	3	13	59			0	0	0	6	1	5	50	3	1	1	4	4	5	7	3	1	1	5	5	1	16	3
2012	2	7	18	0			0	3	0	7	3	5	50	5	1	1	5	4	5	7	1	1	10	5	5	2	16	2
2012	2	7	22	35						8			50															3
2012	2	7	22	27						8			50															3
2012	2	1	15	30			0	1	0	8	1	5	50	4	1	1	5	4	5	7	1	1	5	5	5	2	12	2
2012	2	1	18	30						8			50															3
2012	2	1	20	30			0	1	0	8	3	5	50	3	1	1	5	4	5	7	4	4	10	5	5	2	16	2
2012	2	7	14	0						8			40															3
2012	2	7	15	45						8			50															3
2012	2	1	12	48	24.790798	121.0055625				8			50															3
2012	2	7	22	0	24.80346815	120.9739119	0	0	0	8	3	5	50	14	9	1	5	4	5	7	4	4	5	5	5	1	16	3
2012	2	1	16	27	24.8063911	120.9784284				8			50															3
2012	2	4	16	27	24.80058445	120.9667179				8			50															3
2012	2	5	22	8	24.7932831	121.001211				8			50															3
2012	2	7	6	25	24.7702698	120.9734533	0	1	0	6	1	5	50	14	9	1	4	4	5	7	4	4	5	5	5	1	9	2
2012	2	8	7	57	24.78520265	121.0117464				8			50															3
2012	2	2	7	57	24.794138	120.970331	0	3	0	8	1	5	50	3	1	1	5	4	5	7	4	4	10	5	5	2	16	2
2012	2	8	14	57	24.8025954	120.9651562				6			50															3
2012	2	8	7	53	24.79382215	120.9370932	0	1	0	7	1	5	50	14	9	1	5	4	5	7	4	4	4	5	5	1	16	2
2012	2	8	16	52	24.802071	120.9546306																						3
2012	2	6	17	38	24.788804	120.928621	0	3	0	7	3	5	50	14	9	1	5	4	5	7	4	4	5	5	4	2	9	2
2012	2	2	9	58	24.804058	120.955062				8			50															3
2012	2	2	14	50	24.7818596	121.0211214				8			50															3
2012	2	2	18	25	24.8156911	120.956973				8			50															3
2012	2	7	17	14						8			50															3
2012	2	7	17	48						8			50															3
2012	2	8	19	20			0	2	0	6	3	5	50	14	9	1	4	4	5	6	4	4	9	5	5	2	2	2
2012	2	8	21	20			0	2	0	6	3	5	50	14	9	1	4	4	5	7	4	4	5	4	5	2	12	2
2012	2	7	21	18																								3
2012	2	7	19	44			0	1	0	7	3	5	50	3	1	1	5	4	5	7	4	4	10	5	5	2	16	2
2012	2	9	8	56	24.8137323	120.9674304				8			50															3
2012	2	6	23	24	24.7873656	121.0096554	0	1	0	8	3	5	50	14	9	1	5	4	5	7	4	4	2	4	5	1	25	2
2012	2	7	21	35	24.79021	121.006191	0	1	0	8	3	5	50	14	9	1	5	4	5	7	4	4	1	4	4	2	12	2
2012	2	6	18	38	24.80854965	120.9843547	0	1	0	8	3	5	50	8	11	1	5	4	5	7	4	4	5	4	4	1	13	2
2012	2	8	15	0	24.7939945	121.0137049				8			50															3
2012	2	8	16	1	24.7796291	121.024873	0	1	0	6	1	5	50	14	9	1	4	4	5	7	4	4	9	5	5	2	16	2
2012	2	6	9	13	24.8394033	120.9369819	0	2	0	8	1	5	50	14	9	1	5	4	5	7	4	4	5	4	5	1	17	2
2012	2	6	18	2	24.7887326	120.9300059				8			50															3
2012	2	7	13	5						6			50															3
2012	2	7	16	30			0	2	0	7	1	5	50	14	9	1	5	4	5	7	4	4	9	5	5	2	12	2
2012	2	8	13	31						6			50															3
2012	2	8	15	58						6			50															3
2012	2	9	6	10						8			50															3
2012	2	8	21	38						8			50															3
2012	2	1	16	21			0	1	0	8	1	5	50	4	2	1	5	4	5	7	2	1	10	5	5	2	16	2
2012	2	9	19	51						8			50															3
2012	2	2	12	16						8			50															3
2012	2	1	23	35						8			40															3
2012	2	9	16	47			0	1	0	7	1	5	50	3	1	1	4	4	5	7	3	1	10	5	5	2	16	2
2012	2	10	8	8			0	1	0	7	1	5	50	4	1	1	4	4	5	7	1	1	10	5	5	2	16	2
2012	2	9	17	30			0	2	0	7	2	5	50	14	9	1	4	4	5	7	4	4	5	5	5	1	16	2
2012	2	9	15	0	24.8079896	120.973895				8			50															3
2012	2	9	19	3	24.7935171	121.001678				8			50															3
2012	2	10	4	53	24.8045335	120.9518299	0	1	0	6	3	5	50	3	1	1	4	4	5	7	4	4	10	5	5	2	3	2
2012	2	10	15	40	24.802067	120.954976				8			50															3
2012	2	10	7	45	24.7840732	121.0179649				6			50															3
2012	2	10	10	38	24.7909875	121.0171366	0	1	0	7	1	5	50	3	1	1	4	4	5	7	4	4	10	5	5	2	16	2
2012	2	10	9	30	24.823897	120.973				8			40															3
2012	2	10	22	11			0	1	0	6	3	5	50	4	2	1	4	4	5	6	2	1	10	5	5	1	13	2
2012	2	2	21	36						8			50															3
2012	2	3	23	10						6			50															3
2012	2	2	17	43			0	1	0	8	2	5	50	4	1	1	5	4	5	7	3	3	10	5	5	2	16	2
2012	2	4	15	33						8			50															3
2012	2	4	14	39						8			50															3
2012	2	4	18	45						8			50															3
2012	2	11	1	10			0	1	0	6	3	5	50	5	1	1	4	4	5	7	2	1	10	5	5	2	16	2
2012	2	5	12	26						8			50															3
2012	2	11	1	46			0	1	0	8	3	5	50	14	9	1	5	4	5	7	4	4	5	4	5	1	16	2
2012	2	8	8	30			0	1	0	7	1	5	50	4	1	1	5	4	5	7	4	4	10	5	5	2	16	2
2012	2	8	13	25			0	1	0	6	1	5	40	3	1	1	4	4	5	7	4	4	10	5	5	2	16	2
2012	2	8	15	1						6			50															3
2012	2	8	16	30						6			50															3
2012	2	10	18	29						6			50															3
2012	2	8	14	30						6			50															3
2012	2	4	11	31			0	2	0	8	1	5	50	3	1	1	5	4	5	7	1	1	10	5	5	2	12	2
2012	2	8	15	30	24.800019	120.965406																						3
2012	2	7	15	22	24.7585468	120.9585146				8			50															3
2012	2	7	17	1	24.7939644	120.9767252	0	1	0	7	1	5	50	3	1	1	5	4	5	7	3	1	10	5	5	2	16	2
2012	2	7	18	11	24.79834225	120.9906022	0	1	0	7	1	5	50	3	1	1	5	4	5	7	4	4	1	4	5	2	16	2
2012	2	11	8	28	24.8141411	120.977205				8			50															3
2012	2	11	8	25	24.80462	120.951931				8			50															3
2012	2	11	9	40	24.8190947	120.9712484				8			40															3
2012	2	11	10	11	24.816522	120.961175				8			40															3
2012	2	10	4	55	24.781547	121.024368	0	2	0	6	4	5	50	14	9	1	4	4	5	7	4	4	10	4	5	2	9	2
2012	2	10	18	25	24.817685	120.973573				6			50															3
2012	2	11	11	25	24.791328	121.004469				8			50															3
2012	2	11	13	30	24.8044523	120.9702289				8			50															3
2012	2	11	15	39	24.812646	120.9829318				8			50															3
2012	2	7	17	17	24.795646	120.998564	0	1	0	7	1	5	50	14	8	1	5	4	5	7	4	4	1	4	4	2	12	2
2012	2	11	15	45	24.7968431	120.96795	0	1	0	7	1	5	50	4	1	1	5	4	5	7	4	4	10	5	5	2	14	2
2012	2	10	21	18	24.8042903	120.9752282	0	2	0	8	3	5	50	5	1	1	4	4	5	7	2	1	10	5	5	2	16	2
2012	2	11	16	14	24.7832442	121.0177491				8			50															3
2012	2	9	8	57	24.7909301	120.9379034	0	2	0	8	1	5	50	14	8	1	5	4	5	7	4	4	1	2	4	2	16	2
2012	2	4	11	18	24.7832694	121.0208109	0	1	0	8	1	5	50	5	2	1	5	4	5	6	1	1	10	5	5	2	13	2
2012	2	6	17	53	24.857684	121.218177	0	2	0	8	3	5	50	4	2	1	5	4	5	6	1	1	4	4	5	2	11	2