年	月	日	時	分	GoogleLat	GoogleLng	死	受傷	2-30	天候	光線	道路類別	速限	道路型態	事故位置	路面鋪裝	路面狀態	路面缺陷	障礙物	視距	號誌種類	號誌動作	分向設施	快車道或一般車道間	快慢車道間	路面邊線	事故類型及型態	事故類別
2012	3	7	9	22						8			50															3
2012	3	7	9	22			0	2	0	8	1	5	50	15	9	1	5	4	5	7	4	4	5	5	5	2	3	2
2012	3	6	18	13						8			50															3
2012	3	7	13	12	24.8063579	120.9365431				8			50															3
2012	3	7	11	4	24.8007419	120.9936975	0	1	0	8	1	5	50	14	9	1	5	4	5	7	4	4	10	5	5	2	11	2
2012	3	7	14	57	24.7958671	120.998313				8			50															3
2012	3	5	7	30	24.792025	120.9756149	0	1	0	8	1	5	50	14	9	1	5	4	5	7	4	4	1	4	5	2	13	2
2012	3	6	17	10	24.788955	120.929309	0	1	0	8	1	5	50	14	9	1	5	4	5	7	4	4	10	5	5	2	12	2
2012	3	7	20	0	24.80867115	120.9623971	0	1	0	8	3	5	50	14	9	1	5	4	3	7	4	4	9	5	5	2	13	2
2012	3	7	18	50	24.7585468	120.9585146				8			50															3
2012	3	7	19	16	24.7976416	120.9515064				8			50															3
2012	3	3	13	55	24.8030181	120.983307																						3
2012	3	7	4	16	23.945582	120.565088				8																		3
2012	3	7	21	55	24.7779893	120.9844965	0	1	0	7	3	5	50	3	1	1	5	4	5	7	4	4	10	5	5	2	12	2
2012	3	7	19	42	24.7924614	121.0067013	0	1	0	8	3	5	50	14	9	1	5	4	5	7	4	4	5	4	5	2	16	2
2012	3	7	22	40	24.812933	120.9658931				8			50															3
2012	3	7	18	20	24.8119276	120.9883356	0	1	0	8	3	5	50	5	2	1	5	4	5	7	1	1	5	4	5	2	13	2
2012	3	5	8	15	24.7815031	121.024786				8			50															3
2012	3	5	11	30	29.0289146	111.6613067				8			50															3
2012	3	5	13	3	24.8423748	120.9341485				8			50															3
2012	3	8	7	50	24.7907615	121.0096933	0	1	0	7	1	5	50	14	9	1	4	4	5	7	4	4	5	4	5	1	16	2
2012	3	8	11	50	24.811415	120.9635475	0	1	0	8	1	5	50	4	2	1	5	4	5	7	1	1	1	4	5	2	16	2
2012	3	8	14	25	24.8114941	120.965049	0	2	0	7	1	5	50	3	1	1	5	4	5	7	4	4	10	5	5	2	16	2
2012	3	7	18	44	24.7897242	120.9991537				8			50															3
2012	3	8	16	51	24.8013506	120.9924711	0	1	0	8	1	5	50	4	1	1	5	4	5	7	1	1	10	5	5	2	16	2
2012	3	8	12	15	24.799902	120.947199				8			50															3
2012	3	8	9	13	24.7834758	120.9906672				8			50															3
2012	3	8	18	40	24.7874802	121.0095148				8			50															3
2012	3	8	15	57	24.7991891	120.9533827				8			50															3
2012	3	8	20	16	24.79482	120.965453				8			50															3
2012	3	8	21	54	24.7991891	120.9533827				6			50															3
2012	3	7	16	22	24.8372451	120.942188				8			50															3
2012	3	4	12	51	24.7714132	120.952796				8			50															3
2012	3	8	23	25	24.8449791	120.928493				6			50															3
2012	3	8	17	15	24.8191921	120.9794751				8			50															3
2012	3	9	8	25	24.7876921	120.92771				6			50															3
2012	3	9	8	1	24.77910945	120.9818145				8			50															3
2012	3	3	22	45	24.7998712	120.9435361	0	2	0	7	3	5	50	4	1	1	5	4	5	7	3	1	10	5	5	2	16	2
2012	3	9	7	40	24.7924614	121.0067013				6			50															3
2012	3	9	8	40	24.7910677	121.0049133				8			50															3
2012	3	9	6	50	24.78929905	120.9572937	0	2	0	7	1	5	50	12	9	1	4	4	5	7	4	4	5	5	5	2	18	2
2012	3	9	8	11	24.816986	120.971096				8			50															3
2012	3	7	16	20	24.8003411	120.966097				8			50															3
2012	3	8	7	56	24.7934621	120.97083				6			40															3
2012	3	9	10	20	24.822374	120.975976				8			50															3
2012	3	8	10	38	24.8356092	120.9235789	0	0	0	8	1	5	50	14	9	1	5	4	5	7	4	4	10	4	5	1	12	3
2012	3	8	13	47	24.8106611	120.962036				8			50															3
2012	3	9	7	44	24.8209741	120.973159				6			50															3
2012	3	3	7	40	24.80956585	120.9836403							50															3
2012	3	4	18	37	24.80386	120.964045				8			50															3
2012	3	5	13	50	24.803935	120.9677561				8			50															3
2012	3	9	17	41	24.80160565	120.9657943				8			20															3
2012	3	9	18	12	24.8198145	120.982437				8			50															3
2012	3	9	19	0	24.78884125	120.9799834				8			50															3
2012	3	9	19	26	24.7754266	120.9318316				6			50															3
2012	3	4	10	42	24.34623015	120.6264257	0	1	0	8	1	5	50	4	1	1	5	4	5	7	3	1	10	5	5	2	15	2
2012	3	4	14	15	24.34623015	120.6264257	0	1	0	8	1	5	50	3	1	1	5	4	5	7	4	4	10	5	5	2	16	2
2012	3	4	19	30	24.7883507	120.9286567	0	2	0	8	1	5	50	3	4	1	5	4	5	7	1	1	10	5	5	2	16	2
2012	3	7	13	34	24.7938784	120.9325555	0	1	0	7	1	5	50	4	2	1	5	4	5	7	3	1	10	1	5	2	29	2
2012	3	10	10	29	24.79925245	120.969281	0	0	0	8	1	5	40	14	9	1	5	4	5	7	4	4	5	5	5	1	13	3
2012	3	10	11	38	24.78811585	121.0193018				8			40															3
2012	3	9	17	9	24.8010377	120.9826702	0	2	0	8	1	5	50	3	1	1	5	4	5	7	1	1	10	5	5	2	17	2
2012	3	9	16	10	24.7964959	120.9448446				8			50															3
2012	3	10	8	22	24.819359	120.9825494				6			50															3
2012	3	10	11	25	24.7919685	121.0148844																						3
2012	3	8	18	55	29.55427525	106.56844	0	1	0	6	3	5	50	4	1	1	4	4	5	7	2	1	10	5	5	2	16	2
2012	3	10	20	31	24.796262	120.950847	0	2	0	7	3	5	50	14	9	1	5	4	5	7	4	4	1	4	5	2	13	2
2012	3	5	11	20	24.7729067	120.9770276				8			50															3
2012	3	5	8	0	24.7398079	120.9099832				8			40															3
2012	3	5	12	50	24.781939	121.022181				8			40															3
2012	3	4	11	0	24.808605	120.971289	0	1	0	8	1	5	50	15	9	1	5	4	5	7	4	4	1	5	5	2	16	2
2012	3	9	8	3	24.8496639	121.2292443				8			50															3
2012	3	9	10	5	24.8042903	120.9752282	0	1	0	8	1	5	50	5	2	1	5	4	5	7	1	1	5	4	5	2	13	2
2012	3	9	11	55	24.7571705	120.9484903				8			40															3
2012	3	9	16	45	24.81233	120.9779588	0	1	0	7	1	5	40	4	1	1	5	4	5	3	4	4	10	5	5	2	15	2
2012	3	9	18	30	24.81488335	120.9394568				8			90															3
2012	3	10	19	0	24.8115407	121.0257822				8			50															3
2012	3	8	12	33	24.79678815	120.960701				6			50															3
2012	3	7	15	31	24.7352141	120.912413	0	1	0	7	1	5	70	3	2	1	5	4	5	7	4	4	10	5	5	2	15	2
2012	3	9	11	30	24.8084612	120.9732763	0	1	0	7	1	5	50	4	1	1	4	4	5	7	4	4	10	5	5	2	16	2
2012	3	9	12	46	24.798646	120.964064	0	1	0	8	1	5	50	4	1	1	5	4	5	7	4	4	10	5	5	2	11	2
2012	3	9	14	56	24.7874802	121.0095148				8			50															3
2012	3	10	11	10	24.7965491	120.960726				6			50															3
2012	3	11	10	18	24.7603411	120.912261	0	2	0	6	1	5	50	14	8	1	4	4	5	7	4	4	1	4	4	2	12	2
2012	3	11	11	40	24.794277	121.000449				8			50															3
2012	3	6	18	32	24.790689	120.954561				8			50															3
2012	3	6	20	23	24.79420885	121.0120142	0	1	0	6	3	5	50	14	9	1	4	4	5	7	4	4	5	5	5	1	18	2
2012	3	7	16	58	24.7883322	120.9650302	0	2	0	7	2	5	50	4	1	1	5	4	5	7	4	4	10	5	5	2	15	2
2012	3	7	19	18	24.8408276	120.9370436				8			50															3
2012	3	11	10	50	24.8059281	120.952843				8			50															3
2012	3	11	15	30	24.7874802	121.0095148				8			50															3
2012	3	10	13	30	24.81488335	120.9394568				8			50															3
2012	3	10	17	30	24.7818596	121.0211214				8			50															3
2012	3	11	9	35	24.8119989	120.9644536							50															3
2012	3	11	12	30	24.7873656	121.0096554				8			50															3
2012	3	11	6	40	24.8027911	120.983175				8			50															3
2012	3	10	17	15	24.8457734	120.9275047				8			50															3
2012	3	11	20	40	24.8036849	120.9917121				6			50															3
2012	3	11	21	48	24.79873985	120.9637926				8			50															3
2012	3	11	23	24	24.787355	121.0109801	0	1	0	6	3	5	50	3	1	1	4	4	5	7	1	1	10	5	5	2	16	2
2012	3	12	1	45	24.8010749	120.9566095				8			50															3
2012	3	9	12	15	24.79373515	120.9667128	0	2	0	7	1	5	50	4	1	1	5	4	3	5	1	1	10	5	5	2	15	2
2012	3	12	8	20	24.78155805	120.9863351				8			50															3
2012	3	9	12	24	24.78433475	121.0119963				8			50															3
2012	3	12	7	47	24.7954365	120.9805399				8			50															3
2012	3	9	14	35	24.8203515	120.9736227				6			50															3
2012	3	12	7	36	24.801167	120.959709	0	2	0	8	1	5	50	3	1	1	5	4	5	7	4	4	10	5	5	2	16	2
2012	3	12	8	40	24.8040923	120.9749115				8			50															3
2012	3	12	8	47	24.8036849	120.9917121				8			50															3
2012	3	12	10	3	23.8548668	120.983603				8			50															3
2012	3	12	11	37	24.7959061	120.969745	0	2	0	8	1	5	50	4	1	1	5	4	5	7	4	4	10	5	5	2	12	2
2012	3	12	13	10	24.7771139	120.9467465	0	1	0	7	1	5	50	14	9	1	5	4	5	7	4	4	10	5	5	2	11	2
2012	3	12	17	21	24.8115361	120.955678				6			50															3
2012	3	12	15	10	24.814041	120.979555	0	1	0	6	1	5	50	14	9	1	4	4	5	7	4	4	9	5	5	1	17	2
2012	3	12	19	20	24.7862605	121.0109473	0	1	0	6	3	5	50	15	9	1	4	4	5	7	4	4	5	4	5	2	16	2
2012	3	12	22	45	24.799646	120.924329				8			40															3
2012	3	12	20	35	24.80481	120.970235	0	2	0	6	3	5	50	14	9	1	4	4	5	7	4	4	5	4	5	2	3	2
2012	3	12	22	7	23.8333047	120.4693168				8			50															3
2012	3	6	13	30	24.781986	121.022925				8			50															3
2012	3	6	16	56	24.80113405	120.9870671	0	1	0	8	1	5	50	4	1	1	5	4	5	7	1	1	10	5	5	2	16	2
2012	3	6	20	0	24.788754	120.928123				8			40															3
2012	3	10	7	51	24.79834225	120.9906022				8			50															3
2012	3	11	19	3	24.7829201	121.018155				8			50															3
2012	3	13	7	20	24.81331	121.029298				8			40															3
2012	3	13	8	35	24.7896991	121.000851				8			40															3
2012	3	13	7	35	24.7447381	120.90611	0	1	0	7	1	5	50	14	9	1	5	4	5	7	4	4	9	5	5	1	16	2
2012	3	10	12	9	24.8139651	120.97962				8			50															3
2012	3	13	7	50	24.8150922	120.9852896							50															3
2012	3	13	8	50	24.8102571	120.967115	0	1	0	7	1	5	50	14	9	1	5	4	3	7	4	4	5	5	5	2	11	2
2012	3	13	8	5	24.756738	120.952537				8			40															3
2012	3	13	8	46	24.756738	120.952537				8			40															3
2012	3	10	13	15	31.3512963	120.9811634				8			50															3
2012	3	10	14	47	24.79412755	121.013257				8			50															3
2012	3	8	14	5	24.8150922	120.9852896							50															3
2012	3	3	15	50	24.8036849	120.9917121	0	2	0	7	1	5	50	4	1	1	5	4	5	7	1	1	10	5	5	2	16	2
2012	3	13	14	30	24.800847	120.960624				8			50															3
2012	3	12	16	34	24.793913	121.000827				6			50															3
2012	3	12	18	20	24.774449	120.96732	0	2	0	6	4	5	50	14	9	1	4	4	5	7	4	4	5	5	5	2	3	2
2012	3	13	20	13	24.795318	120.979826				6			50															3
2012	3	13	19	55	24.8042116	120.9705392	0	1	0	6	3	5	50	16	9	1	3	4	5	7	4	4	1	4	5	2	12	2
2012	3	12	19	32	24.79441245	120.9718352				6			50															3
2012	3	12	15	44	24.83794545	120.9336942	0	2	0	6	1	5	80	14	7	1	4	4	5	7	4	4	2	4	2	2	13	2
2012	3	12	14	37	24.8042903	120.9752282	0	1	0	7	1	5	50	5	1	1	5	4	5	7	1	1	10	5	5	2	3	2
2012	3	14	3	13	24.81359	120.96656				8			50															3
2012	3	14	4	3	24.8076925	120.9326681	1	2	0	6	3	5	50	14	9	1	4	4	5	7	4	4	5	5	5	1	26	1
2012	3	13	17	10	24.7920811	120.941822				6			50															3
2012	3	14	9	0	24.8104692	120.9513379				6			50															3
2012	3	14	11	3	24.77846	120.981905				8			50															3
2012	3	14	13	23	24.8078458	120.9721101	0	0	0	6	1	5	50	14	9	1	4	4	5	7	4	4	10	5	5	1	12	3
2012	3	12	23	38	24.8356092	120.9235789	0	2	0	8	3	5	50	14	9	1	5	4	5	7	4	4	3	4	5	2	13	2
2012	3	13	17	49	24.7681185	120.9634115	0	1	0	6	3	5	50	14	9	1	4	4	5	7	4	4	5	5	5	2	18	2
2012	3	14	7	20	24.8047718	120.9556443				6			50															3
2012	3	14	10	28	24.7946707	120.9402395				6			50															3
2012	3	13	17	25	24.81957355	120.9836057				6			50															3
2012	3	14	16	20	24.799519	120.998506				6			50															3
2012	3	14	18	20	24.79311235	121.0115108	0	1	0	8	3	5	50	14	9	1	4	4	5	7	4	4	1	4	5	1	12	2
2012	3	14	18	40	24.8204981	120.97698							50															3
2012	3	14	18	54	24.783466	121.0182734				8			50															3
2012	3	14	20	28	24.782097	121.021519				8			50															3
2012	3	14	21	27	24.7932831	121.001211				6			50															3
2012	3	14	22	25	24.796862	120.960454	0	1	0	8	3	5	50	14	9	1	5	4	5	7	4	4	5	5	4	2	16	2
2012	3	13	10	18	24.818963	120.995719				8			50															3
2012	3	13	17	3	24.7871221	120.967324	0	1	0	7	3	5	50	14	9	1	5	4	5	7	4	4	5	5	5	1	16	2
2012	3	12	11	30	24.8020701	120.967471				8			50															3
2012	3	15	8	10	24.836213	120.943797				8			50															3
2012	3	15	8	1	24.79311235	121.0115108	0	1	0	7	1	5	50	14	9	1	4	4	5	7	4	4	9	5	5	2	16	2
2012	3	14	17	50	24.8122331	120.988232				6			50															3
2012	3	15	8	13	24.8123631	120.961801				8			50															3
2012	3	15	10	16	24.781075	121.02521				6			50															3
2012	3	15	9	40	24.7969321	120.957342				8			50															3
2012	3	15	12	3	24.7982082	120.994391	0	1	0	8	1	5	50	14	9	1	5	4	5	7	4	4	1	5	5	2	13	2
2012	3	15	13	43	24.79371895	120.9667093	0	1	0	8	1	5	50	4	1	1	5	4	5	7	4	4	10	5	5	2	12	2
2012	3	15	17	9	24.802531	120.981314				8			50															3
2012	3	15	18	50	24.789487	120.965756				8			50															3
2012	3	15	18	56	24.816033	120.974664				8			50															3
2012	3	15	18	38	24.83794545	120.9336942	0	1	0	4	3	5	50	4	2	1	5	4	5	7	2	1	1	4	4	1	13	2
2012	3	1	18	23	24.79031295	120.9352439	0	1	0	8	3	5	50	4	18	1	5	4	5	7	1	1	10	5	5	2	3	2
2012	3	11	10	40	24.7689516	121.0044942				6			50															3
2012	3	11	7	25	24.8098554	120.9892677				6			50															3
2012	3	14	17	31	24.7671821	120.9482242	0	1	0	6	1	5	40	12	9	1	4	4	5	7	4	4	6	5	5	1	18	2
2012	3	15	19	40	24.7773363	121.0258281				8			50															3
2012	3	15	21	45	24.7944688	121.0031731				8			50															3
2012	3	4	16	0	24.7962581	120.997838				8			50															3
2012	3	7	13	50	24.7964417	120.996665							50															3
2012	3	7	9	2	24.7882139	120.9286821							50															3
2012	3	8	22	16	24.7975598	120.995739				8			50															3
2012	3	15	16	32	24.797232	120.9637474	0	1	0	7	1	5	50	14	9	1	5	4	5	7	4	4	5	4	5	1	16	2
2012	3	2	21	49	24.79443345	120.9471884	0	2	0	8	3	5	50	14	9	1	5	4	5	7	4	4	3	4	5	1	14	2
2012	3	15	18	17	24.802854	120.960397	0	2	0	7	3	5	50	14	9	1	5	4	5	7	4	4	5	5	5	1	16	2
2012	3	15	19	44	24.7913726	120.9626519				8			50															3
2012	3	3	20	58	24.797725	120.973696				8			50															3
2012	3	16	7	20	24.810682	120.9787733	0	1	0	8	1	5	50	14	9	1	5	4	5	7	4	4	10	5	5	2	15	2
2012	3	16	10	8	24.78269605	120.9645186				8			40															3
2012	3	3	13	8	24.8029181	120.97155	0	0	0	8	1	5	50	14	9	1	5	4	5	7	4	4	10	4	5	2	12	3
2012	3	13	18	20	24.7978954	120.9562542				8			50															3
2012	3	16	15	58	24.8013374	120.9702389				8			50															3
2012	3	16	19	30	24.7995771	120.957276	0	3	0	8	3	5	50	14	9	1	5	4	5	7	4	4	5	5	5	2	3	2
2012	3	15	17	24	24.7991891	120.9533827	0	2	0	8	1	5	50	3	1	1	5	4	5	7	4	4	5	4	5	2	3	2
2012	3	2	17	38	24.8105021	120.9820787	0	1	0	8	3	5	50	3	1	1	5	4	5	6	2	1	10	5	5	2	16	2
2012	3	16	21	20	24.8085571	120.96522	0	1	0	8	3	5	50	14	9	1	5	4	5	7	4	4	5	4	5	2	17	2
2012	3	16	19	10	24.783335	121.018046				8			50															3
2012	3	15	8	0	24.8147874	120.9808653				8			50															3
2012	3	15	9	30	24.78189075	121.0250699				8			50															3
2012	3	17	1	26	24.7998332	120.9681025				8			50															3
2012	3	16	18	4	24.8074951	120.963378	0	1	0	8	3	5	50	4	1	1	5	4	5	7	3	1	10	5	5	2	3	2
2012	3	16	17	35	24.78777575	121.010277				8			40															3
2012	3	8	7	28	24.8409724	120.9326034				8			50															3
2012	3	16	19	32	24.810285	120.968379	0	1	0	8	3	5	50	14	9	1	5	4	5	7	4	4	5	4	5	2	12	2
2012	3	8	8	55	24.78759	121.003991				8			40															3
2012	3	16	21	41	24.8496763	121.229232	0	2	0	8	3	5	50	3	1	1	5	4	5	7	1	1	10	5	5	2	16	2
2012	3	3	11	16	24.7956271	120.971918	0	2	0	8	1	5	50	4	1	1	5	4	5	7	4	4	10	5	5	2	15	2
2012	3	13	16	19	24.7834351	121.02266	0	1	0	8	1	5	50	14	9	1	5	4	5	7	4	4	5	5	5	1	13	2
2012	3	13	17	49	24.8030053	120.9934557				6			50															3
2012	3	17	17	30	24.7964417	120.996665	0	2	0	8	1	5	50	3	1	1	5	4	5	7	2	1	10	5	5	2	16	2
2012	3	13	18	44	24.7815773	120.9191841	0	1	0	6	3	5	50	14	8	1	4	4	5	6	4	4	1	4	4	2	13	2
2012	3	13	20	20	24.79382215	120.9370932	0	1	0	6	3	5	50	14	8	1	4	4	5	7	4	4	4	4	4	2	13	2
2012	3	3	11	10	24.8066764	120.9774607				8			50															3
2012	3	3	14	17	24.7461546	120.9063973				8			70															3
2012	3	14	9	53	24.7737493	120.9667944	0	1	0	8	1	5	50	14	9	1	4	4	5	7	4	4	5	4	5	1	16	2
2012	3	14	14	39	24.7926	121.002582				6			50															3
2012	3	3	8	58	24.805213	120.970007				8			50															3
2012	3	3	18	20	24.7922354	120.9323808	0	3	0	8	3	5	50	4	1	1	5	4	5	7	1	1	10	5	5	2	16	2
2012	3	4	20	38	24.814775	120.9756118				8			40															3
2012	3	8	6	49	24.8093509	120.9611764				6			50															3
2012	3	5	18	59	23.7906725	121.0173356				8			50															3
2012	3	5	23	26	24.7882139	120.9286821	0	1	0	8	3	5	50	3	1	1	5	4	5	7	4	4	10	5	5	2	16	2
2012	3	8	8	23	24.8193477	120.9955776				8			50															3
2012	3	8	17	24	24.8007201	120.947092				8			50															3
2012	3	8	11	20	24.7832442	121.0177491				8			50															3
2012	3	10	21	52	24.8041186	120.967605				8			50															3
2012	3	17	12	11	24.79783485	120.9773782				8			50															3
2012	3	17	14	57	24.790798	121.0055625				8			50															3
2012	3	17	16	55	24.8042903	120.9752282	0	1	0	8	1	5	50	5	1	1	5	4	5	7	1	1	10	5	5	2	16	2
2012	3	16	18	16	24.7827482	120.9329203				8			40															3
2012	3	17	18	25	24.79760605	121.0029783				8			50															3
2012	3	17	17	48	24.7914899	121.0176238				8			50															3
2012	3	14	1	21	24.7318662	120.9153228				8			70															3
2012	3	16	20	57	24.8025545	120.9746646				8			50															3
2012	3	13	18	53	24.7914624	120.9394129	0	1	0	6	3	5	50	14	8	1	4	4	5	7	4	4	1	4	4	2	12	2
2012	3	14	17	10	24.7973711	120.976373	0	1	0	7	1	5	50	3	2	1	5	4	5	7	4	4	10	5	5	2	16	2
2012	3	17	17	30	24.795552	120.99867				8			50															3
2012	3	17	15	47	24.7969389	120.9650013				8			30															3
2012	3	18	12	15	24.8041543	120.9721482	0	1	0	8	1	5	50	3	9	1	5	4	5	7	4	4	10	5	5	2	16	2
2012	3	18	12	3	24.814573	120.962322	0	1	0	8	1	5	50	14	9	1	5	4	5	7	4	4	5	4	5	1	13	2
2012	3	14	18	39	24.79311235	121.0115108	0	1	0	7	3	5	20	14	20	4	5	4	5	7	4	4	2	4	4	2	18	2
2012	3	18	10	48	24.8015611	120.968833	0	2	0	7	1	5	50	14	9	1	5	4	5	7	4	4	5	4	5	2	9	2
2012	3	13	16	17	23.8548668	120.983603	0	2	0	8	1	5	50	3	4	1	5	4	5	7	1	1	10	5	5	2	13	2
2012	3	17	16	29	24.7991891	120.9533827				8			50															3
2012	3	18	7	37	24.7936086	120.973923				8			50															3
2012	3	18	16	53	24.7972321	120.9763885				8			50															3
2012	3	12	18	6	24.8021045	120.986996				8			40															3
2012	3	8	9	44	24.796667	120.967721	0	1	0	8	1	5	50	14	9	1	5	4	5	7	4	4	9	5	5	2	16	2
2012	3	18	18	40	24.7318662	120.9153228	0	1	0	8	1	5	50	3	1	1	5	4	5	7	1	1	10	5	5	2	13	2
2012	3	18	19	35	24.79508805	120.9656146	0	2	0	8	3	5	50	3	1	1	5	4	5	7	4	4	9	4	5	2	16	2
2012	3	9	18	58	24.799674	120.951903				8			50															3
2012	3	18	20	20	24.87138245	121.012719				8			50															3
2012	3	18	21	15	24.83324075	120.9468056	0	0	0	8	4	5	50	14	9	1	4	4	5	7	4	4	5	5	5	1	13	3
2012	3	18	23	23	24.8089501	120.971004				8			50															3
2012	3	12	11	25	24.799768	120.957388	0	1	0	8	1	5	50	3	1	1	5	4	5	7	4	4	10	5	5	2	16	2
2012	3	12	17	45	24.815364	120.928633				6			50															3
2012	3	14	9	40	24.7910677	121.0049133				6			50															3
2012	3	14	10	49	24.8096984	120.9793707				6			50															3
2012	3	18	18	38	24.79760605	121.0029783	0	1	0	8	3	5	50	15	9	1	5	4	5	7	4	4	10	5	5	2	16	2
2012	3	11	17	15	24.814492	120.97441				8			50															3
2012	3	19	7	44	24.7924614	121.0067013				8			50															3
2012	3	19	8	30	24.8162416	120.9938825	0	1	0	8	1	5	50	14	9	1	5	4	5	7	4	4	5	4	5	2	12	2
2012	3	19	10	15	24.7800331	120.9862256				8			50															3
2012	3	16	12	22	24.7959071	120.967615	0	1	0	8	1	5	50	14	9	1	5	4	5	7	4	4	10	5	5	2	11	2
2012	3	19	11	50	24.7961851	120.950477	0	1	0	8	1	5	50	14	9	1	5	4	5	7	4	4	3	4	4	2	17	2
2012	3	19	8	40	24.7926731	121.002747				8			50															3
2012	3	19	9	18	24.7834889	121.0141159				8			50															3
2012	3	19	11	50	24.8430191	120.933365				8			50															3
2012	3	19	14	20	24.791954	121.0150914				8			50															3
2012	3	13	17	25	24.8045291	120.973161	0	1	0	6	1	5	50	14	9	1	4	4	5	7	4	4	9	5	5	2	3	2
2012	3	19	14	35	24.8188992	120.9718958	0	1	0	7	1	5	50	14	9	1	5	4	5	7	4	4	10	5	5	2	16	2
2012	3	19	7	35	24.794797	120.979327	0	2	0	8	1	5	50	14	9	1	5	4	5	7	4	4	9	4	5	2	16	2
2012	3	19	12	35	24.7777953	120.9404076	0	1	0	8	1	5	50	3	1	1	5	4	5	7	1	1	10	5	5	2	12	2
2012	3	14	11	20	24.8150922	120.9852896				8			50															3
2012	3	17	12	5	24.8096229	120.9773095	0	1	0	8	1	5	50	14	9	1	5	4	5	7	4	4	5	4	5	1	13	2
2012	3	19	16	27	24.8083178	120.9672934	0	1	0	7	1	5	50	3	18	1	5	4	5	7	4	4	10	5	5	2	3	2
2012	3	17	13	50	24.7924614	121.0067013	0	1	0	8	1	5	50	3	1	1	5	4	5	7	4	4	10	5	5	2	16	2
2012	3	19	16	50	24.8032071	120.978552	0	1	0	8	1	5	50	3	1	1	5	4	5	7	4	4	10	5	5	2	16	2
2012	3	14	7	30	24.7998332	120.9681025				6			50															3
2012	3	14	9	26	24.81488335	120.9394568				6																		3
2012	3	14	14	13	24.8142981	120.977721				6			50															3
2012	3	14	10	25	24.81913655	120.9956861				6			50															3
2012	3	16	10	5	24.8019741	121.0001719				8			50															3
2012	3	16	11	50	24.7929205	121.0125589				8			51															3
2012	3	16	13	37	24.8044523	120.9702289				8			50															3
2012	3	19	18	35	24.7936467	120.9679651	0	2	0	8	3	5	50	14	9	1	5	4	5	7	4	4	9	5	5	1	16	2
2012	3	19	21	0	24.784131	120.932202	0	1	0	8	3	5	40	11	9	1	5	4	5	7	4	4	5	5	5	1	13	2
2012	3	19	16	0	24.7721246	120.9656952	0	1	0	7	1	5	40	12	9	1	5	4	5	2	4	4	5	4	5	1	17	2
2012	3	20	1	40	24.8139388	120.9704159				8			50															3
2012	3	19	17	18	24.8028711	120.968586				8			50															3
2012	3	20	13	13	24.7915741	121.004045				8			50															3
2012	3	20	11	45	24.81021755	121.0290879				8			50															3
2012	3	17	12	52	24.8081521	120.962962				8			50															3
2012	3	17	11	46	23.8548668	120.983603	0	1	0	8	1	5	50	5	2	1	5	4	5	7	1	1	10	5	5	2	29	2
2012	3	19	14	25	24.8412291	120.923598	0	3	0	7	1	5	50	14	9	1	5	4	5	7	4	4	5	5	5	1	16	2
2012	3	20	7	55	24.801099	120.986082	0	1	0	8	1	8	50	14	9	1	5	4	5	7	4	4	5	4	5	2	16	2
2012	3	17	13	40	24.8684988	120.9533201	0	1	0	8	1	5	40	14	8	1	5	4	5	7	4	4	2	4	2	1	18	2
2012	3	17	16	1	24.8009351	120.9698904				8			50															3
2012	3	19	17	21	24.803137	120.973007				8			50															3
2012	3	20	7	40	24.789712	121.01965	0	1	0	8	1	5	50	3	1	1	5	4	5	7	4	4	10	5	5	2	16	2
2012	3	20	18	6	24.8012404	120.9725802	0	2	0	8	3	5	50	3	1	1	5	4	5	7	4	4	10	5	5	2	16	2
2012	3	20	17	35	24.79044695	120.9766564	0	2	0	8	1	5	50	14	9	1	5	4	5	7	4	4	1	4	5	2	16	2
2012	3	20	19	15	24.81163	120.981703	0	1	0	8	3	5	50	3	9	1	5	4	5	7	4	4	10	5	5	2	3	2
2012	3	20	22	39	24.81164155	120.9819713				8			50															3