年	月	日	時	分	GoogleLat	GoogleLng	死	受傷	2-30	天候	光線	道路類別	速限	道路型態	事故位置	路面鋪裝	路面狀態	路面缺陷	障礙物	視距	號誌種類	號誌動作	分向設施	快車道或一般車道間	快慢車道間	路面邊線	事故類型及型態	事故類別
2012	3	21	2	16	24.8004588	120.9561008				8			50															3
2012	3	20	19	32	24.797232	120.9637474	0	2	0	7	3	5	50	3	2	1	5	4	5	7	4	4	5	4	5	2	16	2
2012	3	20	22	20	24.8044092	120.9774476	0	1	0	7	3	5	40	3	1	1	5	4	5	7	4	4	10	5	5	2	16	2
2012	3	21	0	7	24.8137323	120.9674304	0	2	0	7	3	5	50	4	1	1	5	4	5	7	1	1	10	5	5	2	16	2
2012	3	20	18	22	24.787355	121.0109801				8			50															3
2012	3	21	8	30	24.7597091	120.9584529	0	1	0	7	1	5	70	14	9	1	5	4	5	7	4	4	1	4	5	1	12	2
2012	3	21	12	6	24.781507	121.02474				8			40															3
2012	3	21	11	59	24.784442	121.01517	0	2	0	8	1	5	50	14	9	1	5	4	5	7	4	4	5	4	5	1	16	2
2012	3	21	12	51	24.8144528	120.9790626				8			50															3
2012	3	21	11	45	24.799768	120.957388	0	1	0	7	1	5	50	14	9	1	5	4	5	7	4	4	5	5	5	1	12	2
2012	3	21	15	49	24.79311235	121.0115108				8			25															3
2012	3	20	22	24	24.79509185	120.9708905	0	1	0	8	3	5	50	3	2	1	5	4	5	7	4	4	5	5	5	2	13	2
2012	3	7	10	23	24.7998332	120.9681025	0	1	0	8	1	5	50	3	1	1	5	4	5	7	4	4	10	5	5	2	16	2
2012	3	21	19	0	24.7919991	121.003626	0	1	0	7	3	5	50	15	9	1	5	4	5	7	4	4	1	4	5	2	12	2
2012	3	21	20	40	24.8331464	120.9483426	0	2	0	7	3	5	50	3	1	1	5	4	5	7	1	1	10	5	5	2	16	2
2012	3	21	21	35	24.8049881	120.971596				8			50															3
2012	3	21	22	26	24.7815838	121.0170363	0	1	0	7	3	5	50	3	1	1	5	4	5	7	1	1	10	5	5	2	16	2
2012	3	21	23	25	24.8256414	120.9566902				8			50															3
2012	3	6	8	0	31.3512963	120.9811634				8			50															3
2012	3	8	5	0	24.8066378	120.9639509	0	1	0	8	3	5	50	14	9	1	5	4	5	7	4	4	10	5	5	2	14	2
2012	3	7	17	19	24.78960665	120.9319469				8			60															3
2012	3	9	19	19	24.80796295	120.9738217				8			50															3
2012	3	9	20	8	24.8025948	120.9623823	0	1	0	7	3	5	50	4	1	1	5	4	5	7	4	4	10	5	5	2	3	2
2012	3	9	23	16	24.8078863	120.9580757	0	2	0	8	3	5	50	4	2	1	4	4	5	7	1	1	1	4	5	2	16	2
2012	3	14	10	5	24.8037381	121.006714				6			50															3
2012	3	6	9	40	24.781861	121.023944	0	1	0	8	1	5	50	14	9	1	5	4	5	7	4	4	5	4	5	2	12	2
2012	3	9	18	57	24.8038381	120.9562449	0	2	0	8	3	5	40	14	9	1	5	4	5	7	4	4	10	5	5	1	3	2
2012	3	4	9	46	24.7919231	121.002881				8			50															3
2012	3	22	7	53	24.80468745	120.9880254				6			50															3
2012	3	21	17	41	24.7968745	120.9594703				8			50															3
2012	3	22	7	58	24.8138421	120.955047				8			50															3
2012	3	18	10	15	24.8089801	120.960513				8			50															3
2012	3	18	12	0	24.8333624	121.0065953				8			30															3
2012	3	9	19	52	24.81535195	120.9676006				8			50															3
2012	3	22	8	54	24.79509185	120.9708905				8			40															3
2012	3	22	7	45	24.8030601	120.96468	0	2	0	6	1	5	50	4	1	1	4	4	5	7	4	4	10	4	5	2	16	2
2012	3	9	22	41	24.788939	120.929269				8			50															3
2012	3	22	10	53	24.8088418	120.9744819				8			50															3
2012	3	18	15	40	24.843846	120.9391903				8			50															3
2012	3	22	9	18	24.8116702	121.022322	0	1	0	8	1	5	40	8	9	1	5	4	5	7	4	4	1	4	5	2	18	2
2012	3	22	13	6	24.7986605	120.9977305				8			50															3
2012	3	17	4	4	24.7905571	120.925557				8			50															3
2012	3	19	8	0	24.80085545	120.9916275				8			50															3
2012	3	22	6	40	24.7944368	120.9718789				8			50															3
2012	3	22	14	19	24.8044523	120.9702289				8			50															3
2012	3	22	16	10	24.7853328	121.0128037				8			50															3
2012	3	22	15	10	24.8084811	120.966364				8			50															3
2012	3	17	13	0	24.809066	120.975668				8			50															3
2012	3	14	19	19	24.8219504	120.9716382	0	1	0	8	3	5	50	4	1	1	5	4	5	7	1	1	10	5	5	2	11	2
2012	3	21	10	10	24.795583	120.998635				8			50															3
2012	3	18	11	47	24.7786679	121.0190966				8			50															3
2012	3	18	14	22	24.8025948	120.9623823				8			50															3
2012	3	7	21	5	24.7975598	120.995739	0	1	0	8	3	5	50	14	9	1	5	4	5	7	4	4	9	4	5	2	13	2
2012	3	9	0	15	24.8194681	120.995232				6			50															3
2012	3	23	1	50	24.795792	120.971823	0	2	0	8	3	5	40	4	1	1	5	4	5	7	1	1	10	5	5	2	16	2
2012	3	9	5	20	24.7869672	120.9257258	0	1	0	6	3	5	50	14	9	1	4	4	5	7	4	4	10	4	4	1	2	2
2012	3	22	13	10	24.7759486	121.0243116	0	1	0	8	1	5	50	14	9	1	5	4	5	7	4	4	1	5	5	2	12	2
2012	3	22	19	54	24.7789755	120.9367845	0	2	0	8	3	5	50	14	9	1	5	4	5	7	4	4	5	5	5	2	16	2
2012	3	22	16	0	24.80700685	120.9319304				8			50															3
2012	3	23	8	52	24.77701055	121.0204403	0	1	0	8	1	5	50	4	1	1	5	4	5	7	4	4	10	5	5	2	15	2
2012	3	17	17	20	24.76474355	120.9772323				8			50															3
2012	3	23	8	23	24.7968018	120.9592889				8			50															3
2012	3	9	14	55	24.7543106	121.0066752	0	1	0	8	1	5	50	14	9	1	5	4	3	5	4	4	10	5	5	2	10	2
2012	3	9	18	0	24.7816661	121.023566	0	2	0	8	3	5	50	14	9	1	5	4	5	7	4	4	9	4	5	2	3	2
2012	3	23	11	40	24.79472835	120.9478168				8																		3
2012	3	10	8	20	24.805301	120.9227275	0	2	0	8	1	5	50	14	9	1	5	4	5	7	4	4	10	2	5	2	11	2
2012	3	22	20	30	24.8000818	120.9684894	0	1	0	7	3	5	50	14	9	1	5	4	5	7	4	4	9	5	5	2	16	2
2012	3	23	11	42	30.545	114.308421	0	2	0	8	1	5	50	3	1	1	5	4	5	7	1	1	10	5	5	2	13	2
2012	3	23	14	29	24.7981701	120.970119	0	2	0	8	1	5	50	14	9	1	5	4	5	7	4	4	9	5	5	2	16	2
2012	3	23	13	19	24.8155548	120.9907403	0	1	0	8	1	5	50	14	9	1	5	4	5	7	4	4	1	4	5	1	12	2
2012	3	23	14	13	24.8103111	120.965972	0	1	0	8	1	5	50	14	9	1	5	4	5	7	4	4	10	5	5	2	16	2
2012	3	23	11	15	24.7871225	120.9169831				8			50															3
2012	3	21	21	20	24.7568791	120.952271				8			50															3
2012	3	11	15	1	24.7954365	120.9805399	0	1	0	7	1	5	50	3	2	1	5	4	5	7	2	1	10	5	5	2	16	2
2012	3	22	17	56	24.797594	120.9527627				8			50															3
2012	3	14	7	17	24.8096317	120.9835934				8			50															3
2012	3	12	8	17	24.78938275	121.0009366				8			50															3
2012	3	12	7	19	24.799303	120.990963				8			30															3
2012	3	16	16	42	24.797643	120.978667				8			50															3
2012	3	16	7	48	24.8018975	120.9766655	0	1	0	8	1	5	50	14	9	1	5	4	5	7	4	4	9	5	5	2	16	2
2012	3	16	17	40	24.7860539	121.0024861				8			50															3
2012	3	15	8	46	24.796624	120.955658	0	1	0	8	1	5	50	14	9	1	5	4	5	7	4	4	5	5	5	1	12	2
2012	3	16	12	21	24.79107065	120.9279885				8			50															3
2012	3	12	13	0	24.812933	120.9658931				8			50															3
2012	3	4	13	43	24.791798	121.003727				8			50															3
2012	3	4	15	32	24.768857	120.97723				8			40															3
2012	3	4	18	42	24.783583	121.016174				8			50															3
2012	3	17	1	14	24.799053	120.963739	0	1	0	8	3	5	50	4	2	1	5	4	5	6	4	4	10	5	5	2	16	2
2012	3	23	18	0	24.8027741	120.969787	0	1	0	6	3	5	50	14	9	5	4	4	5	7	4	4	10	5	5	2	3	2
2012	3	24	7	10	24.810191	120.966032				6			50															3
2012	3	23	13	49	24.8147153	120.9796905	0	2	0	8	1	5	50	4	1	1	5	4	5	7	2	1	10	5	5	2	17	2
2012	3	18	20	1	24.8042903	120.9752282				8																		3
2012	3	17	6	48	24.7996969	120.9515923				8			50															3
2012	3	18	18	55	24.7929205	121.0125589				6			50															3
2012	3	24	17	29	24.746887	120.90631				8			50															3
2012	3	18	16	13	24.803706	120.960158				8			50															3
2012	3	19	10	55	24.7874441	121.005408	0	1	0	8	1	5	50	5	1	1	5	4	5	7	4	4	1	4	5	2	16	2
2012	3	9	18	30	24.83000025	120.9273822				8			50															3
2012	3	15	18	58	24.83324075	120.9468056	0	1	0	8	3	5	50	3	1	1	5	4	5	6	4	4	10	5	5	2	16	2
2012	3	19	13	33	24.817494	120.972037				8			50															3
2012	3	24	21	30	24.79509185	120.9708905				8			50															3
2012	3	24	23	29	24.796174	120.955803	0	2	0	7	3	5	50	14	9	1	5	4	5	7	4	4	5	5	5	2	16	2
2012	3	18	11	15	24.8180501	120.994331	0	1	0	8	1	5	50	14	9	1	5	4	5	7	4	4	1	5	5	2	17	2
2012	3	9	23	7	24.7815001	121.024833	0	1	0	6	3	5	50	14	9	1	4	4	5	7	4	4	5	4	5	2	16	2
2012	3	10	20	51	24.8099121	120.921477	0	1	0	7	3	5	40	14	9	1	5	4	5	7	4	4	5	5	5	2	3	2
2012	3	21	13	48	24.80160565	120.9657943				8			30															3
2012	3	21	20	0	24.7585468	120.9585146	0	1	0	8	3	5	50	14	9	1	5	4	5	7	1	1	1	4	5	2	13	2
2012	3	10	22	13	24.7964417	120.996665				8			50															3
2012	3	11	15	17	24.790798	121.0055625				8			50															3
2012	3	11	17	20	24.7990537	120.927081				6			40															3
2012	3	12	11	54	24.7946141	120.972418				8			50															3
2012	3	25	10	10	24.7884154	120.9680175				8			50															3
2012	3	23	21	40	24.797232	120.9637474	0	1	0	7	3	5	50	8	9	1	4	4	5	7	4	4	5	5	5	2	2	2
2012	3	24	2	0	24.34623015	120.6264257				8			50															3
2012	3	24	13	45	24.79629595	120.9399026	0	1	0	8	1	5	50	4	1	1	5	4	5	7	3	1	10	5	5	2	10	2
2012	3	25	14	30	24.817944	120.995134				8			50															3
2012	3	21	15	53	24.7427097	120.9082379	0	1	0	8	1	5	50	14	9	1	5	4	5	7	4	4	1	4	4	1	18	2
2012	3	24	16	42	24.7874802	121.0095148				8			50															3
2012	3	25	11	14	24.7932831	121.001211				8			50															3
2012	3	25	12	58	24.815058	120.967519	0	2	0	8	1	5	50	14	9	1	5	4	5	7	4	4	5	5	5	1	16	2
2012	3	12	12	39	24.7847694	121.0181367				8			50															3
2012	3	10	8	22	24.2326193	120.6673515	0	1	0	6	1	5	50	4	1	1	4	4	5	7	2	1	10	5	5	2	16	2
2012	3	25	14	8	24.8231551	120.958416	0	2	0	8	1	5	50	14	9	1	5	4	5	7	4	4	9	4	5	1	16	2
2012	3	10	18	18	24.8150922	120.9852896				8			50															3
2012	3	6	18	21	24.7968531	120.962521	0	2	0	8	3	5	50	14	9	1	5	4	5	7	4	4	9	4	5	1	2	2
2012	3	10	13	50	24.806693	120.97575				8			50															3
2012	3	10	12	23	24.8398341	120.937989	0	2	0	8	1	5	50	14	9	1	5	4	5	7	2	1	5	5	5	1	16	2
2012	3	25	18	11	24.8042903	120.9752282				8			50															3
2012	3	25	18	45	24.7884154	120.9680175				8			50															3
2012	3	11	11	42	24.756684	120.9059196				8			50															3
2012	3	11	13	39	24.812574	120.964232	0	3	0	6	1	5	50	3	1	1	4	4	5	7	4	4	10	5	5	2	16	2
2012	3	25	23	41	24.8256414	120.9566902	0	0	0	8	3	5	50	11	9	1	5	4	5	1	4	4	4	5	5	1	19	3
2012	3	19	10	30	24.8367118	121.0051265	0	0	0	8	1	5	50	14	9	1	5	4	5	7	4	4	10	4	5	2	17	3
2012	3	23	7	9	24.8210508	120.9683298				8			50															3
2012	3	13	8	28	24.790884	120.934807				8			50															3
2012	3	16	6	49	23.8548668	120.983603	0	1	0	8	1	4	50	14	9	1	5	4	5	7	4	4	5	5	5	2	16	2
2012	3	16	17	53	31.3512963	120.9811634				8			50															3
2012	3	16	9	56	24.77925155	120.9504576				8			50															3
2012	3	23	11	21	24.8058295	120.9739947	0	1	0	8	1	5	50	4	1	1	5	4	5	7	1	1	10	5	5	2	16	2
2012	3	25	15	25	24.8004481	120.984191				8			50															3
2012	3	25	18	40	24.7585468	120.9585146				8			50															3
2012	3	26	7	20	24.7939919	120.9623443				8			50															3
2012	3	26	7	40	24.81567	120.9889339	0	1	0	8	1	5	50	4	1	1	5	4	5	7	1	1	10	5	5	2	16	2
2012	3	26	8	39	24.7809411	121.026143	0	2	0	8	1	5	50	3	1	1	5	4	5	7	1	1	10	5	5	2	10	2
2012	3	22	12	22	24.8147874	120.9808653				8			50															3
2012	3	26	10	55	24.7902002	120.965189	0	2	0	8	1	5	50	14	9	1	5	4	5	7	4	4	5	5	5	2	16	2
2012	3	26	8	0	24.8033933	120.9790255				8			50															3
2012	3	26	10	21	24.7911971	120.9265114	0	2	0	8	1	5	50	14	9	1	5	4	5	7	4	4	5	5	5	2	16	2
2012	3	26	8	55	24.7910277	121.0077548				8			50															3
2012	3	22	16	3	24.7991891	120.9533827				8			50															3
2012	3	26	10	40	24.8145681	120.991732				8			50															3
2012	3	26	11	15	24.809163	120.982326				8			50															3
2012	3	24	11	4	24.7585468	120.9585146				8			70															3
2012	3	24	12	5	24.80229355	120.9547256	0	2	0	7	1	5	50	14	9	1	5	4	5	7	1	1	1	4	5	2	17	2
2012	3	25	3	18	24.8141048	120.9708721				8			50															3
2012	3	26	11	40	24.7966131	120.961697	0	1	0	8	1	5	50	14	9	1	5	4	5	7	4	4	9	4	5	1	13	2
2012	3	18	6	50	24.8137323	120.9674304				8			50															3
2012	3	18	11	20	24.817255	120.9615898				8			40															3
2012	3	18	12	50	24.8030891	120.979934				8			50															3
2012	3	19	21	5	24.816963	120.956948				8			50															3
2012	3	20	21	35	24.80738325	120.9756521				8			50															3
2012	3	7	18	20	24.7810331	121.025745	0	2	0	8	3	5	50	11	9	1	5	4	5	7	1	1	5	5	5	2	3	2
2012	3	26	20	15	29.0289146	111.6613067	0	3	0	8	3	5	40	3	1	1	5	4	5	7	1	1	10	5	5	2	16	2
2012	3	11	7	15	24.8684988	120.9533201				6			80															3
2012	3	11	10	30	24.8036621	120.970804				6			50															3
2012	3	13	19	15	24.8027569	120.986942				6			50															3
2012	3	14	16	30	24.8132194	120.9777493	0	1	0	6	1	5	50	4	1	1	4	4	5	7	4	4	10	5	5	2	16	2
2012	3	14	19	10	24.34623015	120.6264257				8			50															3
2012	3	18	21	49	24.782808	121.014638				8			50															3
2012	3	19	4	58	24.8152011	120.990072				6			50															3
2012	3	20	15	32	24.8158715	120.9792625				8			50															3
2012	3	20	18	37	24.796247	120.983194	0	2	0	7	3	5	50	14	9	1	5	4	5	7	4	4	9	5	5	1	16	2
2012	3	15	13	10	24.7761866	120.9439411	0	2	0	8	1	5	50	3	1	1	5	4	5	7	3	1	10	5	5	2	11	2
2012	3	21	7	24	24.7924614	121.0067013				8			50															3
2012	3	21	12	10	24.811732	120.965766	0	1	0	8	1	5	50	3	2	1	5	4	5	7	4	4	9	5	5	2	16	2
2012	3	19	14	5	24.7982434	120.9530141	0	1	0	8	1	5	50	3	1	1	5	4	5	7	4	4	1	4	5	2	16	2
2012	3	24	8	47	24.8143991	120.991593	0	1	0	6	1	5	50	14	8	1	4	4	5	7	4	4	1	4	5	2	12	2
2012	3	24	15	52	24.7924614	121.0067013				8			50															3
2012	3	24	17	11	24.7932831	121.001211	0	1	0	8	1	5	50	14	13	1	5	4	4	7	4	4	1	4	4	1	13	2
2012	3	21	16	28	24.7924614	121.0067013	0	1	0	8	1	5	50	14	9	1	5	4	5	7	4	4	5	4	5	2	12	2
2012	3	11	16	0	24.808575	120.977844				8			50															3
2012	3	2	21	15	24.792025	120.9756149	0	1	0	8	3	5	50	3	1	1	5	4	5	7	4	4	10	5	5	2	16	2
2012	3	27	12	50	24.781937	121.019662	0	1	0	8	1	5	50	14	9	1	5	4	5	7	4	4	5	4	5	2	16	2
2012	3	27	9	50	24.7814711	121.024496				8			50															3
2012	3	10	13	30	24.796917	120.968949				8			50															3
2012	3	24	10	46	24.7846405	121.0173399				8			50															3
2012	3	10	15	10	24.7931955	121.0155735				8			50															3
2012	3	27	14	55	24.7776691	121.022367				8			50															3
2012	3	10	20	45	24.7932831	121.001211	0	2	0	8	3	5	50	3	1	1	5	4	5	7	1	1	10	5	5	2	16	2
2012	3	26	16	52	24.7898381	120.927861	0	3	0	8	1	5	50	3	1	1	5	4	5	7	3	1	10	5	5	2	16	2
2012	3	27	18	39	24.806416	120.961906				8			50															3
2012	3	27	20	2	24.8126934	120.9639542				8			50															3
2012	3	27	20	41	24.8035831	120.971313	0	1	0	8	3	5	50	14	9	1	5	4	5	7	4	4	5	4	5	2	16	2
2012	3	26	17	50	24.77645	120.943671				8			50															3
2012	3	27	19	1	24.8020781	120.960939	0	1	0	8	3	5	50	14	9	1	5	4	5	7	4	4	10	5	5	2	3	2
2012	3	27	21	50	24.78274365	120.9329126	0	1	0	8	3	5	50	14	9	1	5	4	5	7	4	4	5	5	5	2	12	2
2012	3	25	16	32	24.82387895	120.980277				8			90															3
2012	3	28	8	15	24.79509185	120.9708905				8			50															3
2012	3	26	7	24	24.8161395	120.9934274				8																		3
2012	3	28	10	26	24.800182	120.983632				8			40															3
2012	3	28	12	3	24.8147556	120.9781383				8			50															3
2012	3	28	9	35	24.80149085	121.1709575	0	2	0	8	1	5	50	4	1	1	5	4	5	7	2	1	10	5	5	2	16	2
2012	3	21	17	0	24.79418315	121.013014				8			50															3
2012	3	28	15	28	24.8061025	120.96957				8			50															3
2012	3	28	16	12	24.79910465	120.9763723				8			50															3
2012	3	28	17	1	24.78597275	120.988269	0	1	0	8	1	5	50	14	9	1	5	4	5	7	4	4	1	4	5	2	13	2
2012	3	28	19	5	24.8042903	120.9752282	0	2	0	8	3	5	50	4	1	1	5	4	5	7	1	1	10	5	5	2	13	2
2012	3	28	19	15	24.8235233	120.9787074				8			50															3
2012	3	28	3	50	24.779394	120.93627				8			50															3
2012	3	28	5	20	24.8137323	120.9674304				8			50															3
2012	3	28	18	50	24.799045	120.972341				8			50															3
2012	3	28	20	20	24.7968161	120.977429							50															3
2012	3	21	20	50	24.8161395	120.9934274	0	1	0	8	3	5	50	5	1	1	5	4	5	7	1	1	10	5	5	2	16	2
2012	3	24	13	33	24.8053965	120.9927038				8			50															3
2012	3	29	9	15	24.8055397	120.9770756				8			50															3
2012	3	22	9	18	24.787831	120.963972	0	1	0	8	1	5	50	14	9	1	5	4	5	7	4	4	10	4	5	2	11	2
2012	3	29	12	40	24.82240975	120.9718683				8			40															3
2012	3	29	7	34	24.79434485	120.9730693	0	1	0	8	1	5	50	3	2	1	5	4	5	7	4	4	5	5	5	2	18	2
2012	3	22	16	53	24.8029145	120.9833453	0	1	0	8	1	5	50	3	1	1	5	4	5	7	4	4	5	5	5	2	16	2
2012	3	25	7	45	24.7826611	121.018739				8			50															3
2012	3	25	9	9	24.80971	120.958157	0	1	0	8	1	5	40	14	9	1	5	4	5	7	4	4	10	5	5	1	12	2
2012	3	27	17	36	24.797525	120.976471				8			50															3
2012	3	22	7	55	24.81356115	120.9933264	0	1	0	8	1	5	40	3	1	1	5	4	5	7	4	4	10	5	5	2	16	2
2012	3	29	9	48	24.799689	120.9515893	0	1	0	8	1	5	50	4	1	1	5	4	5	7	1	1	10	5	5	2	12	2
2012	3	29	12	46	24.793776	120.974364				8			50															3
2012	3	24	17	18	24.7951886	121.0044929	0	1	0	8	1	5	50	14	9	1	5	4	5	7	4	4	5	4	5	2	16	2
2012	3	29	16	21	24.7909875	121.0171366	0	1	0	8	1	5	50	14	9	1	5	4	5	7	4	4	10	4	5	2	12	2
2012	3	28	9	0	24.73400965	120.9131372				8			50															3
2012	3	29	17	15	24.8435201	120.9307635	0	1	0	8	1	5	50	3	1	1	5	4	5	7	4	4	10	5	5	2	16	2
2012	3	29	14	58	24.8109645	120.969934				8			50															3
2012	3	29	18	43	24.80210385	120.9869868	0	1	0	8	3	5	50	4	1	1	5	4	5	7	1	1	10	5	5	2	12	2
2012	3	29	17	58	24.7924614	121.0067013				8			50															3
2012	3	28	7	57	24.81085495	120.991195				8			40															3
2012	3	28	9	22	24.79910465	120.9763723				8			40															3
2012	3	29	19	10	24.7765831	120.9428817				8			40															3
2012	3	28	7	0	24.8105151	120.985754				8			50															3
2012	3	29	21	15	24.7830941	121.0116058				8			50															3
2012	3	30	7	47	24.8109127	120.9215877	0	2	0	8	1	5	50	3	1	1	5	4	5	7	4	4	10	5	5	2	16	2
2012	3	28	10	40	24.8083178	120.9672934	0	2	0	8	1	5	50	3	2	1	5	4	5	7	4	4	10	5	5	2	11	2
2012	3	29	17	0	24.8042903	120.9752282				8			50															3
2012	3	30	8	3	24.81998545	120.9844231	0	1	0	8	1	5	50	3	1	1	5	4	5	7	4	4	10	5	5	2	16	2
2012	3	30	8	49	24.8128035	120.9853889				8			40															3
2012	3	30	11	24	24.8193477	120.9955776				8			50															3
2012	3	25	15	19	24.7874802	121.0095148				8			50															3
2012	3	25	13	55	24.800569	120.966046				8			50															3
2012	3	24	17	33	24.823076	120.970343				8			50															3
2012	3	30	7	0	24.79380635	120.9456314				8			50															3
2012	3	30	8	49	24.8105046	120.9849983	0	2	0	8	1	5	50	14	9	1	5	4	5	7	1	1	2	4	5	2	12	2
2012	3	30	7	17	24.7939497	121.0022741	0	2	0	8	1	5	50	4	1	1	5	4	5	7	1	1	10	5	5	2	15	2
2012	3	30	10	7	24.787865	121.0109898				8			50															3
2012	3	30	15	40	24.7937039	120.9456865				8			50															3
2012	3	24	14	20	24.806525	120.958193				8			50															3
2012	3	30	18	12	24.798766	120.9568732	0	2	0	7	1	5	50	3	2	1	5	4	5	7	4	4	5	5	5	2	16	2
2012	3	30	20	47	24.812738	120.972532	0	0	0	8	3	5	50	14	9	1	5	4	5	7	4	4	5	4	5	2	11	3
2012	3	24	17	15	24.8178793	120.9706768				8			50															3
2012	3	25	9	50	24.77645	120.943671	0	1	0	8	1	5	50	14	9	1	5	4	5	7	4	4	5	5	5	2	17	2
2012	3	30	23	56	23.8333047	120.4693168				8			50															3
2012	3	25	12	31	24.8084791	120.970581				8			50															3
2012	3	30	21	27	24.7983092	120.9781854	0	1	0	8	3	5	40	4	1	2	5	4	5	7	4	4	10	5	5	2	15	2
2012	3	30	22	53	24.8047718	120.9556443				8			50															3
2012	3	30	21	35	24.8032102	120.96871	0	1	0	8	3	5	50	14	9	1	5	4	5	7	4	4	5	4	5	2	17	2
2012	3	30	20	30	24.7318662	120.9153228	0	1	0	7	3	5	50	4	1	1	5	4	5	7	4	4	10	5	5	2	16	2
2012	3	31	10	22	24.8038571	120.98013				8			50															3
2012	3	31	13	45	24.7913971	120.969258				8			40															3
2012	3	24	15	2	24.79679855	120.9600366				8			50															3
2012	3	31	13	41	37.8545931	112.5517968	0	3	0	8	1	5	50	4	1	1	5	4	5	7	3	1	10	5	5	2	16	2
2012	3	25	15	15	24.798066	120.969855	0	0	0	8	1	5	50	14	9	1	4	4	5	7	4	4	10	4	5	2	12	3
2012	3	30	7	8	24.8113351	120.963999				8			50															3
2012	3	30	8	31	24.798401	120.947732				8			50															3
2012	3	30	11	10	24.81550455	120.990411	0	1	0	8	1	5	50	14	9	1	5	4	5	7	4	4	1	4	5	2	16	2
2012	3	26	11	15	24.7842296	121.0118399				8			50															3
2012	3	26	16	28	24.7832442	121.0177491				8			50															3
2012	3	17	21	46	24.78436645	121.0121615	0	1	0	8	3	5	50	4	1	1	5	4	5	7	2	1	10	5	5	2	16	2
2012	3	29	7	5	24.812867	120.964159				8			50															3
2012	3	29	8	50	24.7815761	121.021569	0	1	0	8	1	5	50	14	9	1	5	4	5	7	4	4	5	4	5	2	13	2
2012	3	23	17	50	24.8461108	120.9375003				8			50															3
2012	3	25	21	51	24.8142127	120.9742827				8			50															3
2012	3	29	9	11	24.818399	120.971773				8			50															3
2012	3	21	6	52	24.819725	120.973265				8			50															3
2012	3	30	15	50	24.788514	120.964185				8			50															3
2012	3	31	12	12	24.7832541	121.020624				8			50															3
2012	3	25	19	34	24.8004251	120.966202				8			50															3
2012	3	30	20	46	24.807157	120.964131	0	1	0	8	3	5	50	14	9	1	5	4	5	7	4	4	5	4	5	2	16	2
2012	3	31	22	51	24.8142127	120.9742827	0	1	0	8	3	5	50	4	18	1	5	4	5	7	2	1	10	5	5	2	3	2
2012	3	25	3	31	24.804421	120.965003	0	0	0	8	2	5	50	14	9	1	5	4	5	7	4	4	5	5	5	1	12	3
2012	3	26	19	8	24.78560435	121.0191651				8			50															3
2012	3	27	10	7	24.796199	120.9701181	0	2	0	8	1	5	50	14	9	1	5	4	5	7	4	4	5	5	5	2	13	2
2012	3	27	6	50	23.8548668	120.983603	0	0	0	8	1	5	50	3	1	1	5	4	5	7	4	4	10	5	5	2	16	3
2012	3	27	18	47	24.79278225	120.9423128				8			50															3
2012	3	28	7	25	24.7887249	120.9300095	0	2	0	8	2	5	50	3	1	1	5	4	5	7	2	1	10	5	5	2	15	2
2012	3	30	17	26	24.7953791	120.998863				8			50															3
2012	3	31	10	44	23.8548668	120.983603	0	1	0	8	1	5	50	3	1	1	5	4	5	7	4	4	10	5	5	2	16	2
2012	3	23	12	34	24.7546815	120.954002				8			50															3
2012	3	24	18	12	31.3512963	120.9811634				8			50															3
2012	3	26	1	5	24.8147153	120.9796905				8			50															3
2012	3	18	5	21	24.79335205	120.925868				8			50															3
2012	3	31	18	10	24.7947181	120.965517				8			50															3
2012	3	31	14	50	24.78436645	121.0121615	0	1	0	8	1	5	40	11	9	1	5	4	5	1	4	4	10	5	5	2	10	2
2012	3	31	12	45	24.80622745	120.9667742				8			40															3
2012	3	31	18	15	24.8099631	120.973471				8			50															3
2012	3	31	20	7	24.827689	121.078481	0	2	0	8	3	5	50	14	9	1	5	4	5	7	4	4	5	4	5	1	3	2
2012	3	27	12	18	24.7965491	120.960726				8			40															3
2012	3	27	14	50	24.800066	120.9917458				8			40															3
2012	3	26	15	30	24.8141071	120.9770615				8			50															3