年	月	日	時	分	GoogleLat	GoogleLng	死	受傷	2-30	天候	光線	道路類別	速限	道路型態	事故位置	路面鋪裝	路面狀態	路面缺陷	障礙物	視距	號誌種類	號誌動作	分向設施	快車道或一般車道間	快慢車道間	路面邊線	事故類型及型態	事故類別
2012	3	25	19	40	24.8025609	121.0054358				8			40															3
2012	3	30	9	15	24.81808385	120.9947818				8			50															3
2012	3	30	7	8	24.798028	120.967658				8			50															3
2012	3	23	7	40	24.8241401	120.9690922				8			40															3
2012	3	25	17	5	24.8363155	120.9398668	0	2	0	8	1	5	50	14	9	1	5	4	5	7	4	4	1	4	5	1	12	2
2012	3	6	18	58	24.7913726	120.9626519	0	1	0	8	3	5	50	3	2	1	5	4	5	7	1	1	5	5	5	2	12	2
2012	3	19	16	54	24.8020598	120.9954236				8			50															3
2012	3	26	16	18	24.798647	120.963456				8			50															3
2012	3	20	7	40	24.78929905	120.9572937	0	1	0	7	1	5	50	11	9	1	4	4	5	7	4	4	4	5	5	2	12	2
2012	3	20	16	50	24.8061793	120.9623825				8			50															3
2012	3	21	10	55	24.7968745	120.9594703				8			50															3
2012	3	27	21	30	24.793988	120.963246	0	1	0	8	3	5	50	14	9	1	5	4	5	7	4	4	5	5	5	1	16	2
2012	3	24	11	10	24.798635	120.971769	0	2	0	7	1	5	50	14	9	1	5	4	5	7	4	4	9	5	5	2	16	2
2012	3	24	7	11	24.7874802	121.0095148	0	1	0	6	1	5	50	5	2	1	4	4	5	7	4	4	10	5	5	2	12	2
2012	3	24	9	5	24.820736	120.97057	0	1	0	6	1	5	50	13	9	1	4	4	5	7	4	4	10	5	5	2	16	2
2012	3	28	16	5	24.8118259	121.0260022				8			50															3
2012	3	24	12	18	24.79760605	121.0029783				8			50															3
2012	3	24	15	20	24.81534	120.9490543				8			20															3
2012	3	25	18	40	29.0289146	111.6613067				8			50															3
2012	3	25	21	54	24.797819	120.964592				8			50															3
2012	3	27	13	17	24.8009967	120.9870539				8			50															3
2012	3	27	0	30	24.79484195	120.9652302	0	1	0	8	3	5	50	14	9	1	5	4	5	7	4	4	5	5	5	2	13	2
2012	3	28	19	38	24.8076516	120.9400743				8			50															3
2012	3	17	9	27	24.799338	120.9524735				8			50															3
2012	3	21	22	6	24.8356702	121.0202474	0	2	0	8	3	5	50	4	1	1	5	4	5	7	2	1	10	5	5	2	16	2
2012	3	29	10	40	24.81221985	120.9785241				8			50															3
2012	3	22	19	53	24.7992741	120.964894	0	1	0	8	3	5	50	14	9	1	5	4	5	7	4	4	5	4	5	1	16	2
2012	3	29	12	19	24.795756	120.949379				8			50															3
2012	3	22	20	58	24.79678815	120.960701	0	2	0	8	3	5	50	14	9	1	5	4	5	7	4	4	9	5	5	2	16	2
2012	3	27	18	17	24.7935934	120.9730288				8			50															3
2012	3	15	13	10	24.8047718	120.9556443	0	1	0	8	1	5	50	3	1	1	5	4	5	7	4	4	10	5	5	2	16	2
2012	3	30	23	20	24.8132554	120.979903	0	1	0	8	3	5	50	3	18	1	5	4	5	7	4	4	10	5	5	2	3	2
2012	3	29	20	25	24.7924614	121.0067013	0	2	0	8	3	5	50	14	9	1	5	4	5	7	4	4	1	4	5	2	11	2
2012	3	29	23	21	24.79629595	120.9399026	0	1	0	8	3	5	50	4	1	1	5	4	5	7	3	1	10	5	5	2	16	2
2012	3	25	12	0	24.798978	120.9595589	0	1	0	8	1	5	50	4	1	1	5	4	5	6	4	4	10	5	5	2	15	2
2012	3	30	15	51	24.81500215	120.9763131	0	1	0	8	2	5	50	14	9	1	5	4	5	6	4	4	10	5	5	2	2	2
2012	3	15	11	56	24.7815281	120.989743				8			50															3
2012	3	30	21	24	24.8008484	120.9879247	0	2	0	8	3	5	50	14	9	1	5	4	5	7	3	1	1	5	5	1	17	2
2012	3	16	17	30	24.79683	120.9694801				8			50															3
2012	3	20	7	0	24.81149905	120.9735275	0	1	0	8	1	5	50	3	9	1	5	4	5	7	4	4	5	4	5	2	16	2
2012	3	31	12	28	24.79515	120.961862	0	1	0	8	1	5	50	4	1	1	5	4	5	6	4	4	10	5	5	2	16	2
2012	3	25	22	9	24.7765831	120.9428817	0	2	0	8	3	5	50	14	9	1	5	4	5	7	4	4	4	4	5	2	13	2
2012	3	20	9	50	24.82431635	120.9709692				8			50															3
2012	3	25	12	6	24.77734	121.023402				8			50															3
2012	3	20	7	40	24.781899	121.022147				8			50															3
2012	3	27	11	27	24.8039281	120.981188				8			50															3
2012	3	30	17	0	24.81998545	120.9844231				8			50															3
2012	3	24	10	55	24.8042903	120.9752282				8			50															3
2012	3	24	11	31	24.814437	120.974408				8			50															3
2012	3	30	17	52	24.799345	120.973241				8			50															3
2012	3	30	8	52	24.8102473	120.9659544																						3
2012	3	31	19	5	24.8198055	120.961431				8			50															3
2012	3	29	17	50	24.81192855	120.9218782				8			50															3
2012	3	16	11	33	24.7461546	120.9063973				8			50															3
2012	3	17	17	1	24.7959291	120.9717879	0	0	0	8	1	5	40	14	9	1	5	4	5	7	4	4	10	5	5	1	11	3
2012	3	26	11	55	24.7965491	120.960726				8			50															3
2012	3	26	16	16	24.8248635	120.9306095				8			50															3
2012	3	30	9	35	24.794117	120.958017	0	1	0	8	1	5	50	3	2	1	5	4	5	7	4	4	5	4	5	2	13	2
2012	3	30	11	50	24.8423748	120.9341485				8			50															3
2012	3	24	13	10	24.8009967	120.9870539				8			50															3
2012	3	3	14	20	24.804653	120.966837				8			50															3
2012	3	24	14	15	24.7950908	120.9597601				8			40															3
2012	3	27	8	52	24.8130429	120.9749485				8			50															3
2012	3	27	9	47	24.788634	121.002887	0	1	0	8	1	5	50	14	9	1	5	4	5	7	4	4	4	5	5	2	12	2
2012	3	25	20	50	24.8042903	120.9752282				8			40															3
2012	3	21	18	0	24.7767133	120.9439115				8			40															3
2012	3	22	21	11	24.793127	120.9744691																						3
2012	3	27	18	40	24.77842755	120.9396875																						3
2012	3	21	23	33	24.8016001	120.967953				8			50															3
2012	3	28	10	20	24.7854555	121.0104263				8			50															3
2012	3	31	10	44	24.798379	120.965497				8			50															3
2012	3	31	12	17	24.777881	120.9404647	0	1	0	8	1	5	40	14	9	1	5	4	5	7	1	1	10	5	5	2	29	2
2012	3	28	20	11	24.76540305	120.9663221				8			40															3
2012	3	21	20	35	24.850122	120.9256302	0	1	0	8	4	5	50	4	2	1	5	4	5	7	4	4	5	4	5	2	19	2
2012	3	21	21	52	23.907561	106.625776	0	1	0	8	3	5	50	3	1	1	5	4	5	7	4	4	1	4	4	2	16	2
2012	3	23	16	15	24.79436325	120.9717469	0	1	0	7	2	5	50	14	9	1	4	4	5	7	4	4	5	2	5	2	11	2
2012	3	24	11	30	24.78832185	120.9824059	0	2	0	8	1	5	50	3	1	1	5	4	5	7	3	1	10	5	5	2	11	2
2012	3	28	11	20	24.81441	120.9787551				8			50															3
2012	3	29	8	17	24.8119989	120.9644536				8			50															3
2012	3	29	19	30	24.77910945	120.9818145				8			40															3
2012	3	23	21	22	24.7855805	120.9166773				6			50															3
2012	3	31	1	5	24.8161395	120.9934274				8			50															3
2012	3	22	22	10	24.7932831	121.001211				8			50															3
2012	3	24	8	40	31.3512963	120.9811634	0	1	0	8	1	5	50	14	9	1	4	4	5	7	4	4	1	4	5	2	17	2
2012	3	24	10	50	24.7956001	120.949035				8			70															3
2012	3	24	11	53	24.801139	120.966171				8			50															3
2012	3	30	0	52	24.7998135	120.9909705				8			50															3
2012	3	31	9	50	24.808564	120.981542				8			40															3
2012	3	24	14	59	24.8044523	120.9702289				8			50															3
2012	3	24	16	11	24.80126	120.970554				8			50															3
2012	3	25	14	50	24.799843	120.981257				8			50															3
2012	3	27	18	0	24.782637	120.9546454	0	1	0	8	2	5	50	3	1	1	5	4	5	7	1	2	10	5	5	2	16	2
2012	3	27	7	50	24.796199	120.9701181	0	1	0	8	1	5	50	15	9	1	5	4	5	7	4	4	5	5	5	1	27	2
2012	3	29	8	9	24.795483	120.969964	0	1	0	8	1	5	40	13	9	1	5	4	5	7	4	4	10	5	5	2	8	2
2012	3	30	1	50	24.802063	120.984851				8			50															3
2012	3	30	21	0	24.840834	120.936837				8			50															3
2012	3	30	22	3	24.803379	120.964904				8			50															3
2012	3	28	19	15	24.8044523	120.9702289	0	1	0	8	3	5	50	16	7	1	5	4	5	7	4	4	10	4	5	2	16	2
2012	3	30	7	34	24.787994	120.928589	0	1	0	8	1	5	50	3	1	1	5	4	5	7	4	4	10	5	5	2	16	2
2012	3	30	15	20	24.8234728	120.9779836	0	2	0	8	1	5	50	14	8	1	5	4	5	7	4	4	10	2	5	2	13	2
2012	3	30	16	59	24.801124	120.986002				8			50															3
2012	3	31	10	35	24.807296	120.972038	0	2	0	8	1	5	50	14	9	1	5	4	5	7	4	4	5	5	5	2	12	2
2012	3	31	12	18	24.735572	120.912332				8			50															3
2012	3	31	13	40	24.8069772	120.9599505				8			50															3
2012	3	29	18	8	24.8188532	120.9604144	0	2	0	8	3	5	50	4	1	1	5	4	5	7	1	1	10	5	5	2	16	2
2012	3	22	1	45	24.71312845	120.8437461				6			50															3
2012	3	23	19	4	24.7952182	120.9173913	0	1	0	8	3	5	50	14	9	1	5	4	5	7	4	4	1	4	5	1	18	2
2012	3	28	10	40	24.8188992	120.9718958																						3
2012	4	1	4	12	24.7881022	120.9287874				8			40															3
2012	4	1	7	22	24.7842065	121.015327				8			50															3
2012	4	1	10	18	24.817242	120.97202				8			50															3
2012	4	1	10	13	24.8063911	120.9784284				8			50															3
2012	4	1	11	39	24.79296755	120.984707				8			20															3
2012	4	1	11	7	24.8027569	120.986942	0	1	0	7	1	5	50	3	1	1	5	4	5	7	4	4	10	5	5	2	16	2
2012	4	1	12	45	24.8311712	120.9267252	0	1	0	8	1	5	50	14	9	1	5	4	5	7	4	4	10	5	5	2	9	2
2012	4	1	13	23	24.7945181	120.96417	0	2	0	8	1	5	50	14	9	1	5	4	5	7	4	4	5	5	5	1	13	2
2012	4	1	13	55	24.842419	120.933528	0	1	0	8	1	5	50	14	9	1	5	4	5	7	4	4	9	5	5	1	16	2
2012	4	1	15	40	24.826176	120.927621	0	1	0	8	1	5	50	14	9	1	5	4	3	7	4	4	5	4	4	2	10	2
2012	4	1	15	34	24.7986691	120.985967				8			50															3
2012	4	1	18	59	24.797311	120.961097	0	1	0	8	3	5	50	14	9	1	5	4	5	7	4	4	5	4	5	1	13	2
2012	4	1	21	11	24.7946361	120.964565	0	1	0	7	3	5	40	14	9	1	5	4	5	7	4	4	5	5	5	1	17	2
2012	4	2	4	45	24.8150922	120.9852896				8			50															3
2012	4	1	17	38	24.7945646	120.960448				8			50															3
2012	4	1	17	57	24.80009815	120.9917646	0	2	0	8	1	5	50	14	9	1	5	4	5	4	4	4	4	4	5	2	3	2
2012	4	2	7	25	24.7929205	121.0125589				8			50															3
2012	4	2	10	0	24.8147153	120.9796905	0	1	0	8	1	5	50	4	18	1	5	4	5	7	2	1	10	5	5	2	3	2
2012	4	2	9	21	24.79834225	120.9906022				8			50															3
2012	4	2	11	5	24.8038542	120.9526662				8			50															3
2012	4	2	11	0	24.78507885	120.9670341				8			50															3
2012	4	1	15	15	24.84574635	121.2236621	0	2	0	8	1	5	50	3	1	1	5	4	5	7	2	1	1	5	5	2	16	2
2012	4	2	9	15	24.796624	120.955658				8			50															3
2012	4	2	14	0	24.8161141	120.959692				8			50															3
2012	4	2	12	20	24.7760186	120.9456048	0	1	0	8	1	5	40	3	1	1	5	4	5	7	4	4	10	5	5	2	16	2
2012	4	2	14	45	24.814739	120.979082				8			50															3
2012	4	2	15	48	24.7964808	120.9524293							50															3
2012	4	1	18	17	24.805651	120.969716	0	1	0	8	3	5	50	14	9	1	5	4	5	7	4	4	5	4	5	2	16	2
2012	4	2	19	27	24.87138245	121.012719				8			50															3
2012	4	2	22	16	24.799257	120.951144	0	1	0	7	3	5	50	3	1	1	5	4	5	7	4	4	5	4	5	2	16	2
2012	4	3	9	40	24.8161395	120.9934274							50															3
2012	4	2	18	12	24.781047	121.025887	0	1	0	8	3	5	50	14	9	1	5	4	5	7	1	1	5	4	5	2	27	2
2012	4	3	11	19	24.781389	120.990157				8			50															3
2012	4	3	9	18	24.8014764	120.9851297	0	1	0	8	1	5	50	14	9	1	5	4	5	7	4	4	1	4	5	2	17	2
2012	4	3	13	30	24.823396	120.976588				8			50															3
2012	4	3	22	54	24.79433965	121.0070411				8			50															3
2012	4	4	8	20	24.805789	120.987839	0	1	0	8	1	5	50	14	9	1	5	4	5	7	4	4	5	4	5	1	16	2
2012	4	3	18	30	24.8177531	120.970643				8			50															3
2012	4	4	9	25	24.8082771	120.967091	0	1	0	8	1	5	50	14	9	1	5	4	5	7	4	4	10	4	5	2	16	2
2012	4	3	1	52	24.806009	120.960136				8			50															3
2012	4	4	16	16	24.7333439	121.0273382				8			50															3
2012	4	4	11	23	24.81023225	121.0290968				8			50															3
2012	4	4	13	44	24.81479355	120.9638567				8			50															3
2012	4	4	15	6	31.3512963	120.9811634	0	1	0	8	1	5	50	14	8	1	5	4	5	7	4	4	10	5	5	2	13	2
2012	4	4	23	49	24.7931521	120.943314				8			50															3
2012	4	5	0	15	24.8142165	120.9640903	0	1	0	8	3	5	50	4	18	1	5	4	5	7	1	1	10	5	5	2	2	2
2012	4	2	17	21	24.8256414	120.9566902	0	1	0	8	1	5	50	11	9	1	5	2	5	7	4	4	4	5	5	1	18	2
2012	4	3	19	43	24.815315	120.98686	0	1	0	8	3	5	50	4	2	1	5	3	5	7	4	4	10	5	5	2	24	2
2012	4	4	3	56	24.8011347	120.9870763	0	1	0	8	3	5	50	4	4	1	5	4	5	7	1	1	10	5	5	2	12	2
2012	4	4	10	50	24.803627	120.968528				8			50															3
2012	4	5	7	50	24.7854555	121.0104263	0	2	0	7	1	5	50	3	1	1	5	4	5	7	4	4	10	5	5	2	16	2
2012	4	2	14	40	24.7998332	120.9681025	0	2	0	8	1	5	50	3	1	1	5	4	5	7	4	4	10	5	5	2	16	2
2012	4	5	10	29	24.7714111	120.96829	0	1	0	7	1	5	50	14	9	1	4	4	5	7	4	4	5	5	5	1	16	2
2012	4	4	6	29	24.7842919	121.0181496	0	2	0	8	1	5	50	4	1	1	5	4	5	7	3	1	10	5	5	2	16	2
2012	4	4	22	34	24.79395675	121.0022692	0	0	0	8	3	5	50	3	1	1	5	4	5	7	1	1	5	4	5	2	16	3
2012	4	5	10	35	24.79029085	120.9742541	0	2	0	7	1	5	40	14	9	1	5	4	5	7	4	4	10	5	5	2	17	2
2012	4	5	11	58	24.795792	120.971823				8			30															3
2012	4	5	14	40	24.817058	120.969947				8			50															3
2012	4	2	12	30	24.790695	120.937459				8			50															3
2012	4	5	10	34	24.819359	120.9825494	0	2	0	8	1	5	50	4	1	1	5	4	5	7	1	1	10	5	5	2	13	2
2012	4	5	16	8	24.80375	120.980921				6			50															3
2012	4	3	10	32	24.797232	120.9637474				8			50															3
2012	4	3	6	50	24.8190947	120.9712484	0	1	0	8	1	5	50	4	1	1	5	4	5	7	1	1	10	5	5	2	15	2
2012	4	5	21	0	24.7840474	121.0222036				6			50															3
2012	4	5	21	0	24.8143181	120.962308				6			50															3
2012	4	2	1	20	24.7873656	121.0096554	0	1	0	8	1	5	50	3	1	1	5	4	5	7	1	1	10	5	5	2	3	2
2012	4	3	9	58	24.8256414	120.9566902	0	2	0	8	1	5	50	3	1	1	5	4	5	7	1	1	10	5	5	2	16	2
2012	4	3	11	40	24.7669963	120.9146123				8			5															3
2012	4	5	20	16	24.7969521	120.970222				6			50															3
2012	4	6	7	40	24.7964808	120.9524293	0	2	0	8	1	5	50	3	1	1	5	4	5	7	1	1	10	5	5	2	15	2
2012	4	6	9	41	24.7846361	121.010813	0	1	0	7	1	5	50	3	1	1	5	4	5	7	4	4	10	5	5	2	16	2
2012	4	6	8	17	24.79484195	120.9652302	0	1	0	7	1	5	50	14	9	1	5	4	5	7	4	4	5	5	5	2	13	2
2012	4	6	10	28	24.8057781	120.962888	0	2	0	8	1	5	50	14	9	1	5	4	5	7	4	4	5	4	5	2	16	2
2012	4	6	18	56	24.8050828	120.9893215	0	1	0	8	3	5	50	14	9	1	5	4	5	7	4	4	5	4	5	1	13	2
2012	4	5	10	21	23.8333047	120.4693168	0	2	0	7	1	5	50	4	1	1	5	4	5	7	1	1	10	5	5	2	12	2
2012	4	2	16	45	24.837218	120.942235				8			50															3
2012	4	5	18	10	24.7672024	120.9794822				6			50															3
2012	4	6	21	0	24.79311235	121.0115108	0	1	0	8	3	5	50	4	1	1	5	4	5	7	4	4	10	5	5	2	15	2
2012	4	5	11	30	24.8185241	120.9630951				8			50															3
2012	4	5	17	35	24.7318662	120.9153228	0	2	0	6	1	5	70	3	1	1	4	4	5	7	1	1	10	5	5	2	17	2
2012	4	7	0	15	30.545	114.308421	0	1	0	7	3	5	50	4	2	1	5	4	5	7	2	1	1	4	5	2	16	2
2012	4	6	17	10	24.79086175	120.9235375	0	2	0	7	1	5	50	15	9	1	5	4	5	7	4	4	5	5	5	2	12	2
2012	4	7	10	15	24.7944063	120.9765616				8			50															3
2012	4	6	12	2	24.8496763	121.229232				8			50															3
2012	4	6	14	9	24.7904594	120.9262864				8			50															3
2012	4	6	18	10						8			50															3
2012	4	7	11	18						8			50															3
2012	4	7	15	20			0	1	0	8	1	5	50	14	9	1	5	4	5	7	4	4	5	5	5	2	16	2
2012	4	6	19	10						8			30															3
2012	4	6	18	25						8			50															3
2012	4	7	10	58	24.80168795	121.0046888				8			50															3
2012	4	6	17	47	24.8105021	120.9820787	0	1	0	8	1	5	50	3	1	1	5	4	5	7	4	4	10	5	5	2	15	2
2012	4	7	20	15	24.8051851	120.971662				8			40															3
2012	4	2	17	0	24.80139695	120.9770464	0	4	0	8	1	5	50	11	9	1	5	4	5	7	4	4	1	4	5	2	13	2
2012	4	7	20	25	24.7931734	120.9633546				8			50															3
2012	4	2	18	53	24.798787	120.943139	0	1	0	8	1	5	50	14	9	1	5	4	5	7	4	4	9	5	5	1	13	2
2012	4	8	0	5	24.7814824	121.0096158				8			50															3
2012	4	8	2	27	24.7669963	120.9146123	0	1	0	8	3	5	50	3	1	1	5	4	5	7	2	1	1	2	4	1	13	2
2012	4	1	9	48	24.8183933	120.9645821	0	1	0	8	1	5	50	4	1	1	5	4	5	7	2	1	10	5	5	2	15	2
2012	4	8	4	55	24.7939497	121.0022741	0	1	0	8	3	5	50	3	1	1	5	4	5	7	2	1	10	5	5	2	16	2
2012	4	4	0	55	24.78472	121.022216				8			50															3
2012	4	4	15	15	24.786626	121.017873				8			50															3
2012	4	5	12	30	24.7840586	120.953277				8			50															3
2012	4	8	7	7	24.7743106	121.0312128	0	0	0	8	1	5	50	14	9	1	5	4	5	7	4	4	10	4	5	2	13	3
2012	4	2	7	2	24.7960908	121.0131761	0	1	0	8	1	5	50	4	2	1	5	4	5	7	4	4	1	4	5	2	16	2
2012	4	2	8	33	24.80447905	120.994302	0	1	0	8	1	5	40	14	8	1	5	4	5	7	4	4	1	5	1	2	13	2
2012	4	8	12	0	24.799367	120.967489	0	1	0	7	1	5	50	14	9	1	5	4	5	7	4	4	9	5	5	2	16	2
2012	4	3	8	15	24.7511621	120.90964	0	1	0	8	1	5	50	3	1	1	5	4	5	7	3	1	10	5	5	2	16	2
2012	4	3	13	3	24.7851561	121.013551				8			50															3
2012	4	3	14	47	24.795792	120.971823				8			50															3
2012	4	8	15	28	24.8007451	120.96723				8			50															3
2012	4	2	9	40	24.813445	120.990189	0	2	0	8	1	5	50	3	1	1	5	4	5	7	2	1	10	5	5	2	16	2
2012	4	6	10	0	24.804433	120.973299	0	1	0	8	1	5	50	4	1	1	5	4	5	7	4	4	10	5	5	2	12	2
2012	4	6	17	0	24.795792	120.971823				8			50															3
2012	4	3	15	17	30.545	114.308421				8			50															3
2012	4	9	1	56	24.7842919	121.0181496				8			50															3
2012	4	4	9	13	24.8179101	120.9746821				8			50															3
2012	4	4	10	54	24.798766	120.982261				8			40															3
2012	4	8	18	51	24.812933	120.9658931	0	2	0	7	3	5	50	4	1	1	5	4	5	7	1	1	10	5	5	2	16	2
2012	4	6	12	13	24.8055081	120.955476	0	1	0	8	1	5	50	14	9	1	5	4	5	7	4	4	1	4	5	1	17	2
2012	4	9	8	50	24.7932831	121.001211				8			50															3
2012	4	15	16	16	24.7991219	120.9997704	0	0	0	8	1	5	50	13	9	1	5	4	5	7	4	4	10	5	5	2	17	3
2012	4	8	15	0	24.7874802	121.0095148				8			50															3
2012	4	6	20	30	24.8138086	121.0284342	0	1	0	8	3	5	40	4	9	1	5	4	5	2	4	4	10	5	5	1	16	2
2012	4	9	10	36	24.802511	120.962362	0	1	0	7	1	5	50	4	9	1	5	4	5	7	3	1	10	5	5	2	15	2
2012	4	8	14	47	24.8037161	120.981729				8			50															3
2012	4	8	16	17	24.7946031	120.965558	0	1	0	8	1	5	50	9	9	1	5	4	5	7	4	4	10	5	5	2	16	2
2012	4	9	18	0	24.8187113	120.9752899	0	1	0	6	1	5	50	3	1	1	4	4	5	7	4	4	10	5	5	2	16	2
2012	4	9	20	2	24.77893205	120.9329053	0	2	0	6	3	5	40	14	9	1	4	4	5	7	4	4	10	5	5	2	2	2
2012	4	9	22	38	23.907561	106.625776	0	1	0	7	3	5	50	14	9	1	4	4	5	7	4	4	5	4	5	2	14	2
2012	4	9	20	44	24.8147153	120.9796905				8			50															3
2012	4	9	18	6	24.80654	120.963155				6			50															3
2012	4	9	13	28	24.8060521	120.9840534				6			50															3
2012	4	10	11	0	24.8196086	120.9729998				8			50															3
2012	4	10	7	47	24.7935601	120.975008	0	2	0	6	1	5	50	14	9	1	4	4	5	7	4	4	5	5	5	2	13	2
2012	4	10	10	45	24.7589503	120.943968				8			50															3
2012	4	10	9	0	24.8082011	120.977946	0	2	0	8	1	5	50	14	9	1	5	4	5	7	4	4	5	5	5	1	17	2
2012	4	10	15	45	24.8071391	120.984043				8			50															3
2012	4	10	18	40	24.805789	120.987839				8			50															3
2012	4	10	14	54	24.800514	120.966364				8			50															3
2012	4	10	22	40	24.80165	120.970394	0	1	0	8	3	5	50	14	9	1	5	4	5	7	4	4	5	4	5	2	11	2
2012	4	8	9	40	24.41422875	120.759641				8			50															3
2012	4	8	17	36	24.8093932	120.9664449	0	1	0	8	1	5	50	14	9	1	5	4	5	7	4	4	10	5	5	2	13	2
2012	4	9	19	25	24.7873656	121.0096554				6			50															3
2012	4	10	19	2	24.8281557	120.9554018				8			50															3
2012	4	11	1	5	24.7968219	120.9579913	0	1	0	8	4	5	50	14	9	1	5	4	5	7	4	4	10	5	5	2	13	2
2012	4	11	10	30	24.790798	121.0055625	0	2	0	8	1	5	50	5	1	1	5	4	5	7	1	1	10	5	5	2	12	2
2012	4	1	11	50	24.790798	121.0055625				8			50															3
2012	4	1	13	1	24.78515	121.02176				8			50															3
2012	4	11	7	43	24.7863632	120.9248771	0	3	0	8	1	5	50	14	5	1	5	4	5	7	4	4	1	4	4	2	17	2
2012	4	11	9	20	24.813078	120.989373	0	1	0	8	1	5	50	14	5	1	5	4	5	7	4	4	1	4	5	1	12	2
2012	4	11	11	30	24.79473	120.972109				8			50															3
2012	4	11	13	52	24.8435201	120.9307635	0	3	0	8	1	5	50	14	9	1	5	4	5	7	4	4	9	5	5	1	12	2
2012	4	11	22	53	24.8055405	120.9628753	0	2	0	8	3	5	50	4	1	1	5	4	5	7	4	4	10	5	5	2	16	2
2012	4	11	19	18	24.8246861	120.966134				8			50															3
2012	4	11	16	56	24.7926681	120.921824				8			40															3
2012	4	11	18	48	31.3512963	120.9811634	0	1	0	8	2	5	50	14	11	1	5	4	5	7	4	4	2	3	3	2	20	2
2012	4	12	7	45	24.7917043	120.9758328	0	2	0	8	1	5	50	3	1	1	5	4	5	7	3	1	10	5	5	2	16	2
2012	4	11	15	50	24.803596	120.968838				8			50															3
2012	4	12	14	15	24.7707771	120.971906				8			40															3
2012	4	12	13	15	24.78436645	121.0121615				8			50															3
2012	4	12	9	11	24.802741	120.971166	0	1	0	8	1	5	50	4	1	1	5	4	5	7	4	4	10	5	5	2	15	2
2012	4	11	15	50	24.7832579	121.0227085				8			50															3
2012	4	12	10	25	24.8423748	120.9341485	0	3	0	8	1	5	50	4	1	1	5	4	5	7	1	1	10	5	5	2	13	2
2012	4	3	16	48	24.8462581	120.9264122	0	1	0	8	1	5	50	4	1	1	5	4	5	7	4	4	10	5	5	2	3	2
2012	4	6	17	21	24.7998135	120.9909705				8			50															3
2012	4	10	9	3	24.7995118	120.9640121	0	1	0	8	1	5	50	4	1	1	5	4	5	7	4	4	10	5	5	2	15	2
2012	4	10	8	1	24.7982351	120.965855				8			50															3
2012	4	10	7	13	24.7976802	120.9647883				8			50															3
2012	4	7	20	15	24.8075352	120.9610959				8			50															3
2012	4	8	7	5	24.7966825	120.9781107				8			50															3
2012	4	11	7	5	24.8028541	120.969323				8			50															3
2012	4	11	12	0	24.8137323	120.9674304				8			50															3
2012	4	6	18	33	24.7965031	120.983871				8			50															3
2012	4	3	9	16	24.80174845	120.9921434	0	1	0	8	1	5	50	3	2	1	5	4	5	6	1	1	10	5	5	2	13	2
2012	4	13	11	10	24.81076025	120.9625225				8			50															3
2012	4	13	7	30	24.7931407	120.9728505				8			50															3
2012	4	9	19	26	24.742835	120.909039	0	1	0	8	3	5	50	14	9	1	5	4	5	7	4	4	7	5	5	2	13	2
2012	4	13	14	25	24.7800583	121.0169531				8			50															3
2012	4	13	15	55	24.809153	120.978404				8			50															3
2012	4	11	18	19	24.8105021	120.9820787				8			50															3
2012	4	13	12	30	24.78438	121.014497	0	1	0	8	1	5	50	3	1	1	5	4	5	7	4	4	10	5	5	2	16	2
2012	4	12	18	19	24.7932831	121.001211	0	1	0	8	3	5	50	3	2	1	5	4	5	7	2	1	1	4	5	2	13	2
2012	4	12	21	50	24.79509185	120.9708905				8			50															3
2012	4	14	7	0	24.7655791	120.97828				6			50															3
2012	4	14	10	11	24.8367712	120.9313778	0	1	0	8	1	5	50	14	9	1	5	4	5	7	4	4	5	5	5	1	3	2
2012	4	14	12	50	24.7932831	121.001211				8			50															3
2012	4	14	10	20	24.778017	121.025252				8			50															3
2012	4	14	14	24	24.8091112	120.9601481				8			50															3
2012	4	10	11	5	24.8256414	120.9566902				8			40															3
2012	4	14	17	20	24.81813245	120.9593904				8			50															3
2012	4	13	9	28	24.7932831	121.001211	0	1	0	8	1	5	50	4	1	1	5	4	5	7	1	1	10	5	5	2	12	2
2012	4	14	19	35	24.797956	120.9777543	0	2	0	8	3	5	50	4	1	1	5	4	5	7	4	4	10	5	5	2	3	2
2012	4	10	11	8	24.7882139	120.9286821				8			50															3
2012	4	1	19	11	24.8074301	120.965298	0	2	0	8	4	5	50	14	9	1	5	4	5	7	4	4	9	5	5	1	16	2
2012	4	10	13	47	24.7979731	120.984221				8			50															3
2012	4	13	9	7	24.7996566	120.9914693				8			50															3
2012	4	13	15	31	24.8087242	120.9584333	0	1	0	8	1	5	50	3	1	1	5	4	5	7	2	1	10	5	5	2	16	2