年	月	日	時	分	GoogleLat	GoogleLng	死	受傷	2-30	天候	光線	道路類別	速限	道路型態	事故位置	路面鋪裝	路面狀態	路面缺陷	障礙物	視距	號誌種類	號誌動作	分向設施	快車道或一般車道間	快慢車道間	路面邊線	事故類型及型態	事故類別
2012	4	14	19	46	24.8197241	120.994333	0	2	0	8	3	5	50	3	1	1	5	4	5	7	1	1	1	2	5	2	13	2
2012	4	13	17	0	24.78485485	120.9811				8			50															3
2012	4	15	1	9	24.796886	120.956125	0	1	0	8	3	5	50	10	9	1	5	4	5	7	4	4	3	5	5	1	9	2
2012	4	14	11	18						8			50															3
2012	4	1	15	50						8			50															3
2012	4	4	7	40						8			50															3
2012	4	3	9	33			0	0	0	8	1	5	50	5	2	1	5	4	5	7	4	4	5	4	5	2	18	3
2012	4	4	12	32						8			50															3
2012	4	5	19	4	24.8082661	120.961116				6			50															3
2012	4	15	8	11	24.8176705	120.9933049	0	1	0	8	1	5	50	3	1	1	5	4	5	7	1	1	10	5	5	2	15	2
2012	4	15	10	4	24.74775915	120.9488119	0	2	0	8	1	7	40	14	9	1	5	4	5	7	4	4	1	5	5	2	13	2
2012	4	10	14	15	24.79648	120.998228				8			50															3
2012	4	9	8	58	24.7815604	121.0225342				6			50															3
2012	4	5	20	36	24.816617	120.970198	0	1	0	6	3	5	50	3	2	1	4	4	5	7	4	4	5	5	5	1	16	2
2012	4	6	16	16	24.74417735	120.9072056				8			50															3
2012	4	15	7	54	24.83324075	120.9468056	0	1	0	8	1	5	50	3	1	1	5	4	5	7	4	4	10	5	5	2	16	2
2012	4	15	10	23	24.7782339	120.9798837				8			50															3
2012	4	15	11	45	24.8140423	120.9781279				8			50															3
2012	4	15	19	51	29.0289146	111.6613067				6			50															3
2012	4	15	22	19	39.03076985	106.3538138				6			50															3
2012	4	15	23	10	24.8094257	120.9589156				6			50															3
2012	4	16	0	22	24.7956191	120.936173	0	1	0	6	3	5	50	14	9	1	4	4	5	7	4	4	9	4	5	1	17	2
2012	4	15	22	42	24.80506685	120.9407588	0	2	0	6	3	5	40	14	9	1	4	4	5	7	4	4	5	5	5	2	2	2
2012	4	15	18	11	24.8084333	120.968825				8			50															3
2012	4	16	7	36	24.812646	120.9829318				6			50															3
2012	4	16	12	36	24.815317	120.985003				6			50															3
2012	4	16	14	3	24.7966819	120.9781291	0	1	0	6	1	5	50	4	1	1	4	4	5	7	4	4	9	5	5	2	15	2
2012	4	16	10	48	24.81462735	120.9857367	0	1	0	6	1	5	50	4	1	1	4	4	5	7	1	1	10	5	5	2	16	2
2012	4	16	12	0	24.8055397	120.9770756	0	2	0	6	1	5	50	4	2	1	4	4	5	7	1	1	1	2	5	2	18	2
2012	4	16	16	0	24.80276315	120.9889653				6			50															3
2012	4	16	18	57	24.8367712	120.9313778				8			50															3
2012	4	16	18	10	24.79086175	120.9235375	0	1	0	7	3	5	50	3	1	1	5	4	5	7	4	4	10	5	5	2	3	2
2012	4	16	20	40			0	2	0	7	3	5	50	14	9	1	5	4	5	7	4	4	3	2	5	2	12	2
2012	4	16	22	13			0	0	0	8	1	5	50	4	1	1	5	4	5	7	3	1	5	5	5	1	16	3
2012	4	16	19	40						8			40															3
2012	4	16	21	51	24.73400965	120.9131372				8			60															3
2012	4	11	19	24	24.8129231	120.966418	0	2	0	8	3	5	50	14	9	1	5	4	5	7	4	4	1	4	5	1	13	2
2012	4	13	0	30	24.7811941	121.023401	0	1	0	8	3	5	50	14	9	1	5	4	5	7	4	4	5	4	5	1	16	2
2012	4	13	18	0	24.795646	120.998564				8			50															3
2012	4	13	19	57	24.7919685	121.0148844				8			50															3
2012	4	17	7	41	24.7887338	120.9749146				8			50															3
2012	4	17	13	20	24.796859	120.9761				8			50															3
2012	4	17	15	20	24.7860539	121.0024861				8			50															3
2012	4	6	23	53	24.7775691	121.021589				8			50															3
2012	4	15	14	45	24.79418315	121.013014				8			50															3
2012	4	15	15	40	24.787621	121.017191	0	1	0	8	1	5	50	3	1	1	5	4	5	7	4	4	9	5	5	2	17	2
2012	4	18	8	20	24.8356092	120.9235789				8			90															3
2012	4	17	5	30	24.80137145	120.9604404				8			50															3
2012	4	18	9	14	24.8120461	120.9560516	0	3	0	8	1	5	40	4	1	1	5	4	5	7	4	4	10	5	5	2	15	2
2012	4	17	18	57	24.728021	120.917211	0	1	0	8	3	5	50	3	1	1	5	4	5	7	4	4	10	5	5	2	16	2
2012	4	17	20	30	24.7940768	121.013496				8			50															3
2012	4	17	23	33	24.8115741	120.987501	0	1	0	8	2	5	50	14	9	1	5	4	5	7	4	4	10	5	5	2	13	2
2012	4	7	15	8	24.8046673	120.9661692	0	0	0	8	1	5	50	14	9	1	5	4	5	7	4	4	5	4	5	2	12	3
2012	4	18	12	2	24.787659	121.017218	0	2	0	8	1	5	50	14	9	1	5	4	5	7	4	4	9	5	5	1	2	2
2012	4	18	14	22	24.819298	120.974877	0	0	0	6	1	5	40	13	9	1	4	4	5	7	4	4	10	5	5	1	11	3
2012	4	18	18	39	24.7764191	121.0219647				6			50															3
2012	4	18	18	10	24.8037208	120.9254023	0	1	0	7	3	5	50	11	9	1	4	4	5	7	4	4	9	5	5	1	26	2
2012	4	1	10	35	24.7950031	120.9484151				8			50															3
2012	4	6	7	21	24.7932831	121.001211	0	1	0	8	1	5	50	4	1	1	5	4	5	7	1	1	10	5	5	2	16	2
2012	4	7	10	0	24.7874031	121.005179				8			50															3
2012	4	6	8	52	24.8031579	120.9804227	0	2	0	8	1	5	50	14	9	1	5	4	5	7	4	4	5	5	5	2	13	2
2012	4	10	11	1	24.7941781	121.000595				8			50															3
2012	4	11	19	8	24.8093932	120.9664449	0	2	0	8	3	5	50	5	1	1	5	4	5	7	1	1	10	5	5	2	16	2
2012	4	14	21	15	24.8084612	120.9732763	0	1	0	8	3	5	50	4	1	1	5	4	5	7	4	4	10	5	5	2	16	2
2012	4	17	9	25	24.79575715	120.9962495	0	2	0	8	1	5	50	14	9	1	5	4	5	7	4	4	5	5	5	2	16	2
2012	4	19	8	0	24.80346815	120.9739119				8			50															3
2012	4	18	20	38	24.78210455	120.9660412	0	1	0	6	3	5	50	3	1	1	4	4	5	7	4	4	10	5	5	2	11	2
2012	4	19	15	53	24.781567	121.021615	0	1	0	8	1	5	50	3	2	1	5	4	5	7	4	4	5	4	5	2	16	2
2012	4	15	20	40	24.8090194	120.960827				6			50															3
2012	4	19	14	3	24.8014764	120.9851297	0	1	0	8	1	5	50	3	1	1	5	4	5	7	4	4	1	4	5	2	16	2
2012	4	23	11	25	24.8277361	120.927017				8			40															3
2012	4	18	17	48	24.79377995	121.0142112				8			50															3
2012	4	18	20	18	24.8042116	120.9705392				8			40															3
2012	4	19	12	17	24.77713795	121.0237354				8			50															3
2012	4	19	17	1	24.79189685	120.9275195	0	2	0	8	1	5	50	14	9	1	5	4	5	7	4	4	5	5	4	2	2	2
2012	4	19	20	25	24.79382215	120.9370932				8			50															3
2012	4	18	8	0	24.7869717	120.9865578	0	1	0	8	1	5	50	11	8	1	5	4	5	7	4	4	1	4	4	2	12	2
2012	4	18	17	10	24.8042903	120.9752282				8			50															3
2012	4	20	0	34	24.7354474	120.9129485	0	0	0	8	3	5	50	4	1	1	5	4	5	7	1	1	10	5	5	2	16	3
2012	4	17	18	20	24.802804	120.9778511	0	2	0	8	3	5	50	14	9	1	5	4	5	6	4	4	9	5	5	2	16	2
2012	4	14	11	44	30.545	114.308421				8			50															3
2012	4	15	18	45	24.798266	120.978416	0	1	0	8	3	5	50	3	1	1	5	4	5	7	4	4	10	4	4	2	16	2
2012	4	19	17	9	24.8083178	120.9672934	0	2	0	8	1	5	50	3	1	1	5	4	5	7	4	4	10	5	5	2	16	2
2012	4	19	11	0						8			50															3
2012	4	4	6	40						8			50															3
2012	4	15	22	7			0	2	0	6	3	5	50	4	18	1	4	4	5	7	2	1	10	5	5	2	3	2
2012	4	19	8	30	24.79994335	121.013726	0	1	0	8	1	5	50	11	9	1	5	4	5	7	4	4	1	4	5	2	18	2
2012	4	9	7	53	24.818305	120.971862							50															3
2012	4	9	10	14	24.8161395	120.9934274	0	1	0	7	1	5	50	4	1	1	5	4	5	7	2	1	10	5	5	2	16	2
2012	4	10	22	5	24.8185572	120.9951081				8			50															3
2012	4	14	22	55	24.8392689	120.9340598				8			50															3
2012	4	14	3	40	24.8137323	120.9674304				8			50															3
2012	4	16	11	0	24.7520995	120.9068971				6			40															3
2012	4	19	13	13	24.7950541	120.975795				8			50															3
2012	4	16	16	40	24.812476	120.964304				8			50															3
2012	4	16	13	5	24.7364702	121.0846785				8			40															3
2012	4	19	8	23	24.8062751	120.959011				8			50															3
2012	4	19	16	50	24.790559	120.925852				8			50															3
2012	4	19	18	10	24.79086175	120.9235375				8			50															3
2012	4	19	9	0	24.800068	120.9684998				8			50															3
2012	4	15	18	30	24.8206541	120.927682	0	1	0	8	3	5	50	14	9	1	5	4	5	7	4	4	5	5	5	2	16	2
2012	4	19	16	15	24.8195799	120.9669803	0	2	0	8	1	5	40	14	9	1	5	4	5	7	4	4	1	3	5	2	17	2
2012	4	20	22	0	24.7964808	120.9524293				8			50															3
2012	4	20	23	5	26.0529002	119.2594618				6			50															3
2012	4	21	1	39	24.8256414	120.9566902	0	1	0	6	3	5	40	11	9	1	4	4	5	1	4	4	4	4	5	1	10	2
2012	4	17	8	36	24.8205297	120.9738323	0	1	0	8	1	5	50	14	9	1	5	4	5	7	4	4	5	4	5	2	16	2
2012	4	17	11	15	24.8103164	120.9718317	0	1	0	8	1	5	50	4	1	1	5	4	5	7	3	3	10	5	5	2	15	2
2012	4	16	8	27	24.7702698	120.9734533	0	1	0	7	1	5	50	4	1	1	5	4	5	7	1	1	10	5	5	2	16	2
2012	4	17	15	44	24.818547	120.962192				8			40															3
2012	4	21	7	12	24.792504	120.949731				8			40															3
2012	4	19	9	55	24.801449	121.0005474	0	2	0	8	1	5	50	3	1	1	5	4	5	7	2	1	10	5	5	2	15	2
2012	4	21	9	13	24.8047718	120.9556443				8			50															3
2012	4	21	10	40	24.79509185	120.9708905	0	1	0	8	1	5	50	14	9	1	5	4	5	7	4	4	9	5	5	2	12	2
2012	4	21	10	36	24.783055	121.020526	0	1	0	8	1	5	40	14	9	1	5	4	5	7	4	4	10	5	5	2	16	2
2012	4	21	8	34	24.778704	121.025119	0	1	0	8	1	5	50	14	9	1	5	4	5	7	3	1	5	5	5	2	3	2
2012	4	21	14	25	31.1997563	107.5045488	0	3	0	6	1	5	50	4	1	1	4	4	5	7	1	1	10	5	5	2	15	2
2012	4	19	9	59	24.797232	120.9637474	0	1	0	7	1	5	50	4	2	1	5	4	5	7	1	1	5	5	5	2	16	2
2012	4	19	14	19	24.797597	120.93652				8			50															3
2012	4	19	7	49	24.8047718	120.9556443				8			50															3
2012	4	21	10	0	24.814211	120.961401				8			40															3
2012	4	21	4	40	24.8052951	120.956062				8			50															3
2012	4	11	9	38	24.8160533	120.9934924				8			50															3
2012	4	12	17	25	24.8059491	120.962251				8			50															3
2012	4	13	22	37	24.81522855	120.9882336	0	1	0	8	3	5	50	3	1	1	5	4	5	7	3	1	10	5	5	2	3	2
2012	4	17	14	25	24.8126081	120.988826	0	2	0	8	1	5	50	14	9	1	5	4	5	7	4	4	1	4	5	1	12	2
2012	4	14	14	2	24.794921	120.99947				8			50															3
2012	4	15	12	19	24.7965491	120.960726				8			50															3
2012	4	15	2	37	24.812933	120.9658931	0	0	0	8	3	5	50	4	2	1	5	4	5	7	4	4	10	5	5	1	12	3
2012	4	4	14	24	24.7854886	121.0187361				8			50															3
2012	4	4	16	56	24.8095843	120.9606931	0	1	0	8	1	5	50	4	2	1	5	4	5	7	4	4	1	4	5	1	13	2
2012	4	7	10	2	24.79281935	120.9361445				8			50															3
2012	4	8	11	49	24.81640805	120.994529				8			50															3
2012	4	21	2	10	24.8047713	120.9756159	0	1	0	7	3	5	50	14	9	1	4	4	5	7	4	4	1	4	5	2	23	2
2012	4	19	12	45	24.7887249	120.9300095	0	1	0	8	1	5	50	14	9	1	5	4	5	7	4	4	9	4	5	2	16	2
2012	4	22	9	2	24.788028	120.967424	0	1	0	7	1	5	50	3	1	1	5	4	5	7	4	4	10	5	5	2	16	2
2012	4	22	9	14	24.8044092	120.9774476	0	1	0	7	1	5	40	3	1	1	5	4	5	3	4	4	10	5	5	2	16	2
2012	4	20	14	56	24.77388995	120.9568294	0	2	0	8	1	5	50	11	9	1	5	4	5	7	4	4	10	5	5	2	11	2
2012	4	20	18	8	24.8057545	120.9711867				8			50															3
2012	4	22	8	36	24.7956621	120.971317				8			50															3
2012	4	22	11	33	24.79697	120.963011	0	2	0	8	1	5	50	14	9	1	5	4	5	7	4	4	5	5	5	1	13	2
2012	4	19	11	20	24.8020598	120.9954236	0	2	0	8	1	5	50	3	1	1	5	4	5	7	2	1	10	5	5	2	15	2
2012	4	21	17	14	24.819359	120.9825494				6			50															3
2012	4	8	13	33	24.8176301	120.970518	0	1	0	8	1	5	40	14	9	1	5	4	5	7	4	4	10	5	5	1	16	2
2012	4	8	18	9	24.79418315	121.013014				8			50															3
2012	4	22	19	48	24.79031295	120.9352439	0	2	0	8	3	5	50	14	8	1	5	4	5	7	4	4	1	4	4	2	2	2
2012	4	20	17	8	24.7702698	120.9734533				8			50															3
2012	4	23	0	30	24.804752	120.9697	0	1	0	8	3	5	50	14	20	1	5	4	5	7	4	4	5	4	5	2	17	2
2012	4	11	20	30	24.80312085	120.9542967				6			50															3
2012	4	12	18	50	24.7982434	120.9530141	0	1	0	8	3	5	50	3	1	1	5	4	5	7	4	4	10	5	5	2	12	2
2012	4	13	15	50	24.7975598	120.995739				8			50															3
2012	4	22	14	43	24.803301	120.971699				8			50															3
2012	4	22	19	55	24.8235233	120.9787074	0	1	0	8	3	5	50	14	9	1	5	4	5	7	4	4	5	5	5	1	16	2
2012	4	23	5	40	24.8121172	120.9753769	0	1	0	8	1	5	50	14	9	1	5	4	5	7	4	4	5	4	5	1	3	2
2012	4	22	18	27	24.78906635	121.0046317	0	2	0	7	3	5	50	4	1	1	5	4	5	7	1	1	10	5	5	2	16	2
2012	4	23	20	10	24.8084612	120.9732763				8			50															3
2012	4	23	19	35	24.792879	121.002161				8			50															3
2012	4	18	7	40	24.7874802	121.0095148	0	0	0	8	1	5	50	15	9	1	5	4	5	7	4	4	10	5	5	2	14	3
2012	4	18	10	30	24.7654321	120.977569				8			40															3
2012	4	24	5	53	24.7935241	120.96682				8			50															3
2012	4	18	18	0	24.7974154	120.9603115				8			30															3
2012	4	16	9	20	24.7861241	121.022184				6			50															3
2012	4	19	19	45	24.7949306	120.9239694				8			50															3
2012	4	20	13	0	24.7998135	120.9909705	0	1	0	8	1	5	50	4	1	1	5	4	5	7	2	1	10	5	5	2	16	2
2012	4	20	15	38	24.81408	120.9607259				8			50															3
2012	4	20	17	53	24.8049062	120.9356678	0	3	0	8	1	5	50	4	1	1	5	4	5	7	3	1	10	5	5	2	9	2
2012	4	20	20	24	24.79031295	120.9352439				8			50															3
2012	4	16	14	53	30.569631	114.368146	0	1	0	8	1	5	50	4	1	1	5	4	5	7	1	1	10	5	5	2	16	2
2012	4	24	12	15	24.79509185	120.9708905				8			50															3
2012	4	24	7	50	24.803137	120.973007	0	1	0	8	1	5	50	14	9	1	5	4	5	7	4	4	10	5	5	2	17	2
2012	4	24	9	5	24.8068431	120.9796515	0	2	0	8	1	5	50	3	1	1	5	4	5	7	1	1	10	5	5	2	16	2
2012	4	24	14	6	24.8025954	120.9651562	0	2	0	8	1	5	50	4	1	1	5	4	5	7	2	1	10	5	5	2	15	2
2012	4	1	22	50	24.805071	120.963605	0	1	0	8	3	5	50	4	9	1	5	4	5	7	4	4	10	5	5	2	13	2
2012	4	24	15	28	24.79311235	121.0115108	0	1	0	8	1	5	50	14	9	1	5	4	5	7	1	1	10	5	5	2	12	2
2012	4	24	17	1	24.8298551	120.955826				8			40															3
2012	4	19	7	0	24.80681595	120.9316728				8			50															3
2012	4	24	17	0	24.8053221	120.9734181				8			50															3
2012	4	24	18	16	24.8044092	120.9774476				8			40															3
2012	4	19	11	27	24.7811693	121.0094727				8			50															3
2012	4	24	19	32	24.79760605	121.0029783				8			40															3
2012	4	19	12	35	24.8164287	120.9740042				8			50															3
2012	4	24	18	45	24.808032	120.984955	0	2	0	8	3	5	50	3	1	1	5	4	5	7	4	4	10	5	5	2	16	2
2012	4	24	19	42	24.8001525	120.9896318				8			50															3
2012	4	20	15	26	24.8019741	121.0001719				8			50															3
2012	4	18	19	20	24.80187605	120.9539295																						3
2012	4	13	1	48	24.8356092	120.9235789	0	1	0	8	3	5	50	4	1	1	5	4	5	7	3	1	10	5	5	2	16	2
2012	4	19	17	10	24.7936697	121.0144594	0	1	0	8	1	5	50	14	9	1	5	4	5	7	4	4	10	5	5	2	17	2
2012	4	22	15	14	24.7975598	120.995739	0	2	0	8	1	5	50	3	1	1	5	4	5	7	1	1	10	5	5	2	16	2
2012	4	22	14	39	24.8119276	120.9883356				6			50															3
2012	4	25	9	35	24.7909875	121.0171366	0	1	0	8	1	5	50	3	1	1	5	4	5	7	4	4	10	5	5	2	12	2
2012	4	25	12	15	24.7589503	120.943968	0	1	0	8	1	8	50	14	9	1	5	4	5	7	4	4	4	4	4	2	16	2
2012	4	25	11	30	24.812332	120.989651				8			50															3
2012	4	22	12	30	24.8041675	120.9700725				8			50															3
2012	4	25	14	55	24.777235	120.947174				8			50															3
2012	4	25	9	8	24.80417925	121.015796				8			50															3
2012	4	25	10	3	24.788637	121.020251				8			50															3
2012	4	25	14	27	24.8126159	120.9656114	0	1	0	8	1	5	50	4	1	1	5	4	5	7	3	1	10	5	5	2	15	2
2012	4	24	15	5	24.8147153	120.9796905				8			50															3
2012	4	25	17	0	24.7681185	120.9634115	0	1	0	8	1	5	50	3	1	1	5	4	5	7	1	1	10	5	5	2	18	2
2012	4	24	17	58	24.7932831	121.001211	0	1	0	8	1	5	50	3	1	1	5	4	5	7	4	4	1	4	5	2	16	2
2012	4	25	17	56	24.8136159	120.9836691				8			50															3
2012	4	25	17	45	24.78520265	121.0117464	0	2	0	7	2	5	50	3	1	1	5	4	5	7	4	4	10	5	5	2	16	2
2012	4	25	15	43	24.8129406	120.9671292				6			50															3
2012	4	24	11	30	24.781002	121.023965				8			50															3
2012	4	20	9	30	24.8193464	120.979387				8			50															3
2012	4	18	8	19	24.82053645	120.9738377	0	1	0	8	1	5	50	14	9	1	5	4	5	7	4	4	9	4	5	2	16	2
2012	4	6	19	46	24.7972591	120.974349	0	1	0	8	3	5	50	4	1	1	5	4	5	7	4	4	10	5	5	2	3	2
2012	4	25	16	3						6			50															3
2012	4	26	7	39	24.795317	120.998926	0	1	0	7	1	5	50	14	9	1	4	4	5	7	4	4	2	4	5	2	13	2
2012	4	18	9	59	24.7968771	120.984961	0	1	0	8	1	5	50	14	9	1	5	4	5	7	4	4	9	5	5	1	12	2
2012	4	13	9	22	24.7976289	120.977252				8			50															3
2012	4	3	11	0	24.7883507	120.9286567	0	1	0	8	1	5	50	14	9	1	5	4	5	7	1	1	1	5	5	2	12	2
2012	4	25	7	40	24.78274365	120.9329126	0	2	0	8	1	5	40	14	9	1	5	4	5	7	4	4	5	5	5	1	13	2
2012	4	26	12	0	24.8356702	121.0202474				6			50															3
2012	4	5	18	51	24.7938243	120.9682754				6			50															3
2012	4	25	16	56	24.8170344	120.9755538	0	1	0	7	1	5	50	3	9	1	4	4	5	7	4	4	10	5	5	2	16	2
2012	4	11	16	35	24.8054856	120.9771749	0	2	0	8	1	5	50	5	1	1	5	4	5	7	2	1	10	5	5	2	11	2
2012	4	21	11	30	24.80139	120.9770515				8			50															3
2012	4	21	14	5	24.802071	120.9546306	0	1	0	8	1	5	50	4	4	1	5	4	5	7	4	4	5	5	5	2	16	2
2012	4	5	22	23	24.8192785	120.9757087				8			50															3
2012	4	25	18	20	24.8006432	120.9539443	0	1	0	8	3	5	50	3	1	1	5	4	5	7	4	4	10	5	5	2	16	2
2012	4	6	2	37	24.810326	120.961469				8			50															3
2012	4	22	16	30	24.801167	120.959709				8			40															3
2012	4	23	7	36	24.7873656	121.0096554				8			50															3
2012	4	26	4	5	24.7842919	121.0181496				6			50															3
2012	4	26	15	12	24.802212	120.970642	0	2	0	7	1	5	50	14	9	1	5	4	5	7	4	4	5	4	5	2	16	2
2012	4	26	18	40	24.8211953	120.9771783				6			50															3
2012	4	25	6	45	24.805159	120.969488				8			40															3
2012	4	25	7	42	24.8137566	120.967524				8			50															3
2012	4	5	19	25	24.8090241	120.959513				6			50															3
2012	4	25	15	30	24.79509185	120.9708905	0	3	0	7	1	5	50	3	2	1	5	4	5	7	3	1	10	5	5	2	16	2
2012	4	25	16	5	24.8047812	120.9685743	0	0	0	8	1	5	50	4	1	1	5	4	5	7	4	4	10	5	5	1	17	3
2012	4	26	19	20	24.814951	120.988125				6			50															3
2012	4	17	8	35	24.8119556	120.9682065				8			50															3
2012	4	4	10	32	24.8378461	120.932428				8			50															3
2012	4	5	21	10	24.7702698	120.9734533	0	1	0	6	3	5	40	14	9	1	4	4	5	7	4	4	5	5	5	1	3	2
2012	4	7	15	10	24.809628	120.959079				8			50															3
2012	4	7	20	0	24.8234125	120.9696936				8			40															3
2012	4	20	16	47	24.8030101	120.982113	0	1	0	8	1	5	50	14	9	1	5	4	5	7	4	4	10	4	5	2	12	2
2012	4	26	7	54	24.7896961	121.018798				8			50															3
2012	4	23	14	10	24.7895617	120.9566158				8			50															3
2012	4	18	18	21	24.7681185	120.9634115				6			50															3
2012	4	23	8	10	24.8150922	120.9852896				8			50															3
2012	4	27	10	0	24.78465255	120.920554				6			50															3
2012	4	12	12	15	39.03076985	106.3538138				8			50															3
2012	4	12	13	18	24.8363155	120.9398668				8			50															3
2012	4	27	7	16	24.80330045	120.9736468	0	1	0	7	1	5	50	14	9	1	5	4	5	7	4	4	5	4	5	2	17	2
2012	4	13	10	29	24.796372	120.983519	0	1	0	8	1	5	50	14	9	1	5	4	4	7	4	4	10	5	5	1	16	2
2012	4	12	18	25	24.83716415	120.9316426	0	2	0	8	3	5	50	4	1	1	5	4	5	7	1	1	10	5	5	2	15	2
2012	4	26	0	4	24.80691545	121.0096482	0	2	0	6	3	5	50	14	9	1	4	4	5	7	4	4	5	5	5	2	18	2
2012	4	26	18	55	24.77492545	120.9180034	0	1	0	6	3	5	50	14	9	1	4	4	5	6	4	4	1	4	5	1	16	2
2012	4	20	18	53	24.7818596	121.0211214	0	1	0	8	3	5	50	3	2	1	5	4	5	7	2	1	10	5	5	2	2	2
2012	4	27	20	11	24.7989871	120.973415				6			50															3
2012	4	27	21	8	24.7889061	120.929058				6			40															3
2012	4	16	10	18	24.81565	120.959961				6			50															3
2012	4	15	16	5	24.79557	120.971969				8			50															3
2012	4	26	11	0	24.8235831	120.976031				6			50															3
2012	4	26	17	25	24.7873656	121.0096554				6			50															3
2012	4	27	18	40	24.8211953	120.9771783	0	1	0	6	3	5	50	3	1	1	4	4	5	7	4	4	10	5	5	2	16	2
2012	4	15	20	51	24.76996045	120.9007699				6			50															3
2012	4	17	14	14	24.8078863	120.9580757				8			50															3
2012	4	27	13	40	24.7873656	121.0096554				6			50															3
2012	4	17	7	23	24.8091112	120.9601481	0	1	0	8	1	5	50	14	9	1	5	4	5	7	3	1	5	5	5	2	17	2
2012	4	21	0	9	24.810723	120.969219	0	0	0	6	3	5	50	14	9	1	4	4	5	7	4	4	9	4	5	2	12	3
2012	4	2	19	5	24.79509185	120.9708905				8			50															3
2012	4	28	9	50	24.82065595	120.9678687				8			50															3
2012	4	3	14	30	24.7873656	121.0096554				8			50															3
2012	4	21	18	10	24.80083835	120.9665193				8			50															3
2012	4	28	9	43	24.8137323	120.9674304				8			50															3
2012	4	28	12	37	24.7628681	120.9413175				8			50															3
2012	4	28	9	51	24.8161681	120.957959	0	1	0	8	1	5	50	4	1	1	5	4	5	7	3	1	10	5	5	2	16	2
2012	4	28	12	0	24.811793	120.9759163	0	1	0	7	1	5	50	14	9	1	5	4	5	7	4	4	5	4	5	2	12	2
2012	4	28	13	46	24.8076931	120.957547				8			50															3
2012	4	4	12	50	24.8001441	120.958287	0	1	0	8	1	5	50	4	18	1	5	4	5	7	1	1	10	5	5	2	3	2
2012	4	9	18	42	24.79760605	121.0029783	0	1	0	6	3	5	50	14	9	1	4	4	5	7	4	4	5	5	5	2	12	2
2012	4	27	15	35	24.8330101	121.016804				8			50															3
2012	4	27	18	20	24.8105021	120.9820787	0	2	0	6	3	5	50	4	1	1	4	4	5	7	1	1	10	5	5	2	16	2
2012	4	28	17	58	24.801178	120.963886				8			50															3
2012	4	21	18	56	24.8188992	120.9718958				8			50															3
2012	4	28	19	30	24.8036849	120.9917121				6			50															3
2012	4	27	7	55	24.79797645	120.9638302				6			50															3
2012	4	27	10	9	24.798375	120.9967	0	1	0	6	1	5	50	3	1	1	4	4	5	7	4	4	10	5	5	2	3	2
2012	4	27	16	45	24.7835511	121.018333				6			50															3
2012	4	27	17	44	24.790231	121.006038				6			50															3
2012	4	28	20	55	24.808662	120.97124				8			50															3
2012	4	20	23	22	24.790813	121.004527				8			50															3
2012	4	22	14	54	24.8125081	120.964279	0	1	0	8	1	5	50	14	9	1	5	4	5	7	4	4	5	4	5	2	16	2
2012	4	23	6	25	24.7685196	120.9771182	0	1	0	8	1	5	50	4	2	1	5	4	5	7	4	4	10	5	5	2	16	2
2012	4	28	15	30	24.84901955	120.928062				6			50															3
2012	4	28	19	40	24.7909301	120.9379034	0	2	0	7	3	5	50	14	9	1	4	4	5	7	4	4	1	5	5	2	13	2
2012	4	27	23	0	24.804607	120.97652				6			50															3
2012	4	29	0	0	24.7932831	121.001211	0	0	0	8	1	5	50	15	20	4	5	4	5	7	4	4	1	4	5	2	17	3
2012	4	29	12	13	24.806609	120.919962				8			40															3
2012	4	22	15	35	24.78938555	121.0008744				8			50															3
2012	4	26	18	38	24.80229355	120.9547256				6			50															3
2012	4	29	12	49	24.80792	120.970222	0	1	0	8	1	5	50	4	1	1	5	4	5	7	4	4	10	5	5	2	16	2
2012	4	29	14	13	24.8337728	121.0124806	0	3	0	7	1	5	40	4	1	1	5	4	5	7	4	4	10	5	5	2	15	2
2012	4	26	21	36	24.8684988	120.9533201				6			50															3
2012	4	28	17	53	24.8334571	121.017693				8			40															3
2012	4	27	23	59	24.7354474	120.9129485	0	3	0	6	3	5	50	4	1	1	4	4	5	7	1	1	10	5	5	2	15	2
2012	4	29	15	20	24.78436645	121.0121615	0	1	0	7	1	5	50	11	9	1	5	4	5	7	4	4	10	5	5	1	10	2
2012	4	29	18	16	23.907561	106.625776	0	2	0	6	3	5	50	4	1	1	4	4	5	7	1	1	10	5	5	2	17	2
2012	4	29	16	9	24.8143871	120.9768579				6			50															3
2012	4	25	10	30	24.7783331	120.93908				8			50															3
2012	4	25	11	30	24.802646	120.965391				8			50															3
2012	4	25	13	30	24.819428	120.994517				8			50															3
2012	4	29	21	10	24.81488335	120.9394568				8			50															3