年	月	日	時	分	GoogleLat	GoogleLng	死	受傷	2-30	天候	光線	道路類別	速限	道路型態	事故位置	路面鋪裝	路面狀態	路面缺陷	障礙物	視距	號誌種類	號誌動作	分向設施	快車道或一般車道間	快慢車道間	路面邊線	事故類型及型態	事故類別
2012	4	7	9	55	24.787274	121.016956	0	1	0	8	1	5	50	14	9	1	5	4	5	7	4	4	9	5	5	2	29	2
2012	4	10	16	0	24.8101701	120.968127				8			50															3
2012	4	10	19	50	24.8331464	120.9483426	0	1	0	8	3	5	50	3	1	1	5	4	5	7	1	1	10	5	5	2	16	2
2012	4	11	12	30	24.8040923	120.9749115	0	1	0	8	1	5	50	5	1	1	5	4	5	7	1	1	10	5	5	2	16	2
2012	4	14	14	30	24.8150922	120.9852896	0	1	0	8	1	5	40	14	9	1	5	4	5	7	4	4	5	5	5	2	16	2
2012	4	15	11	3	24.8087242	120.9584333				8			50															3
2012	4	15	13	40	24.799302	120.967488	0	1	0	8	1	5	50	5	9	1	5	4	5	7	4	4	9	5	5	2	13	2
2012	4	16	12	40	24.794126	120.973575				6			50															3
2012	4	20	9	0	24.7942391	120.961305	0	2	0	8	1	5	40	14	9	1	5	4	5	7	4	4	10	5	5	2	10	2
2012	4	20	17	25	24.7860539	121.0024861	0	1	0	8	1	5	50	11	9	1	5	4	5	7	1	1	5	5	5	2	12	2
2012	4	23	15	15	24.8098582	120.9771481	0	2	0	8	1	5	50	4	2	1	5	4	5	7	1	1	5	1	5	2	3	2
2012	4	23	20	0	24.7919685	121.0148844				8			50															3
2012	4	24	8	30	24.7910558	121.006802				8			40															3
2012	4	27	7	40	24.7993332	120.9511933				8			50															3
2012	4	27	17	10	24.8153903	120.9625247				6			50															3
2012	4	30	7	19	24.81259	120.972334				8			50															3
2012	4	12	16	27	24.7938027	120.968388	0	1	0	8	1	5	50	3	1	1	5	4	5	7	4	4	10	5	5	2	12	2
2012	4	30	8	55	24.7757408	121.0167883	0	1	0	8	1	5	50	14	9	1	5	4	5	7	4	4	1	4	5	2	16	2
2012	4	30	13	13	24.814597	120.981817				8			50															3
2012	4	30	12	3	24.7842919	121.0181496	0	1	0	8	1	5	50	4	2	1	5	4	5	7	4	4	10	5	5	2	12	2
2012	4	18	21	5	24.804129	120.963696	0	2	0	6	3	5	50	14	9	1	4	4	3	7	4	4	5	5	5	2	17	2
2012	4	30	13	29	24.8208224	120.9680305				8			50															3
2012	4	19	7	20	24.8034501	120.9783108	0	1	0	8	1	5	50	3	2	1	5	4	5	7	4	4	10	5	5	2	18	2
2012	4	29	15	56	24.7916451	121.003275				6			50															3
2012	4	30	18	59	24.82184665	120.9870116				8			50															3
2012	4	30	21	17	24.8203515	120.9736227				8			50															3
2012	4	3	6	44	24.81155155	120.954682	0	1	0	8	1	5	50	3	1	1	5	4	5	7	3	1	3	5	5	2	16	2
2012	4	3	9	3	24.81339	120.977472	0	1	0	8	1	5	50	14	9	1	5	4	5	7	4	4	9	5	5	1	17	2
2012	4	3	17	0	24.7650255	120.9144374	0	1	0	8	1	5	50	4	1	1	5	4	5	7	1	1	10	5	5	2	16	2
2012	4	19	9	35	24.7920679	120.9524816				8			50															3
2012	4	23	8	18	24.7969881	120.960403	0	1	0	8	1	5	50	5	2	1	5	4	5	7	1	1	10	5	5	2	13	2
2012	4	23	10	35	24.810225	120.978214				8			50															3
2012	4	5	18	32	24.8109645	120.969934				6			50															3
2012	4	5	20	9	24.793728	121.00109	0	1	0	8	3	5	50	14	9	1	5	4	3	7	4	4	3	4	5	2	12	2
2012	4	26	11	55	24.8128535	120.9535042	0	1	0	6	1	5	50	14	9	1	4	4	5	7	4	4	10	5	5	2	19	2
2012	4	30	21	48	24.789685	120.968203	0	1	0	8	3	5	50	3	1	1	5	4	5	7	3	1	10	5	5	2	11	2
2012	4	19	23	33	23.8548668	120.983603				8			50															3
2012	4	30	23	31	24.8054856	120.9771749	0	1	0	8	3	5	50	5	2	1	5	4	5	7	2	1	10	5	5	2	19	2
2012	4	26	14	55	24.810786	120.972357	0	0	0	8	1	5	50	3	1	1	5	4	5	7	4	4	10	5	5	1	16	3
2012	4	26	13	0	24.82314395	120.9687826				8			50															3
2012	4	29	10	50	24.81853775	120.9890287	0	2	0	8	1	5	50	14	9	1	5	4	5	7	4	4	10	5	5	2	12	2
2012	4	28	14	50	24.8036849	120.9917121				6			50															3
2012	4	28	15	35	24.84574635	121.2236621	0	1	0	6	1	5	50	4	1	1	4	4	5	7	1	1	1	2	5	2	16	2
2012	4	17	10	8	24.8012671	120.981757	0	1	0	8	1	8	50	17	9	4	5	4	5	7	4	4	10	5	5	2	16	2
2012	4	17	12	10	24.8163323	120.9747371				8			50															3
2012	4	17	14	42	24.7938027	120.968388				8			40															3
2012	4	20	8	13	24.781854	120.917501	0	1	0	8	1	5	40	3	2	1	5	4	5	7	4	4	10	5	5	2	16	2
2012	4	30	15	45	24.82196	120.975736				8			50															3
2012	4	27	19	29	24.8104823	120.9621044	0	1	0	6	3	5	50	4	1	1	4	4	5	7	2	1	10	5	5	2	12	2
2012	4	30	15	3	24.8031851	120.977038				8			40															3
2012	4	30	7	30	24.8193477	120.9955776				8			50															3
2012	4	30	16	8	24.79617215	120.9617418				8			50															3
2012	4	9	17	25	24.810476	120.9813902				6			50															3
2012	4	30	17	40	24.8044523	120.9702289	0	1	0	8	1	5	50	16	8	1	5	4	5	7	4	4	1	4	5	2	16	2
2012	4	17	18	15	24.8010377	120.9826702	0	3	0	8	3	5	50	3	2	1	5	4	5	7	1	1	10	5	5	2	13	2
2012	4	18	17	49	24.832786	120.951152				6			50															3
2012	4	19	14	0	24.8101739	120.97969				8			50															3
2012	4	29	6	42	24.78914735	120.9796037	0	2	0	8	2	5	50	14	9	1	5	4	5	7	4	4	10	5	5	2	12	2
2012	4	6	16	28	24.802594	120.981142				8			50															3
2012	4	10	8	8	24.8193477	120.9955776	0	1	0	8	1	5	50	14	9	1	5	4	5	7	4	4	10	5	5	1	11	2
2012	4	21	10	15	24.8120461	120.9560516				8			50															3
2012	4	25	13	0	24.78436645	121.0121615				8			50															3
2012	4	29	15	40	24.7917043	120.9758328				6			50															3
2012	4	28	21	50	23.907561	106.625776				8			50															3
2012	4	28	15	40	24.79311235	121.0115108				8			50															3
2012	4	28	15	30	24.7768421	121.006254				8			50															3
2012	4	28	19	15	24.8356702	121.0202474				8			50															3
2012	4	28	13	30	24.79168195	120.973913				8			50															3
2012	4	28	13	10	24.838843	120.999985				8			50															3
2012	4	28	18	20	24.7895617	120.9566158	0	1	0	6	3	5	50	11	9	1	4	4	5	7	4	4	5	5	5	1	18	2
2012	4	28	19	53	24.813494	120.968079				6			40															3
2012	4	21	11	49	24.796887	120.962744	0	1	0	8	1	5	50	14	9	1	5	4	5	7	4	4	9	5	5	1	16	2
2012	4	24	22	24	24.7910677	121.0049133	0	1	0	8	3	5	50	14	9	1	5	4	5	7	2	1	10	5	5	2	3	2
2012	4	19	5	34	24.80126	120.970554				6			50															3
2012	4	10	9	9	24.7899451	120.965345				8			50															3
2012	4	12	8	18	24.8226262	120.9764493				8			50															3
2012	4	16	8	55	24.7873656	121.0096554	0	1	0	6	1	5	50	14	9	1	4	4	5	7	4	4	5	4	5	2	16	2
2012	4	16	10	18	24.79935	120.972864	0	2	0	6	1	5	50	15	9	1	4	4	5	5	4	4	9	5	5	2	7	2
2012	4	16	12	0	24.8005521	120.965393				6			50															3
2012	4	27	18	59	24.81998545	120.9844231				8			50															3
2012	4	27	23	21	24.804257	120.96052				6			50															3
2012	4	30	17	40	24.77603385	120.9470264	0	2	0	8	1	5	50	3	1	1	5	4	5	7	4	4	5	5	5	2	10	2
2012	4	18	19	0	24.8356702	121.0202474	0	1	0	6	3	5	50	14	9	1	4	4	5	7	4	4	5	5	5	1	18	2
2012	4	19	4	4	24.7904647	121.0189622	0	1	0	6	3	5	50	14	9	1	4	4	5	7	4	4	9	5	5	2	18	2
2012	4	26	14	10	24.8042116	120.9705392				8			40															3
2012	4	28	9	20	24.81299	120.997692	0	3	0	8	1	5	40	11	9	1	5	4	5	1	4	4	10	5	5	2	10	2
2012	4	28	11	35	24.7884154	120.9680175				8			40															3
2012	4	29	8	43	24.8176835	120.9948945				8			50															3
2012	4	20	15	0	24.809223	120.976147				8			50															3
2012	4	30	23	28	24.811732	120.965766				8			50															3
2012	4	13	17	35	24.7874802	121.0095148				8			50															3
2012	4	16	22	16	24.8129604	120.9637547				8			50															3
2012	4	17	8	53	24.8148391	120.985956				8			50															3
2012	4	17	13	10	24.7961231	120.9351833				8			50															3
2012	4	26	10	11	24.81113395	120.9667488	0	1	0	8	1	5	50	3	1	1	5	4	5	7	4	4	10	5	5	2	15	2
2012	4	12	9	30	24.7955611	120.976075				8			50															3
2012	4	21	14	34	24.7932831	121.001211				6			50															3
2012	4	21	23	14	24.8435201	120.9307635				8			50															3
2012	4	29	20	26	24.7873656	121.0096554				8			50															3
2012	4	30	10	28	24.8140911	120.9725373	0	2	0	8	1	5	50	4	1	1	5	4	5	7	2	1	10	5	5	2	15	2
2012	4	25	22	8	24.8052341	120.953516	0	2	0	6	3	5	50	14	9	1	4	4	5	7	4	4	5	5	5	1	3	2
2012	4	26	19	20	24.7929205	121.0125589				6			50															3
2012	4	20	19	33	24.901022	121.044635				8			50															3
2012	4	21	8	49	24.8033933	120.9790255				8			50															3
2012	4	25	19	39	24.799843	120.964766				8			0															3
2012	4	20	6	55	24.7757159	121.0247899				8			50															3
2012	4	26	21	6	24.7971803	120.9653944				8			50															3
2012	4	27	15	37	24.808699	120.971214				8			50															3
2012	4	23	8	17	24.7987991	120.954191				8			50															3
2012	4	27	18	35	24.7714132	120.952796	0	1	0	6	3	5	70	3	1	1	4	4	5	7	1	1	10	5	5	2	16	2
2012	4	26	7	43	24.8026045	120.9576143				8			50															3
2012	4	28	12	56	24.7932831	121.001211				8			50															3
2012	4	26	8	59	24.8092061	120.979536	0	1	0	6	1	5	50	14	9	1	4	4	5	7	4	4	9	5	5	1	16	2
2012	4	26	17	56	24.79771	120.970244				6			50															3
2012	4	28	18	0	24.80160565	120.9657943				8			50															3
2012	4	28	22	44	24.7963541	120.998762	0	1	0	8	3	5	50	14	9	1	5	4	5	7	4	4	5	4	5	2	16	2
2012	4	7	3	55	24.7909301	120.9379034				8			50															3
2012	4	30	12	9	24.79869435	120.9699988				8			50															3
2012	4	29	6	28	24.8232819	120.9733294	0	1	0	8	1	5	50	14	9	1	5	4	5	7	4	4	5	5	5	1	12	2
2012	4	30	16	5	24.8095843	120.9606931				8			50															3
2012	4	21	23	10	24.8078863	120.9580757	0	1	0	6	3	5	50	4	1	1	4	4	5	7	1	1	10	5	5	2	15	2
2012	4	29	20	10	24.7855805	120.9166773				8			50															3
2012	4	30	10	16	24.8055074	120.9425802	0	1	0	8	1	5	50	3	1	1	5	4	5	7	4	4	10	5	5	2	16	2
2012	4	30	15	21	24.798867	120.966869	0	1	0	8	1	5	50	14	9	1	5	4	5	7	4	4	9	5	5	1	18	2
2012	4	28	18	45	24.8235283	120.968757				8			50															3
2012	4	28	21	0	24.803589	120.967276				8			50															3
2012	4	23	13	47	24.7884154	120.9680175	0	1	0	8	1	5	50	3	1	1	5	4	5	7	4	4	10	5	5	1	16	2
2012	4	28	10	40	24.8047718	120.9556443				8			50															3
2012	4	28	15	25	24.795456	120.972035				6			50															3
2012	4	28	18	25	24.8064021	120.978266				6			50															3
2012	4	29	0	25	24.800672	120.958408	0	2	0	8	3	5	50	14	9	1	5	4	5	7	4	4	5	5	5	1	12	2
2012	4	29	19	0	24.801449	121.0005474				6			50															3
2012	4	30	17	34	24.7937444	120.9195353				8			50															3
2012	4	30	18	26	24.7922354	120.9323808				8			50															3
2012	4	18	18	57	24.7818596	121.0211214	0	1	0	6	3	5	50	3	1	1	4	4	5	7	1	1	10	5	5	2	16	2
2012	4	19	16	27	24.79678255	120.9292806				8			50															3
2012	4	23	7	50	24.7901741	121.0193325				8			50															3
2012	4	23	17	10	24.8137323	120.9674304	0	1	0	8	1	5	50	4	1	1	5	4	5	7	4	4	10	5	5	2	15	2
2012	4	24	17	5	24.8139388	120.9704159	0	1	0	8	1	5	50	14	9	1	5	4	5	7	1	1	10	5	5	2	12	2
2012	4	21	15	8	24.8162285	121.0004115				8			50															3
2012	4	21	16	58	24.8092819	120.9758929				8			50															3
2012	4	25	15	43	24.797599	120.96701	0	1	0	6	1	5	50	4	1	1	4	4	5	7	4	4	10	5	5	2	15	2
2012	4	22	13	10	24.81535195	120.9676006	0	0	0	8	1	5	50	13	9	1	5	4	5	7	4	4	10	5	5	2	17	3
2012	4	27	8	5	24.7702698	120.9734533				6			50															3
2012	4	30	7	16	24.77577015	120.9598015	0	2	0	8	1	5	50	3	1	1	5	4	5	7	4	4	10	5	5	2	15	2
2012	4	30	10	16	24.8001525	120.9896318	0	1	0	8	1	5	50	3	1	1	5	4	5	7	2	1	10	5	5	2	16	2
2012	4	30	16	25	24.8075365	120.9791127	0	1	0	8	1	5	50	3	1	1	5	4	5	7	4	4	10	4	5	2	16	2
2012	4	25	8	44	24.81076025	120.9625225				8			50															3
2012	4	25	9	38	24.7932831	121.001211				8			50															3
2012	4	23	19	38	24.7919311	120.927868				8			50															3
2012	4	24	7	21	24.7963607	120.9445525				8			50															3
2012	4	25	15	15	24.7771139	120.9467465				6			50															3
2012	4	30	14	30	26.097344	119.2930799				8			50															3
2012	4	30	18	10	24.8214621	120.9520581				8			50															3
2012	4	25	15	48	24.79458505	120.9684092				8			50															3
2012	4	18	11	45	24.8036849	120.9917121				8			50															3
2012	4	18	8	21	24.810786	120.972357				8			40															3
2012	4	19	17	3	24.8046673	120.9661692				8			50															3
2012	4	26	17	15	24.776216	121.026796				6			40															3
2012	4	26	18	12	24.7973641	120.996598				6			50															3
2012	4	30	16	30	24.7873656	121.0096554				8			50															3
2012	4	24	12	3	24.7842919	121.0181496				8			50															3
2012	4	24	14	37	24.7815838	121.0170363				8			50															3
2012	4	27	9	3	24.7873656	121.0096554				6			50															3
2012	4	27	9	11	24.8134941	120.973802	0	1	0	6	1	5	50	14	9	1	4	4	5	6	4	4	5	4	5	2	13	2
2012	4	28	16	53	24.815006	120.9622726				6			50															3
2012	4	28	15	0	24.8067329	120.9735661				6			50															3
2012	4	27	10	0	24.80700685	120.9319304				6			50															3
2012	4	13	12	10	24.7964808	120.9524293				8			50															3
2012	4	25	18	20	24.8193477	120.9955776				8			50															3
2012	4	25	20	37	24.8006691	120.9971476				8			50															3
2012	4	10	18	50	24.90045545	121.046069	0	1	0	8	1	5	50	4	1	1	5	4	5	7	3	1	10	5	5	2	15	2
2012	4	19	20	18	24.7882139	120.9286821	0	2	0	8	3	5	50	3	1	1	5	4	5	7	1	1	10	5	5	2	15	2
2012	4	19	14	20	24.8147601	120.988135	0	1	0	8	1	5	50	14	9	1	5	4	5	7	4	4	1	4	5	2	12	2
2012	4	25	16	30	24.8250371	120.971521	0	1	0	7	1	5	50	14	9	1	5	4	5	7	4	4	1	4	5	2	17	2
2012	4	26	14	30	24.8061626	120.9862094	0	3	0	6	1	5	50	14	9	1	4	4	5	7	4	4	5	4	5	2	12	2
2012	4	29	17	35	24.809652	120.9678861				8			50															3
2012	4	30	15	40	24.806048	120.982134				8			50															3
2012	4	6	18	5	24.7924614	121.0067013	0	1	0	8	3	5	50	3	1	1	5	4	5	7	4	4	5	4	5	2	16	2
2012	4	10	9	6	24.7947265	121.0086997				8			40															3
2012	4	12	19	39	24.784219	121.016835				8			50															3
2012	4	13	13	50	24.7842919	121.0181496				8			40															3
2012	4	26	5	25	24.79760605	121.0029783				6			50															3
2012	4	26	0	24	24.8041675	120.9700725				6			40															3
2012	4	22	2	19	24.8078458	120.9721101				8			50															3
2012	4	8	16	41	24.81488335	120.9394568				8			50															3
2012	4	6	20	44	24.7881022	120.9287874				8			50															3
2012	4	6	17	0	24.8143271	120.99519				8			40															3
2012	4	23	7	25	24.8193477	120.9955776				8			50															3
2012	4	27	8	15	24.79484195	120.9652302				8			50															3
2012	4	24	18	45	24.8407038	120.9262157				8			50															3
2012	4	15	3	50	24.803756	120.9636959				8			50															3
2012	4	19	12	50	24.7765831	120.9428817	0	2	0	8	1	5	40	3	9	1	5	4	5	7	4	4	5	5	5	2	3	2
2012	4	9	18	30	24.8684988	120.9533201				6			80															3
2012	4	15	22	1	24.781652	121.023696				6			50															3
2012	4	13	8	2	24.8234728	120.9779836	0	3	0	8	1	5	50	3	2	1	5	4	5	7	4	4	5	4	5	1	16	2
2012	4	7	13	22	24.8049731	120.946669				8			50															3
2012	4	7	11	50	24.8137323	120.9674304				8			50															3
2012	5	1	8	47	24.8235971	120.9579023	0	1	0	8	1	5	50	14	9	1	5	4	5	7	4	4	9	5	4	2	18	2
2012	5	1	10	55	24.808565	120.960842				8			50															3
2012	5	1	12	0	24.79748055	120.9819616	0	1	0	8	1	5	50	14	9	1	5	4	5	7	4	4	9	5	5	2	17	2
2012	5	1	14	11	24.7975396	120.965998				8			50															3
2012	5	1	14	27	24.7967798	120.9607008	0	3	0	8	1	5	50	5	1	1	5	4	5	7	1	1	10	5	5	2	16	2
2012	5	1	16	31	24.814319	120.97798				8			50															3
2012	5	1	21	19	24.79834225	120.9906022				8			50															3
2012	5	1	0	32	24.7743106	121.0312128				8			50															3
2012	5	1	18	45	24.8179689	120.9738554	0	1	0	8	3	5	50	14	9	1	5	4	5	7	4	4	10	5	5	2	11	2
2012	5	1	20	46	24.7949581	120.999428				8			50															3
2012	5	1	20	6	31.3512963	120.9811634	0	2	0	8	3	5	50	14	9	1	5	4	5	7	4	4	1	4	5	1	10	2
2012	5	2	7	38	24.8193477	120.9955776				8			50															3
2012	5	2	7	0	24.803103	120.983294				8			50															3
2012	5	2	7	58	24.7873656	121.0096554	0	1	0	8	1	5	50	3	1	1	5	4	5	7	4	4	9	5	5	2	16	2
2012	5	2	7	21	24.7321407	120.9170468	0	1	0	8	1	5	50	3	1	1	5	4	5	7	4	4	10	5	5	2	16	2
2012	5	1	10	33	24.8125718	120.9750003				8			50															3
2012	5	2	13	47	24.8026111	120.9888888				8			50															3
2012	5	2	19	25	24.784743	121.014309				8			50															3
2012	5	2	19	20	24.8042903	120.9752282				8																		3
2012	5	3	8	0	24.8018553	121.0012166				8			50															3
2012	5	3	8	40	24.7948381	120.978455							50															3
2012	5	2	17	33	24.77842755	120.9396875	0	2	0	7	1	5	50	14	9	1	5	4	5	7	4	4	4	5	5	2	13	2
2012	5	3	7	13	24.80506765	120.9427789	0	1	0	8	1	5	50	3	1	1	5	4	5	7	4	4	10	5	5	2	16	2
2012	5	3	9	20	24.79087755	120.9267637				8			50															3
2012	5	3	7	5	24.8145218	120.9769905				8			50															3
2012	5	3	12	7	24.806571	120.967856				8			40															3
2012	5	3	11	45	24.7849131	121.014675							50															3
2012	5	3	8	0	24.7902441	121.004531	0	1	0	8	1	5	50	11	9	1	5	4	5	7	4	4	4	4	5	2	16	2
2012	5	2	17	20	24.7995335	120.9728486	0	1	0	8	1	5	40	4	1	1	5	4	5	7	4	4	10	5	5	2	15	2
2012	5	3	20	53	24.80200015	121.0080231	0	1	0	7	3	5	40	14	9	1	5	4	5	7	4	4	10	5	5	2	26	2
2012	5	3	21	45	23.8333047	120.4693168				8			50															3
2012	5	2	7	35	24.7904647	121.0189622				8			50															3
2012	5	2	17	15	24.8185572	120.9951081				8			50															3
2012	5	2	8	35	24.798228	120.965282	0	2	0	8	1	5	40	4	1	1	5	4	5	7	3	1	10	5	5	2	16	2
2012	5	3	21	50	24.789473	120.932666	0	1	0	8	3	5	50	15	8	1	5	4	5	7	4	4	1	4	4	2	16	2
2012	5	3	16	52	24.8022268	120.963632				8			50															3
2012	5	2	2	8	24.8039329	120.9494209				8			40															3
2012	5	1	12	26	24.7824531	120.933262	0	3	0	8	1	5	50	14	9	1	5	4	5	7	4	4	5	5	5	2	12	2
2012	5	4	9	36	24.796738	120.97054				8			50															3
2012	5	4	12	15	30.545	114.308421				8			50															3
2012	5	4	7	20			0	3	0	6	1	5	40	5	1	1	4	4	5	7	4	4	10	5	5	2	15	2
2012	5	4	8	40						6			50															3
2012	5	4	16	50			0	1	0	7	1	5	50	3	1	1	5	4	5	7	4	4	10	5	5	2	12	2
2012	5	2	8	16			0	3	0	8	1	5	50	11	9	1	2	4	5	7	4	4	5	5	5	2	18	2
2012	5	4	16	15						8			50															3
2012	5	2	18	17			0	1	0	7	2	5	50	4	1	1	5	4	5	7	2	1	10	5	5	2	16	2
2012	5	4	23	25			0	1	0	8	3	5	50	4	1	1	5	4	5	7	1	1	10	5	5	2	16	2
2012	5	3	12	49						8			50															3
2012	5	4	22	35						8			50															3
2012	5	3	18	4			0	1	0	7	3	5	50	4	1	1	5	4	5	7	4	4	10	5	5	2	16	2
2012	5	5	0	16						8			50															3
2012	5	4	21	56	24.81640805	120.994529				8			50															3
2012	5	2	13	44	24.7786111	120.938487				8			40															3
2012	5	5	21	22	24.819359	120.9825494				8			50															3
2012	5	4	8	13	24.79067095	120.9684448				8			40															3
2012	5	4	9	34	24.7819661	121.021865				8			50															3
2012	5	4	17	2	24.8106878	120.9786809	0	2	0	7	1	5	50	3	1	1	5	4	5	7	4	4	10	5	5	2	15	2
2012	5	5	20	51	24.798464	120.966161	0	2	0	7	3	5	50	14	9	1	5	4	5	7	4	4	5	5	5	1	3	2
2012	5	3	8	45	24.796738	120.97054				8			50															3
2012	5	4	22	16	24.803293	120.966386				8			50															3
2012	5	5	4	40			0	1	0	8	4	5	50	4	1	1	5	4	5	7	2	1	10	5	5	2	15	2
2012	5	5	13	26						8			50															3
2012	5	5	15	30						8			50															3
2012	5	5	17	10						8			50															3
2012	5	5	16	50						8			50															3
2012	5	5	16	25			0	1	0	8	1	5	50	14	9	1	5	4	5	7	3	1	8	5	5	2	13	2
2012	5	6	5	9						8			50															3
2012	5	6	9	10						8			50															3
2012	5	6	10	24						8			50															3
2012	5	4	16	30			0	2	0	8	1	5	50	14	9	1	5	4	1	7	4	4	10	5	5	2	3	2
2012	5	4	17	59			0	1	0	8	1	5	50	4	1	1	5	4	5	7	2	1	10	5	5	2	16	2
2012	5	6	12	16			0	1	0	7	1	5	50	3	1	1	5	4	5	7	4	4	10	5	5	2	16	2
2012	5	6	5	26			0	1	0	8	2	5	50	3	1	1	5	4	5	7	3	1	10	5	5	2	16	2
2012	5	6	6	1						8			50															3
2012	5	6	19	9			0	1	0	8	3	5	40	4	18	1	5	4	5	7	1	1	10	5	5	2	3	2
2012	5	6	19	40			0	1	0	8	3	5	50	14	9	1	5	4	5	7	4	4	5	5	5	2	13	2
2012	5	6	22	14			0	3	0	7	3	5	50	4	1	1	5	4	5	7	2	1	10	5	5	2	15	2
2012	5	6	14	52			2	4	0	8	1	5	50	10	17	1	5	4	5	7	4	4	4	5	5	1	10	1
2012	5	6	21	27			0	2	0	8	3	5	50	4	1	1	5	4	5	7	1	1	10	5	5	2	16	2
2012	5	6	16	32						8			50															3
2012	5	6	17	53						8			50															3
2012	5	6	15	41						8			50															3
2012	5	7	7	19			1	0	0	8	1	5	50	4	1	1	5	4	5	7	2	1	10	5	5	2	13	1
2012	5	7	12	10						8			50															3
2012	5	7	13	2						8			50															3
2012	5	5	19	20						8			50															3
2012	5	5	22	50						8			50															3
2012	5	7	19	3			0	2	0	8	4	5	50	14	9	1	5	4	5	7	4	4	5	5	5	2	3	2
2012	5	7	20	8			0	0	0	8	3	5	50	4	1	1	5	4	5	7	1	1	3	2	5	2	13	3
2012	5	7	18	10	24.754482	120.954223				8			50															3
2012	5	7	22	20	24.7918327	120.931653				8			50															3
2012	5	7	22	36	24.7873656	121.0096554	0	1	0	8	3	5	50	14	9	1	5	4	5	7	4	4	5	4	5	2	16	2
2012	5	7	8	22	24.81109615	120.9867767	0	1	0	8	1	5	50	14	9	1	5	4	5	7	4	4	10	5	5	2	13	2
2012	5	7	14	40	24.8004971	120.960902	0	1	0	8	1	5	50	14	9	1	5	4	5	7	4	4	9	4	5	2	17	2
2012	5	7	11	20	24.8111531	120.969269				8			50															3
2012	5	7	14	35	24.8036849	120.9917121				8			50															3
2012	5	7	19	12			0	3	0	8	3	5	50	4	2	1	2	4	4	7	1	1	10	5	5	2	17	2
2012	5	2	22	58			0	2	0	8	3	5	50	4	1	1	4	4	5	7	1	1	10	5	5	2	16	2
2012	5	8	7	35						8			50															3
2012	5	4	8	52			0	2	0	6	1	5	50	4	1	1	4	4	5	7	4	4	10	5	5	2	16	2
2012	5	1	9	21						8			50															3
2012	5	2	12	9			0	1	0	8	1	5	50	4	2	1	5	4	5	7	1	1	1	4	5	2	12	2
2012	5	2	8	20						8			40															3
2012	5	4	9	30						6			50															3
2012	5	8	12	32						8			50															3
2012	5	1	16	7						8			50															3
2012	5	4	14	40						8			50															3
2012	5	2	21	50			0	1	0	6	3	5	50	3	2	1	4	4	5	7	1	1	1	4	5	2	12	2
2012	5	3	11	10						8			50															3
2012	5	3	18	25						8			50															3
2012	5	4	10	0			0	1	0	6	1	5	50	14	9	1	4	4	5	7	4	4	5	5	5	2	11	2
2012	5	3	20	30						8			50															3
2012	5	4	16	33						8			50															3
2012	5	4	17	50			0	1	0	8	1	5	50	4	2	1	5	4	5	7	1	1	10	5	5	2	16	2
2012	5	5	21	37						8			50															3
2012	5	4	0	16			0	1	0	8	3	5	50	3	1	1	5	4	5	7	4	4	10	5	5	2	12	2
2012	5	6	23	30			0	1	0	8	3	5	50	5	1	1	5	4	5	7	1	1	10	5	5	2	16	2
2012	5	7	15	0						8			50															3
2012	5	8	12	40						8			50															3
2012	5	1	17	49						8			50															3
2012	5	8	18	15			0	2	0	8	1	5	50	4	1	1	5	4	5	7	1	1	10	5	5	2	16	2
2012	5	8	19	53			0	1	0	8	3	5	50	4	1	1	5	4	5	7	1	1	10	5	5	2	3	2
2012	5	8	17	27			0	2	0	8	1	5	50	5	1	1	5	4	5	7	1	1	10	5	5	2	16	2
2012	5	8	16	35			0	1	0	8	1	5	50	4	3	1	5	4	5	7	2	1	10	5	5	2	13	2
2012	5	8	19	59	24.8004291	120.946327	0	1	0	8	3	5	50	3	1	1	5	4	5	7	3	1	10	5	5	2	16	2
2012	5	8	19	1	24.7910558	121.006802	0	1	0	8	3	5	50	3	1	1	5	4	5	7	4	4	1	4	5	2	16	2
2012	5	8	23	37	24.7849362	120.9799274				8			50															3
2012	5	4	15	4	24.799689	120.9515893	0	1	0	7	1	5	50	3	1	1	5	4	5	7	3	1	10	5	5	2	16	2