年	月	日	時	分	GoogleLat	GoogleLng	死	受傷	2-30	天候	光線	道路類別	速限	道路型態	事故位置	路面鋪裝	路面狀態	路面缺陷	障礙物	視距	號誌種類	號誌動作	分向設施	快車道或一般車道間	快慢車道間	路面邊線	事故類型及型態	事故類別
2012	5	4	14	0	24.80357935	120.9961211				8			50															3
2012	5	4	17	30	24.7993483	120.9627566				8			50															3
2012	5	4	18	10	24.8136651	120.96828				8			50															3
2012	5	8	11	0	24.8160367	120.9937495	0	1	0	7	1	5	50	14	9	1	5	4	5	7	4	4	1	4	5	1	12	2
2012	5	6	14	50						8			50															3
2012	5	9	7	40						8			50															3
2012	5	8	15	23			0	1	0	8	1	5	30	7	9	1	5	4	5	7	4	4	5	5	5	2	13	2
2012	5	9	8	10			0	2	0	8	1	5	50	14	9	1	5	4	5	7	4	4	1	4	5	2	13	2
2012	5	9	10	46			0	2	0	8	1	5	50	3	2	1	5	4	5	7	4	4	5	5	5	2	14	2
2012	5	9	12	24						8			50															3
2012	5	9	11	25			0	2	0	8	1	5	50	14	8	1	5	4	5	7	4	4	1	4	1	2	23	2
2012	5	9	11	49						8			50															3
2012	5	9	13	31			0	1	0	8	1	5	50	14	9	1	5	4	5	7	4	4	9	5	5	2	13	2
2012	5	9	8	55			0	1	0	8	1	5	50	4	1	1	5	4	5	7	4	4	10	5	5	1	16	2
2012	5	9	13	40						8			50															3
2012	5	6	15	40			0	2	0	8	1	5	50	4	1	1	5	4	5	7	4	4	10	5	5	2	15	2
2012	5	9	12	15			0	2	0	8	1	5	50	4	1	1	5	4	5	7	1	1	10	5	5	2	11	2
2012	5	9	14	36			0	3	0	7	1	5	50	4	1	1	5	4	5	7	1	1	10	5	5	2	12	2
2012	5	9	16	30			0	1	0	8	1	5	50	14	9	1	5	4	5	7	4	4	10	5	5	2	3	2
2012	5	9	19	15			0	2	0	8	3	5	50	14	9	1	5	4	5	7	4	4	1	4	5	2	2	2
2012	5	1	21	34			0	1	0	8	3	5	50	4	1	1	5	4	5	7	4	4	10	5	5	2	15	2
2012	5	2	21	52						6			50															3
2012	5	3	15	21						8			50															3
2012	5	1	19	22						8			50															3
2012	5	2	5	56			0	2	0	8	2	5	50	3	1	1	5	4	5	7	3	1	10	5	5	2	16	2
2012	5	10	3	33	24.7921101	120.940504	0	2	0	6	3	5	50	14	8	1	4	4	5	7	4	4	1	4	4	2	2	2
2012	5	10	8	0	24.7852379	121.0202712	0	1	0	8	1	5	50	14	9	1	5	4	5	7	4	4	5	5	5	2	16	2
2012	5	7	12	6	24.8031813	120.993022	0	1	0	8	1	5	50	15	9	1	5	3	5	7	4	4	5	5	5	2	16	2
2012	5	5	13	2	24.81096755	120.9628448	0	1	0	8	1	5	50	14	9	1	5	4	5	7	4	4	1	4	5	2	12	2
2012	5	10	11	10	24.79834225	120.9906022				8			50															3
2012	5	10	14	12	24.804125	120.964455				6			50															3
2012	5	8	7	55	24.8114031	120.987258				8			50															3
2012	5	8	9	38						8			50															3
2012	5	4	23	25			0	1	0	8	3	5	50	4	1	1	5	4	5	7	1	1	10	5	5	2	15	2
2012	5	10	21	15									50															3
2012	5	10	21	30						8			50															3
2012	5	8	16	32						8			40															3
2012	5	9	19	2			0	3	0	8	3	5	50	4	1	1	5	4	5	7	4	4	10	5	5	2	3	2
2012	5	5	13	48			0	1	0	8	1	5	40	14	9	1	5	4	5	7	4	4	10	5	5	2	8	2
2012	5	9	21	45						8			50															3
2012	5	5	15	46			0	2	0	8	1	5	50	4	2	1	5	4	5	7	2	1	5	4	5	2	13	2
2012	5	10	18	5						6			50															3
2012	5	10	19	40			0	1	0	7	3	5	50	3	1	1	5	4	5	7	3	1	10	5	5	2	12	2
2012	5	11	1	37			0	1	0	7	3	5	50	14	8	1	5	4	5	7	4	4	1	5	1	1	18	2
2012	5	10	22	12			0	1	0	7	1	5	50	3	1	1	5	4	5	7	3	1	10	5	5	2	10	2
2012	5	10	17	10			0	1	0	6	1	5	50	14	9	1	4	4	5	7	4	4	4	5	5	2	16	2
2012	5	11	8	55	24.814841	120.977155																						3
2012	5	5	12	30	24.7874802	121.0095148				8			50															3
2012	5	5	15	28	24.81488335	120.9394568				8			0															3
2012	5	5	16	40	24.7874802	121.0095148	0	1	0	8	1	5	50	11	9	1	5	4	5	7	4	4	5	5	5	1	12	2
2012	5	8	19	23	24.8102412	120.9772669																						3
2012	5	10	18	7	24.79873985	120.9637926				6			50															3
2012	5	10	22	0	24.800236	120.958384				8			50															3
2012	5	11	17	10	24.7874802	121.0095148	0	2	0	8	1	5	50	3	1	1	5	4	5	7	4	4	10	5	5	2	16	2
2012	5	11	17	30	24.7887326	120.9300059	0	2	0	8	1	5	50	4	1	1	5	4	5	7	1	1	10	5	5	1	13	2
2012	5	11	21	45	24.812933	120.9658931	0	1	0	8	3	5	50	15	9	1	5	4	5	7	4	4	1	4	5	2	13	2
2012	5	6	10	39	24.79031295	120.9352439				8			50															3
2012	5	11	22	43	24.8142701	120.992106				8			50															3
2012	5	9	8	2	24.7815838	121.0170363	0	1	0	8	1	5	50	3	1	1	5	4	5	7	4	4	10	5	5	2	16	2
2012	5	9	16	17	24.815725	120.95992	0	3	0	8	1	5	50	4	1	1	5	4	5	7	2	1	10	5	5	2	15	2
2012	5	10	20	50	24.808815	120.959171				8			40															3
2012	5	10	22	0	24.81089985	120.9764863	0	1	0	7	3	5	50	3	1	1	5	4	5	7	4	4	10	5	5	2	16	2
2012	5	12	11	24	24.803183	120.963077				8			50															3
2012	5	12	9	30	24.772299	120.965772				8			50															3
2012	5	12	12	12	24.8126159	120.9656114				8			50															3
2012	5	12	15	3						8			40															3
2012	5	12	13	25						8			50															3
2012	5	12	14	40			0	1	0	8	1	8	40	17	22	4	5	4	5	7	4	4	10	5	5	2	3	2
2012	5	12	15	25			0	1	0	8	1	5	40	14	9	1	5	4	5	7	4	4	10	5	5	2	16	2
2012	5	11	22	11			0	3	0	7	3	5	50	4	1	1	5	4	5	7	4	4	10	5	5	2	16	2
2012	5	12	0	43			0	1	0	7	3	5	50	14	9	1	5	4	5	7	4	4	5	5	5	2	29	2
2012	5	11	18	54						8			50															3
2012	5	6	16	45			0	1	0	8	1	5	50	15	9	1	5	4	5	7	4	4	9	5	5	2	11	2
2012	5	12	6	25			0	1	0	7	1	5	50	4	1	1	5	4	5	7	2	1	10	5	5	2	15	2
2012	5	12	20	40						8			50															3
2012	5	12	20	14			0	3	0	8	3	5	50	14	9	1	5	4	5	7	4	4	10	5	5	2	3	2
2012	5	12	21	55						8			50															3
2012	5	6	16	5						8			50															3
2012	5	7	7	25			0	1	0	8	1	5	50	4	1	1	5	4	5	7	2	1	10	5	5	2	16	2
2012	5	7	8	50						8			50															3
2012	5	7	13	4						8			50															3
2012	5	13	1	23	24.8051371	120.963482				8			50															3
2012	5	12	16	23	24.7809321	121.026044				8			40															3
2012	5	11	22	54	24.77577015	120.9598015				8			50															3
2012	5	4	7	33	24.790798	121.0055625				6			50															3
2012	5	12	11	59	24.79371895	120.9667093				8			50															3
2012	5	12	14	6	24.795678	120.998528				8			50															3
2012	5	4	14	13	24.75338155	120.946439				8			40															3
2012	5	4	10	10	24.796182	120.971203				6			50															3
2012	5	10	15	22	24.809731	120.972218				8			40															3
2012	5	5	17	0						8			40															3
2012	5	7	17	20						8			50															3
2012	5	5	19	20			0	1	0	8	3	5	50	3	1	1	5	4	5	7	1	1	10	5	5	2	16	2
2012	5	13	9	32						8			30															3
2012	5	6	15	5						8			50															3
2012	5	6	15	50						8			50															3
2012	5	8	17	20			0	1	0	8	1	5	50	4	1	1	5	4	5	7	1	1	10	5	5	2	16	2
2012	5	13	12	58						8			50															3
2012	5	13	13	18						8			50															3
2012	5	8	18	46						8			50															3
2012	5	8	19	39			0	1	0	8	3	5	50	3	1	1	5	4	5	7	4	4	10	5	5	2	16	2
2012	5	13	12	34			0	2	0	8	1	5	50	3	1	1	5	4	5	7	4	4	10	5	5	2	16	2
2012	5	9	12	11	24.79493905	120.9338322				8			50															3
2012	5	13	12	20	24.8100021	120.966144				8			50															3
2012	5	13	15	57	24.802401	120.963265				8			50															3
2012	5	7	14	20	24.8412921	120.935631				8			50															3
2012	5	9	12	30	24.7887326	120.9300059	0	1	0	8	1	5	50	3	1	1	5	4	5	7	1	1	10	5	5	2	16	2
2012	5	13	15	47	24.7932831	121.001211	0	1	0	8	1	5	50	3	1	1	5	4	5	7	1	1	10	5	5	2	13	2
2012	5	13	18	2	24.7936941	121.010098				8			40															3
2012	5	12	19	54	24.8378627	121.0161147				8			50															3
2012	5	12	22	20	24.787865	121.0109898				8			50															3
2012	5	8	7	59	24.78597275	120.988269	0	1	0	8	1	5	50	14	9	1	5	4	5	7	4	4	1	4	5	2	12	2
2012	5	8	14	5	24.8214621	120.9520581	0	1	0	8	1	5	50	14	9	1	5	4	5	7	4	4	5	4	5	2	12	2
2012	5	11	16	35	24.8035831	120.971313				8			50															3
2012	5	12	21	0	24.823031	120.958142				8			50															3
2012	5	9	21	51	24.810748	120.957957				8			50															3
2012	5	8	11	37	24.8462581	120.9264122				8			50															3
2012	5	3	2	39			0	2	0	8	3	5	50	4	1	1	5	4	5	6	3	1	10	5	5	2	15	2
2012	5	13	17	5			0	3	0	8	1	5	50	14	9	1	5	4	5	7	4	4	5	5	5	1	16	2
2012	5	9	3	25						8			50															3
2012	5	9	23	23			0	1	0	8	3	5	50	5	1	1	5	4	5	7	2	1	10	5	5	2	16	2
2012	5	10	15	9			0	1	0	8	1	5	50	3	1	1	5	4	5	7	4	4	10	5	5	2	16	2
2012	5	10	18	50						8			50															3
2012	5	10	20	0						8			50															3
2012	5	11	9	21						8			40															3
2012	5	11	14	11						8			50															3
2012	5	14	8	2						8			50															3
2012	5	14	11	41						8			40															3
2012	5	14	12	0			0	2	0	8	1	5	50	4	1	1	5	4	5	7	2	1	10	5	5	2	16	2
2012	5	14	12	47			0	1	0	8	1	5	50	5	1	1	5	4	5	7	4	4	10	5	5	2	15	2
2012	5	14	15	30			0	1	0	8	1	5	60	4	1	1	5	4	5	7	4	4	10	5	5	2	15	2
2012	5	14	16	58						8			50															3
2012	5	13	5	20						8			50															3
2012	5	14	0	20			0	1	0	8	3	5	50	14	9	1	5	4	5	7	4	4	9	5	5	2	16	2
2012	5	13	17	30						8			40															3
2012	5	14	22	10			0	1	0	8	3	5	50	3	1	1	5	4	5	7	3	1	10	5	5	2	14	2
2012	5	14	22	40						8			50															3
2012	5	14	23	4						8			50															3
2012	5	14	19	30			0	1	0	8	3	5	50	15	9	1	5	4	5	7	4	4	5	4	5	2	12	2
2012	5	14	17	7			0	2	0	8	1	5	40	4	1	1	5	4	5	7	4	4	10	5	5	2	15	2
2012	5	14	7	48						8			50															3
2012	5	14	9	23						8			50															3
2012	5	14	12	46			0	1	0	8	1	5	50	4	1	1	5	4	5	7	1	1	10	5	5	2	12	2
2012	5	15	7	18			0	2	0	8	1	5	50	4	2	1	5	4	5	7	1	1	10	5	5	2	16	2
2012	5	15	8	30						8			50															3
2012	5	15	8	8			0	1	0	8	1	5	50	4	2	1	5	4	5	7	1	1	10	5	5	2	12	2
2012	5	12	11	2						8			50															3
2012	5	12	12	25						8			50															3
2012	5	12	14	20			0	2	0	8	1	5	50	14	9	1	5	4	5	7	4	4	5	5	5	2	13	2
2012	5	15	10	38			0	1	0	8	1	5	50	4	1	1	5	4	5	7	4	4	10	5	5	1	15	2
2012	5	15	7	40			0	1	0	8	1	5	50	3	9	1	5	4	5	7	4	4	9	5	5	2	12	2
2012	5	15	9	35			0	1	0	8	1	5	50	11	9	1	5	4	5	7	4	4	5	5	4	2	17	2
2012	5	15	10	44			0	1	0	8	1	5	50	14	9	1	5	4	5	7	4	4	9	5	5	2	12	2
2012	5	15	13	41			0	2	0	8	1	5	50	3	1	1	5	4	5	7	4	4	10	5	5	2	16	2
2012	5	12	16	35			0	2	0	8	1	5	50	14	9	1	5	4	5	7	4	4	9	4	5	2	16	2
2012	5	15	13	45						8			50															3
2012	5	15	14	36						8			50															3
2012	5	15	15	58			0	1	0	8	1	5	50	14	9	1	5	4	5	7	4	4	1	5	4	2	13	2
2012	5	15	15	32						8			50															3
2012	5	7	9	8			0	1	0	8	1	5	50	3	1	1	5	4	5	7	4	4	5	4	5	2	16	2
2012	5	9	11	11			0	1	0	8	1	5	50	3	1	1	5	4	5	7	4	4	10	5	5	2	16	2
2012	5	10	14	19	24.8089465	120.974786				8			50															3
2012	5	8	16	30	24.7891148	120.9749051	0	1	0	8	2	6	40	3	2	1	5	4	5	7	4	4	10	5	5	2	12	2
2012	5	10	1	1	24.8057691	120.953372	0	1	0	8	3	5	50	14	9	1	5	4	5	7	4	4	9	5	5	1	18	2
2012	5	11	14	57	24.8178793	120.9706768				8			50															3
2012	5	10	7	32	24.825181	120.971712	0	1	0	8	1	5	50	3	1	1	5	4	5	7	4	4	10	5	5	2	17	2
2012	5	10	17	36	24.7571705	120.9484903				6			50															3
2012	5	11	7	18	24.7937039	120.9456865				8			50															3
2012	5	16	8	26	24.776216	121.026796				8			50															3
2012	5	15	16	44	24.778989	120.980394	0	1	0	8	1	5	50	14	9	1	5	4	5	7	4	4	5	5	5	1	12	2
2012	5	5	11	35	24.8073764	120.9532456				8			50															3
2012	5	16	19	10	24.8174007	120.9946627	0	2	0	8	1	5	50	3	2	1	5	4	5	7	1	1	1	5	5	2	3	2
2012	5	16	19	37	24.8156229	120.9924372				8																		3
2012	5	3	9	20	24.790798	121.0055625	0	1	0	8	1	8	50	5	1	1	5	4	5	7	1	1	10	5	5	2	16	2
2012	5	10	9	3	24.787447	121.0098144	0	2	0	8	1	5	50	14	9	1	5	4	5	7	4	4	1	4	5	2	12	2
2012	5	16	15	9	24.7924614	121.0067013	0	1	0	8	1	5	50	4	1	1	5	4	5	7	1	1	10	5	5	2	16	2
2012	5	3	12	50	24.7571705	120.9484903				6			50															3
2012	5	2	18	20	24.79834225	120.9906022				8			50															3
2012	5	16	21	40	24.796781	120.970476	0	2	0	8	3	5	50	3	18	1	5	4	5	7	4	4	5	4	5	2	3	2
2012	5	16	21	37	24.8682845	120.9533929				8			50															3
2012	5	12	9	15	24.8115407	121.0257822	0	1	0	8	1	5	50	3	1	1	5	4	5	7	4	4	10	5	5	2	16	2
2012	5	17	3	41	24.74272225	120.9058515				6			40															3
2012	5	3	8	8	24.7811741	121.02523				8			50															3
2012	5	4	13	7	24.824575	120.966105				8			50															3
2012	5	4	14	30	24.7966041	120.96176				8			50															3
2012	5	5	7	48	24.8929355	121.0412615	0	1	0	8	1	5	50	5	1	1	5	4	5	7	2	1	5	5	5	1	13	2
2012	5	13	13	19	24.8200821	120.976655	0	1	0	8	1	5	50	3	2	1	5	4	5	7	4	4	5	5	5	1	19	2
2012	5	11	0	0	24.842768	120.933651				8			50															3
2012	5	14	16	59	24.824664	120.957575	0	2	0	8	1	5	50	14	9	1	5	4	5	7	4	4	9	5	5	1	13	2
2012	5	17	21	39	24.9469958	121.7245557	0	1	0	6	3	5	50	3	1	1	4	4	5	7	4	4	10	5	5	2	12	2
2012	5	11	11	47	24.9018609	121.043912				8			50															3
2012	5	18	2	30	24.8025954	120.9651562				8			50															3
2012	5	18	7	14	24.8150922	120.9852896	0	2	0	8	1	5	50	4	1	1	5	4	5	7	1	1	10	5	5	2	16	2
2012	5	18	7	15	24.8162261	120.992725				8			50															3
2012	5	18	8	16	24.82314395	120.9687826	0	1	0	8	1	5	50	14	9	1	5	4	5	7	4	4	9	5	5	2	11	2
2012	5	18	10	15	24.7887082	120.966576				8			50															3
2012	5	12	7	0	37.8545931	112.5517968				8			50															3
2012	5	16	17	5	24.7800331	120.9862256				8			50															3
2012	5	15	16	39	24.7965491	120.960726	0	1	0	8	1	5	50	4	1	1	5	4	5	7	1	1	10	5	5	2	16	2
2012	5	17	13	30	24.799502	120.991145	0	2	0	6	1	5	50	4	1	1	4	4	5	7	2	1	10	5	5	2	16	2
2012	5	18	6	49	31.3512963	120.9811634	0	1	0	8	1	5	50	10	8	1	5	4	5	2	4	4	1	3	1	2	18	2
2012	5	14	11	57	24.7873656	121.0096554	0	3	0	8	1	5	50	3	1	1	5	4	5	7	1	1	10	5	5	2	15	2
2012	5	18	8	27	24.767452	120.980353	0	1	0	8	1	5	40	14	9	1	5	4	5	7	4	4	5	5	5	1	16	2
2012	5	18	13	37	24.8058781	120.977267				8			50															3
2012	5	14	14	9	24.8010377	120.9826702				8			50															3
2012	5	14	15	15	24.7980471	121.0045782				8			40															3
2012	5	18	19	54	24.82098085	120.9731644	0	1	0	6	3	5	50	3	1	1	4	4	5	7	3	1	10	5	5	2	16	2
2012	5	12	15	20	24.8154385	120.9762307				8			40															3
2012	5	12	14	50	24.803137	120.973007				8			50															3
2012	5	12	18	20	24.789452	120.927164				8			50															3
2012	5	12	20	15	24.7996941	120.95245				8			50															3
2012	5	13	14	50	24.8275343	120.9659405				8			50															3
2012	5	16	13	30	24.78413	121.014649				6			50															3
2012	5	16	17	0	24.7975941	120.9643031				8			50															3
2012	5	19	3	58	24.79848285	120.9331971	1	0	0	7	3	5	40	13	9	1	4	4	5	7	4	4	10	5	5	2	9	1
2012	5	19	10	38	24.821919	120.975686																						3
2012	5	19	7	51	24.79581995	120.943136	0	1	0	7	1	5	50	4	9	1	5	4	5	7	4	4	10	5	5	2	15	2
2012	5	16	10	35	24.812095	121.004558	0	2	0	7	1	5	50	14	9	1	5	4	5	7	4	4	1	4	5	2	12	2
2012	5	19	10	25	24.816306	120.978964				8																		3
2012	5	19	13	42	24.79648	120.998228				8			50															3
2012	5	19	8	32	24.8	120.925424	0	1	0	6	1	5	40	11	9	1	4	4	5	1	4	4	10	5	5	2	11	2
2012	5	19	9	25	24.806954	120.999708	0	3	0	6	1	5	50	14	9	1	4	4	5	7	4	4	5	5	5	2	3	2
2012	5	16	11	30	24.7964959	120.9448446	0	2	0	8	1	5	50	4	1	1	5	4	5	7	4	4	10	5	5	2	12	2
2012	5	15	10	17	24.7996969	120.9515923	0	2	0	8	1	5	50	14	9	1	5	4	5	7	4	4	5	4	4	2	17	2
2012	5	19	19	12	24.8047718	120.9556443				8			50															3
2012	5	17	9	22	24.7960145	120.9671324	0	1	0	8	1	5	50	3	1	1	5	4	5	7	4	4	10	5	5	2	12	2
2012	5	17	12	47	24.7738857	121.0155538				6			40															3
2012	5	18	8	16	24.8027491	120.978165				8			50															3
2012	5	18	16	13	24.791969	121.003668	0	1	0	7	1	5	50	14	9	1	5	4	5	7	4	4	1	4	5	2	12	2
2012	5	18	12	49	24.795108	120.965828	0	1	0	8	1	5	50	3	1	1	5	4	5	7	4	4	10	5	5	2	16	2
2012	5	20	11	0	24.797239	120.974309				6																		3
2012	5	11	15	35	24.8188992	120.9718958				8			50															3
2012	5	6	16	40	24.798524	120.954342				8			50															3
2012	5	5	14	5	24.7999871	120.961365	0	1	0	8	1	5	50	14	9	1	5	4	5	7	4	4	5	4	5	1	16	2
2012	5	6	15	12	24.798296	120.992833				8			50															3
2012	5	8	21	35	24.8278801	121.070343	0	1	0	8	4	5	50	14	9	1	5	4	5	7	4	4	10	5	5	2	13	2
2012	5	19	21	18	24.815909	120.968759				8			50															3
2012	5	20	17	3	24.7818596	121.0211214				8			50															3
2012	5	20	20	1	24.791954	121.0150914				8			50															3
2012	5	20	21	40	24.807189	120.966128	0	2	0	8	3	5	50	4	2	1	5	4	5	7	3	1	5	5	5	2	16	2
2012	5	19	21	43	24.814507	120.975035				8			50															3
2012	5	20	2	45	24.7988758	120.9935293	0	1	0	8	3	5	50	14	9	1	5	4	5	7	4	4	7	4	5	2	13	2
2012	5	21	1	18	24.803713	120.964664				8			50															3
2012	5	5	17	39	24.839773	120.9296407	0	1	0	8	1	5	50	4	2	1	5	4	5	7	2	1	9	4	5	1	13	2
2012	5	21	8	5	24.8198055	120.961431				8			50															3
2012	5	21	6	15	24.803055	120.970961	1	0	0	8	1	5	50	14	9	1	5	4	5	7	4	4	5	4	5	2	3	1
2012	5	21	10	30	24.7485936	120.9074618	0	1	0	8	1	5	50	14	8	1	5	4	5	7	4	4	1	4	5	2	14	2
2012	5	16	22	33	24.79509185	120.9708905				8			40															3
2012	5	21	13	28	24.8214621	120.9520581				8			50															3
2012	5	19	16	23	24.801449	121.0005474				8			50															3
2012	5	21	9	55	24.804448	120.956337				8			50															3
2012	5	9	13	15	24.8071231	120.963378				8			50															3
2012	5	10	9	0	24.77869275	120.9226312	0	1	0	8	1	5	50	3	1	1	5	4	5	7	3	1	10	5	5	2	16	2
2012	5	17	14	10	24.744917	120.905689				8			50															3
2012	5	21	17	56	24.7896633	121.0112896	0	1	0	8	1	5	40	3	1	1	5	4	5	7	4	4	10	5	5	2	16	2
2012	5	10	8	8	24.7884154	120.9680175				8			50															3
2012	5	10	13	33	24.7843467	121.0135558				8			50															3
2012	5	8	8	42	24.8009967	120.9870539				8			50															3
2012	5	8	10	4	24.8077466	120.9663847				8			50															3
2012	5	16	10	10	24.7766461	120.947688	0	2	0	8	1	5	50	4	1	1	5	4	5	7	4	4	10	5	5	2	18	2
2012	5	15	13	20	24.7904705	121.0189688	0	1	0	8	1	5	50	14	9	1	2	4	5	7	4	4	5	5	5	1	17	2
2012	5	19	16	56	24.8094257	120.9589156	0	1	0	8	1	5	50	3	1	1	5	4	4	7	4	4	10	5	5	2	16	2
2012	5	18	14	48	24.8577979	121.21861				6			50															3
2012	5	22	8	20	24.7975087	120.9855883				8			50															3
2012	5	9	8	40	24.787355	121.0109801				8			50															3
2012	5	22	11	25	24.802326	120.982422				8			50															3
2012	5	9	17	17	24.7932831	121.001211				8			50															3
2012	5	22	13	7	24.8234334	120.973087	0	1	0	8	1	5	50	4	1	1	5	4	5	7	4	4	10	5	5	2	16	2
2012	5	22	16	0	24.7729067	120.9770276				8			40															3
2012	5	22	9	47	24.815051	120.982306	0	3	0	8	1	5	50	3	1	1	5	4	5	7	1	1	10	5	5	2	15	2
2012	5	22	12	43	24.7786081	120.938386	0	1	0	8	1	5	40	11	9	1	5	4	5	7	4	4	5	5	5	2	11	2
2012	5	12	12	45	24.7914624	120.9394129				8			50															3
2012	5	11	9	20	24.8010384	120.9930807				8			50															3
2012	5	20	17	37	24.8213281	120.977584				8			50															3
2012	5	17	21	15	24.8109182	120.9864593	0	1	0	7	4	5	50	14	9	1	5	4	5	7	4	4	10	5	5	2	10	2
2012	5	22	18	0	24.8040923	120.9749115	0	1	0	8	1	5	50	5	1	1	5	4	5	7	1	1	10	5	5	2	12	2
2012	5	22	18	32	24.79945	120.980837	0	1	0	8	1	5	50	5	1	1	5	4	5	7	4	4	10	5	5	2	16	2
2012	5	18	19	30	24.7419991	120.909565				6			50															3
2012	5	18	14	54	24.7957079	120.9529992				6			50															3
2012	5	20	16	45	24.8098791	120.97228				8			50															3
2012	5	19	17	24	23.8548668	120.983603				8			50															3
2012	5	20	10	50	24.7842919	121.0181496				6			50															3
2012	5	22	22	13	24.7924614	121.0067013	0	1	0	8	3	5	50	14	9	1	4	4	5	7	4	4	5	4	5	2	12	2
2012	5	23	6	53	24.7880901	121.005478				8			50															3
2012	5	23	7	30	24.8049651	120.947146	0	2	0	8	1	5	50	14	9	1	5	4	5	7	4	4	9	5	5	1	12	2
2012	5	23	9	7	24.81034915	120.976919	0	1	0	8	1	5	50	3	1	1	5	4	5	7	4	4	10	5	5	2	12	2
2012	5	23	17	6	24.806648	120.962305	0	2	0	8	1	5	50	3	1	1	5	4	5	7	4	4	10	5	5	2	13	2
2012	5	23	19	25	24.7995	120.965237	0	1	0	8	3	5	50	14	9	1	5	4	5	7	4	4	5	4	5	1	13	2
2012	5	11	1	30	24.8024866	120.94977				6																		3
2012	5	23	18	45	24.8042116	120.9705392				8			40															3
2012	5	23	22	39	24.7961489	120.9408173	0	2	0	8	3	5	50	14	9	1	5	4	5	7	4	4	5	5	5	2	16	2
2012	5	23	19	20	24.8219504	120.9716382	0	1	0	8	3	5	50	4	3	1	5	4	5	7	2	1	10	5	5	2	13	2
2012	5	1	14	55	24.815379	120.988546	0	1	0	8	1	5	50	14	9	1	5	4	5	7	4	4	1	4	5	1	16	2
2012	5	1	14	37	24.789754	120.998639				8			50															3
2012	5	24	8	21	24.78189075	121.0250699	0	2	0	8	1	5	50	3	1	1	5	4	5	7	1	1	9	5	5	2	16	2
2012	5	1	13	52	24.804817	120.963196				8			50															3
2012	5	23	16	15	24.814807	120.984138				8			50															3
2012	5	10	12	56	24.796026	120.94019				6			40															3
2012	5	24	17	30	24.8129871	120.971613				8			50															3
2012	5	22	7	52	24.81338815	120.9790933	0	1	0	8	1	5	50	14	9	1	5	4	5	7	4	4	9	5	5	2	17	2
2012	5	16	16	45	24.80468405	120.9819644				8			50															3
2012	5	24	19	40	24.78832185	120.9824059				8			50															3
2012	5	22	9	4	24.7681185	120.9634115				8			50															3
2012	5	23	22	6	24.790798	121.0055625				8			50															3
2012	5	16	8	44	24.7901181	120.96838				8			50															3
2012	5	17	17	30	24.7982431	120.9629704	0	3	0	6	1	5	50	4	1	1	4	4	5	7	2	1	10	5	5	2	16	2
2012	5	17	9	31	24.8257773	120.9653918	0	1	0	8	1	5	50	4	1	1	5	4	5	7	4	4	10	5	5	2	15	2
2012	5	17	8	25	24.8150922	120.9852896				8			50															3
2012	5	18	20	5	24.7945201	120.975589				8			50															3
2012	5	19	11	1	24.795836	120.998347				8			50															3
2012	5	23	8	25	23.8548668	120.983603				8			50															3
2012	5	25	2	8	24.7950031	120.9484151	0	1	0	8	3	5	50	4	2	1	5	4	4	7	3	1	1	4	5	1	18	2
2012	5	25	7	58	24.80506845	120.9488291				8			50															3
2012	5	25	10	29	24.8193477	120.9955776				8			50															3
2012	5	24	16	45	24.7998813	120.9616317	0	2	0	8	1	5	50	14	9	1	5	4	5	7	4	4	5	4	5	2	12	2
2012	5	24	20	15	24.7773363	121.0258281	0	1	0	8	3	5	50	3	1	1	5	4	5	7	3	1	10	5	5	2	16	2
2012	5	25	11	50	24.8221058	120.9695864				8			50															3
2012	5	25	14	16	24.798228	120.965282	0	2	0	8	1	5	50	4	1	1	5	4	5	7	3	1	10	5	5	2	13	2
2012	5	10	7	10	24.79509185	120.9708905				8			50															3
2012	5	24	23	50	24.804941	120.970177				8			50															3
2012	5	25	15	11	24.7761309	121.0112567				8			50															3
2012	5	1	11	55	24.8001336	120.9680365				8			50															3
2012	5	4	8	50	24.801449	121.0005474	0	1	0	6	1	5	40	3	1	1	4	4	5	7	1	1	10	5	5	1	16	2
2012	5	25	15	3	24.801449	121.0005474				8			50															3
2012	5	25	14	30	24.8192785	120.9757087				8			50															3
2012	5	25	19	45	24.8047718	120.9556443				8			50															3
2012	5	18	6	10	24.8173271	120.9640372	0	1	0	8	1	5	50	3	1	1	5	4	5	7	4	4	10	5	5	2	16	2
2012	5	25	18	36	24.807604	120.961564				8			50															3
2012	5	13	13	40	24.8185241	120.9630951	0	1	0	8	1	5	50	14	9	1	5	4	5	7	4	4	9	5	5	1	16	2
2012	5	19	0	20	24.8076851	120.971057				8			40															3
2012	5	19	11	45	24.8132194	120.9777493	0	1	0	8	1	5	50	3	1	1	5	4	5	7	4	4	10	5	5	2	16	2
2012	5	26	9	6	24.7458501	120.906158	0	1	0	8	1	5	60	3	8	1	5	4	5	7	1	1	10	5	5	2	16	2
2012	5	26	11	15	24.8193477	120.9955776				8			50															3