年	月	日	時	分	GoogleLat	GoogleLng	死	受傷	2-30	天候	光線	道路類別	速限	道路型態	事故位置	路面鋪裝	路面狀態	路面缺陷	障礙物	視距	號誌種類	號誌動作	分向設施	快車道或一般車道間	快慢車道間	路面邊線	事故類型及型態	事故類別
2012	5	26	12	25	24.796652	120.970667	0	2	0	8	1	5	50	14	9	1	5	4	5	7	4	4	5	4	5	1	3	2
2012	5	26	8	44	24.7932831	121.001211				8			50															3
2012	5	26	12	10	24.8037581	120.967532	0	1	0	8	1	5	50	14	9	1	5	4	5	7	4	4	10	5	5	2	12	2
2012	5	26	16	4	24.840283	120.929711				8			50															3
2012	5	26	12	20	24.8256414	120.9566902	0	1	0	8	1	5	50	11	9	1	5	4	5	7	4	4	2	5	5	2	12	2
2012	5	26	14	40	24.7881301	120.964036				8			40															3
2012	5	26	13	16	24.8147153	120.9796905				8			50															3
2012	5	26	15	39	24.792968	120.984707				8			41															3
2012	5	5	17	9	24.8226005	120.9705265	0	2	0	8	1	5	50	14	9	1	5	4	5	7	4	4	5	4	5	1	3	2
2012	5	5	16	38	24.8438901	120.930834																						3
2012	5	25	17	30	24.804392	120.957368				8			50															3
2012	5	14	17	53	24.8077231	120.988226				8			50															3
2012	5	15	9	33	31.3512963	120.9811634	0	1	0	8	1	5	40	11	9	1	5	4	5	7	1	1	10	5	5	2	10	2
2012	5	26	19	6	24.7976971	120.9646378				8			50															3
2012	5	13	9	58	24.79415315	121.0131368	0	1	0	8	1	5	50	3	1	1	5	4	5	7	3	1	10	5	5	2	16	2
2012	5	26	23	19	24.79031295	120.9352439	0	1	0	6	3	5	50	3	1	1	4	4	5	7	1	1	10	5	5	2	16	2
2012	5	15	12	19	24.814072	120.990975	0	2	0	8	1	5	50	14	9	1	5	4	5	7	4	4	1	4	5	1	12	2
2012	5	26	13	44	24.8029524	120.9795543				8			50															3
2012	5	26	16	5	24.41422875	120.759641				8			50															3
2012	5	23	9	32	24.7616803	120.9426243				8			50															3
2012	5	23	8	0	24.7911918	120.9265043				8			50															3
2012	5	26	20	30	24.8067902	120.9596347	0	2	0	8	3	5	50	3	1	1	5	4	5	7	3	1	10	5	5	2	16	2
2012	5	23	11	40	23.8548668	120.983603				8			50															3
2012	5	26	15	30	24.81182875	120.9577876				8			50															3
2012	5	27	7	58	24.7991891	120.9533827	0	1	0	8	1	5	50	4	2	1	5	4	5	7	1	1	1	5	5	2	18	2
2012	5	24	6	30	24.8135121	120.97858				8			50															3
2012	5	8	17	55	24.7986362	120.9531687				8			50															3
2012	5	27	11	43	24.7873656	121.0096554	0	1	0	8	1	5	50	5	1	1	5	4	5	7	2	1	10	5	5	2	16	2
2012	5	27	12	0	24.799495	120.9245028	0	2	0	8	1	5	40	3	9	1	5	4	5	7	3	3	10	5	5	2	12	2
2012	5	27	14	25	24.8019103	120.9701509	0	1	0	8	1	5	50	4	1	1	5	4	5	7	4	4	10	5	5	2	15	2
2012	5	13	9	10	24.7958491	120.9558511	0	1	0	8	1	5	50	14	9	1	5	4	5	7	4	4	5	5	5	2	12	2
2012	5	10	7	28	24.8356541	120.930943				8			50															3
2012	5	13	17	50	24.8356092	120.9235789																						3
2012	5	14	23	36	24.79385345	120.9690787	0	2	0	8	4	5	50	3	9	1	5	4	5	7	4	4	10	5	5	2	9	2
2012	5	27	20	39	24.8050389	120.9439435				8			50															3
2012	5	15	8	28	24.7910677	121.0049133				8			50															3
2012	5	18	7	54	24.7923159	120.9417855	0	2	0	8	1	5	50	3	2	1	5	4	5	7	1	1	10	5	5	2	16	2
2012	5	18	18	10	24.4235318	120.6435228	0	2	0	8	1	5	50	4	1	1	5	4	5	7	2	1	10	5	5	2	15	2
2012	5	15	17	15	24.8025404	120.9311459	0	1	0	8	1	5	50	14	9	1	5	4	5	7	4	4	9	5	5	2	12	2
2012	5	19	21	25	24.8033911	120.976202				8			40															3
2012	5	21	18	20	24.79382215	120.9370932	0	2	0	8	1	5	50	14	7	1	5	4	5	7	4	4	4	5	4	2	16	2
2012	5	17	11	15	24.807386	120.97181				6			50															3
2012	5	28	6	58	24.7976538	120.9757923				6			50															3
2012	5	28	7	18	24.7934621	120.97083				6			50															3
2012	5	28	9	30	24.79415315	121.0131368				6			50															3
2012	5	28	11	30	24.812366	120.958708				6			50															3
2012	5	28	6	15	24.7971079	120.9421713	0	1	0	6	1	5	50	4	1	1	4	4	5	7	1	1	10	5	5	2	16	2
2012	5	6	16	11	24.74147825	120.9045096	0	1	0	8	1	5	50	3	1	1	5	4	5	7	4	4	10	5	5	2	16	2
2012	5	25	6	50	24.7869717	120.9865578	0	2	0	8	1	5	50	14	9	1	5	4	5	7	4	4	9	4	5	2	17	2
2012	5	28	21	1	31.2964747	121.3843642	0	1	0	7	3	5	40	7	11	1	5	4	5	7	4	4	10	5	5	2	17	2
2012	5	29	0	58	24.802737	120.968324				8			50															3
2012	5	27	10	8	24.79484195	120.9652302	0	1	0	8	1	5	50	14	9	1	5	4	5	7	4	4	9	5	5	2	16	2
2012	5	25	13	45	24.7911971	120.9265114	0	1	0	8	1	5	50	14	9	1	5	4	5	7	4	4	9	5	5	2	17	2
2012	5	29	0	20	24.812907	120.959372	0	1	0	8	3	5	50	14	8	1	5	4	5	7	4	4	1	4	1	2	12	2
2012	5	28	16	30	24.80101445	120.9970307	0	1	0	8	1	5	50	14	9	1	5	4	5	7	4	4	5	4	5	2	16	2
2012	5	26	8	25	24.8147153	120.9796905				8			50															3
2012	5	26	10	5	24.7882139	120.9286821	0	1	0	8	1	5	50	3	1	1	5	4	5	7	4	4	10	5	5	2	16	2
2012	5	26	12	36	24.4235318	120.6435228				8			50															3
2012	5	26	14	38	24.7624371	120.912703	0	2	0	8	1	5	50	14	9	1	5	4	5	7	4	4	1	4	5	1	13	2
2012	5	28	15	25	24.80915	120.980807				8			50															3
2012	5	28	16	39	24.81813245	120.9593904	0	1	0	8	1	5	50	3	9	1	5	4	5	7	4	4	10	5	5	2	16	2
2012	5	28	17	43	24.7788002	121.0189417	0	1	0	8	1	5	50	14	9	1	5	4	5	7	4	4	9	5	5	1	13	2
2012	5	28	19	36	24.7823471	120.933846	0	1	0	7	3	5	40	14	9	1	5	4	5	7	4	4	5	5	5	2	13	2
2012	5	29	11	0	24.80342775	120.9483208				8			50															3
2012	5	10	11	35	24.792204	121.003102	0	0	0	8	1	5	50	14	9	1	5	4	5	7	4	4	9	5	5	2	13	3
2012	5	14	8	20	24.8021128	120.9869951																						3
2012	5	29	6	39	24.799689	120.9515893				8			50															3
2012	5	29	12	15	24.8025954	120.9651562	0	2	0	8	1	5	50	4	1	1	5	4	5	7	1	1	10	5	5	2	16	2
2012	5	10	18	14						6			90															3
2012	5	29	13	51			0	2	0	8	1	5	50	4	1	1	5	4	5	7	1	1	10	5	5	2	15	2
2012	5	29	12	3			0	1	0	8	1	5	50	3	1	1	5	4	5	7	4	4	10	5	5	2	16	2
2012	5	29	14	16						8			40															3
2012	5	28	16	50			0	1	0	7	1	5	50	14	9	1	5	4	5	7	4	4	1	2	5	2	9	2
2012	5	29	18	43	24.794905	121.008607	0	2	0	7	3	5	50	11	9	1	5	4	5	1	4	4	5	5	5	2	10	2
2012	5	29	18	35	24.8009967	120.9870539				8			50															3
2012	5	29	20	55	24.814508	120.97463				8			50															3
2012	5	29	20	15	24.787355	121.0109801	0	2	0	8	3	5	50	4	1	1	5	4	5	7	4	4	10	5	5	2	15	2
2012	5	28	21	30	24.7914624	120.9394129				8			50															3
2012	5	27	8	16	24.8116702	121.022322				8			50															3
2012	5	22	14	17	24.8235233	120.9787074				8			50															3
2012	5	31	7	36						8			50															3
2012	5	24	10	11						8			50															3
2012	5	30	9	10			0	1	0	8	1	5	50	3	2	1	5	4	5	7	4	4	10	5	5	2	16	2
2012	5	29	16	57	24.8002241	120.925538	0	1	0	7	1	5	40	4	1	1	5	4	5	7	4	4	10	5	5	2	17	2
2012	5	26	13	15	24.34623015	120.6264257	0	0	0	8	1	5	50	4	1	1	5	4	5	7	4	4	9	4	5	1	15	3
2012	5	30	11	51	24.808405	120.997205				8			50															3
2012	5	30	12	54	24.8061558	120.981887				8			50															3
2012	5	30	7	50	24.7815838	121.0170363	0	1	0	8	1	5	50	3	1	1	5	4	5	7	1	1	10	5	5	2	16	2
2012	5	26	16	30	24.7817278	121.0120785				8			40															3
2012	5	13	18	0	24.8146215	120.9770987				8			50															3
2012	5	14	17	28	24.78832185	120.9824059				8			50															3
2012	5	18	18	55	24.8178615	121.0248877	0	1	0	6	3	5	50	5	1	1	4	4	5	7	1	1	10	5	5	2	3	2
2012	5	10	14	38	24.7852379	121.0202712	0	1	0	8	1	5	50	14	9	1	5	4	5	7	4	4	5	5	5	1	16	2
2012	5	10	15	41	24.8055397	120.9770756	0	1	0	8	1	5	50	4	1	1	5	4	5	7	1	1	10	5	5	2	16	2
2012	5	30	18	30	24.821292	120.977561				8			50															3
2012	5	30	20	15	24.7884154	120.9680175	0	2	0	8	3	5	50	14	9	1	5	4	5	7	4	4	5	5	5	2	17	2
2012	5	15	19	30	24.8147641	120.961899	0	1	0	8	3	5	50	14	9	1	5	4	5	7	4	4	9	5	5	2	17	2
2012	5	19	19	0	24.8142127	120.9742827				8			50															3
2012	5	19	17	30	24.81798725	120.9843905				8			50															3
2012	5	19	17	5	24.783853	121.015467				8			50															3
2012	5	19	15	20	24.7575589	120.950738				8			40															3
2012	5	19	22	0	24.7956396	120.9714094				8			50															3
2012	5	19	14	30	24.8171183	120.9658517				8			50															3
2012	5	17	16	4	24.801532	120.976363				6			50															3
2012	5	20	13	20	24.8137323	120.9674304				8			50															3
2012	5	20	17	30	24.8363155	120.9398668				8			50															3
2012	5	24	9	50	24.7702698	120.9734533				8			40															3
2012	5	24	11	30	24.7924614	121.0067013	0	2	0	8	1	5	50	15	9	1	5	4	5	7	4	4	5	4	5	2	16	2
2012	5	29	16	15	24.812646	120.9829318				8			50															3
2012	5	25	19	13	24.81232875	120.959973				8			50															3
2012	5	31	8	40	24.82077475	120.9762071				8			50															3
2012	5	26	5	59	24.801449	121.0005474	0	1	0	8	1	5	50	3	1	1	5	4	4	7	1	1	10	5	5	2	17	2
2012	5	28	10	24	24.8168602	120.9711975				8			50															3
2012	5	30	14	55	24.7961253	120.9477656				8			50															3
2012	5	31	13	4	24.811677	120.9644				8			50															3
2012	5	16	9	39	24.8104845	120.9863029				8			50															3
2012	5	30	17	0	24.7941781	121.000595	0	1	0	8	1	5	50	3	2	1	5	4	5	7	4	4	1	4	5	2	16	2
2012	5	31	18	44	24.8429004	120.9296682	0	1	0	8	3	5	50	3	2	1	5	4	5	7	4	4	10	2	5	2	18	2
2012	5	20	14	18			0	1	0	8	1	5	50	14	9	1	5	4	5	7	4	4	9	5	5	1	13	2
2012	5	31	18	40	24.78906635	121.0046317				8			50															3
2012	5	25	8	30	24.7818596	121.0211214				8			50															3
2012	5	31	22	30	24.8012331	120.975119				8			50															3
2012	5	25	10	30	24.8034324	121.0164669				8			40															3
2012	5	31	23	42	24.7772423	121.0189952				8			40															3
2012	5	26	15	50	24.8188992	120.9718958				8			50															3
2012	5	27	11	16	30.6097092	104.0574011	0	3	0	8	1	5	50	5	1	1	5	4	5	7	1	1	10	5	5	2	15	2
2012	5	26	13	45	24.7932157	120.9676377				8			40															3
2012	5	29	12	10	24.82045885	120.9196799				8			50															3
2012	5	30	18	50	24.8219959	120.9649384				8			40															3
2012	5	29	18	25	24.7772121	121.020211				8			40															3
2012	5	27	13	27	24.8452291	120.928999				8			50															3
2012	5	31	23	5	24.8333624	121.0065953				8			40															3
2012	5	29	9	24	24.8128035	120.9853889				8			50															3
2012	5	30	12	23	24.7983752	121.0031491	0	1	0	8	1	5	50	3	1	1	5	4	5	7	4	4	1	4	5	2	14	2
2012	5	31	20	59	24.814439	120.981008	0	1	0	8	3	5	50	3	1	1	5	4	5	7	4	4	1	4	5	1	16	2
2012	5	29	8	40	24.7963684	120.9445488	0	1	0	8	1	5	50	14	9	1	5	4	5	7	4	4	5	5	5	2	16	2
2012	5	30	20	35	24.8042903	120.9752282	0	2	0	8	3	5	50	4	1	1	5	4	5	7	1	1	10	5	5	2	16	2
2012	5	31	12	6	24.8421711	120.934287				8			50															3
2012	5	31	17	38	24.8161395	120.9934274	0	1	0	8	1	5	50	5	1	1	5	4	5	7	2	1	10	5	5	2	12	2
2012	5	13	11	8	24.79355945	121.0147076				8			50															3
2012	5	31	13	5	24.7818596	121.0211214	0	1	0	8	1	5	50	3	1	1	5	4	5	7	2	1	10	5	5	2	16	2
2012	5	13	15	15	24.8119273	120.9719453	0	1	0	8	1	5	50	14	9	1	5	4	5	7	4	4	5	5	5	2	17	2
2012	5	31	16	39	24.81320985	120.9754233	0	1	0	8	1	5	40	4	1	1	5	4	5	7	4	4	10	5	5	2	15	2
2012	5	13	18	0	24.842721	120.925717	0	1	0	8	1	5	50	14	9	1	5	4	5	7	4	4	5	4	5	2	16	2
2012	5	14	7	56	24.8011347	120.9870763	0	1	0	8	1	5	50	4	1	1	5	4	5	7	1	1	10	5	5	2	13	2
2012	5	22	16	40	24.807905	120.9885615	0	1	0	8	1	5	50	3	1	1	5	4	5	7	1	1	10	5	5	2	12	2
2012	5	14	10	57	24.7815141	120.9735952	0	2	0	8	1	5	50	14	9	1	5	4	5	7	4	4	5	5	5	2	12	2
2012	5	17	7	30	24.8137323	120.9674304				6			50															3
2012	5	17	18	25	24.7873656	121.0096554	0	1	0	7	3	5	50	14	9	1	4	4	5	7	4	4	5	4	5	2	16	2
2012	5	18	19	15	24.8133492	120.9668023				8			50															3
2012	5	18	20	28	24.8141194	120.9696185	0	1	0	6	3	5	50	14	9	1	4	4	5	7	4	4	1	4	5	2	16	2
2012	5	18	21	20	24.8127011	120.975356				6			50															3
2012	5	20	13	15	24.8021091	120.967459				8			50															3
2012	5	26	19	45	24.78597275	120.988269	0	3	0	8	3	5	50	4	1	1	5	4	5	7	2	1	10	5	5	2	16	2
2012	5	31	18	50	24.8044864	120.9943064				8			50															3
2012	5	31	20	18	29.857088	121.5551922				8			70															3
2012	5	25	18	15	24.7887326	120.9300059				8			50															3
2012	5	26	8	49	24.8211953	120.9771783	0	1	0	8	1	5	50	4	1	1	5	4	5	7	1	1	10	5	5	2	16	2
2012	5	26	9	55	24.814597	120.981817	0	1	0	8	1	5	50	3	1	1	5	4	5	7	4	4	10	5	5	2	16	2
2012	5	22	8	48	24.7759375	121.0204477				8			50															3
2012	5	16	16	5	24.746135	120.907925				8			50															3
2012	5	17	8	42	24.766369	120.978519	0	1	0	8	1	5	50	14	9	1	5	4	5	7	4	4	5	5	5	2	12	2
2012	5	26	12	40	24.803684	120.979163	0	0	0	8	1	5	50	14	9	1	5	4	5	7	4	4	9	4	5	2	12	3
2012	5	30	16	30	24.807905	120.9885615				8			50															3
2012	5	28	9	35	24.798296	120.992833				6			50															3
2012	5	29	19	50	24.7354474	120.9129485				8			70															3
2012	5	30	14	18	24.8234728	120.9779836				8			50															3
2012	5	17	17	52	24.7967874	120.9523648				6			50															3
2012	5	28	10	40	24.809519	120.96101				6			50															3
2012	5	28	8	5	24.8009967	120.9870539				6			50															3
2012	5	28	14	45	24.8046465	120.9799304				6			50															3
2012	5	28	15	50	24.8084721	120.960947				8			50															3
2012	5	31	8	20	24.807905	120.9885615																						3
2012	5	31	10	0	24.7682421	120.978879	0	1	0	8	1	5	50	3	2	1	5	4	5	7	4	4	10	5	5	2	16	2
2012	5	14	2	10	24.80512	120.969522				8			50															3
2012	5	27	1	30	24.806009	120.960136	0	2	0	6	3	5	50	14	9	1	4	4	5	7	4	4	5	5	5	2	3	2
2012	5	22	23	58	24.81104355	121.0274259	0	2	0	8	3	5	50	4	1	1	5	4	5	7	4	4	10	5	5	2	15	2
2012	5	24	18	2	24.80417	120.957955	0	2	0	8	2	5	50	3	1	1	5	4	5	7	4	4	9	5	5	2	16	2
2012	5	24	18	45	24.8040923	120.9749115	0	1	0	8	3	5	50	5	1	1	5	4	5	7	2	1	10	5	5	2	13	2
2012	5	21	17	38	24.83497325	121.0047652				8			50															3
2012	5	24	13	38	24.7991891	120.9533827				8			50															3
2012	5	28	14	0	24.79462	120.964337				6			40															3
2012	5	31	12	35	24.78155805	120.9863351				8			50															3
2012	5	30	16	31	24.802872	121.007413				8			40															3
2012	5	31	13	0	24.7950326	120.9665384	0	5	0	8	1	5	50	4	1	1	5	4	5	7	4	4	10	5	5	2	17	2
2012	5	31	20	30	24.7887326	120.9300059	0	1	0	8	3	5	50	3	1	1	5	4	5	7	1	1	10	5	5	2	16	2
2012	5	19	0	31	24.8043843	120.970832				6			50															3
2012	5	25	9	43	24.7917064	120.9260284	0	1	0	8	1	5	50	4	1	1	5	4	5	7	4	4	10	5	5	2	16	2
2012	5	18	8	10	24.77869275	120.9226312	0	1	0	8	1	5	50	3	2	1	5	4	5	7	1	1	1	2	5	1	12	2
2012	5	20	7	51	24.7815773	120.9191841	0	1	0	6	1	5	50	14	9	1	4	4	5	7	4	4	1	4	5	1	18	2
2012	5	29	11	56	24.86122355	121.2191254	0	2	0	8	1	5	50	4	1	1	5	4	5	7	2	1	10	5	5	2	16	2
2012	5	20	17	17	24.8064021	120.978266				8			50															3
2012	5	22	8	50	24.7818596	121.0211214	0	1	0	8	1	5	50	14	9	1	5	4	5	7	1	1	5	4	5	1	12	2
2012	5	11	19	14	24.8141194	120.9696185				6			50															3
2012	5	24	3	20	24.8411651	120.927316				8			50															3
2012	5	8	19	27	24.807889	120.988209				8			50															3
2012	5	11	10	36	24.8088391	120.979604				8			40															3
2012	5	18	22	10	24.7780801	121.021713				6			50															3
2012	5	19	12	31	24.77671765	121.023073				8			50															3
2012	5	21	13	11	24.813889	120.963312				8			50															3
2012	5	21	15	55	24.7887326	120.9300059				8			50															3
2012	5	19	18	42	24.804244	120.971614	0	1	0	8	3	5	50	14	9	1	5	4	5	7	4	4	5	4	5	1	12	2
2012	5	6	7	55	24.8171183	120.9658517				8			50															3
2012	5	8	23	55	24.8577979	121.21861				8			50															3
2012	5	19	20	15	24.838868	120.933794	0	1	0	6	3	5	50	4	18	1	4	4	5	7	2	1	10	5	5	1	3	2
2012	5	30	7	25	24.7842919	121.0181496	0	1	0	8	1	5	50	4	1	1	5	4	5	7	1	1	10	5	5	2	16	2
2012	5	30	11	45	24.7786679	121.0190966				8			50															3
2012	5	1	11	40	24.7729067	120.9770276				8			50															3
2012	5	20	22	27	24.80139	120.9770515	0	1	0	8	3	5	50	11	9	1	5	4	5	7	4	4	1	4	5	1	18	2
2012	5	1	14	30	24.814072	120.990975				8			50															3
2012	5	6	15	7	24.7919591	120.941533				8			50															3
2012	5	21	18	41	31.3512963	120.9811634				8			50															3
2012	5	2	0	12	24.34623015	120.6264257				8			50															3
2012	5	14	21	0	24.788048	120.966042				8			40															3
2012	5	11	14	39	24.8069311	120.963087				8			50															3
2012	5	16	7	15	24.7813346	121.0239894				8			50															3
2012	5	29	20	47	24.7991891	120.9533827	0	3	0	8	3	5	50	4	1	1	5	4	5	7	1	1	10	5	5	2	16	2
2012	5	30	18	12	24.7924614	121.0067013				8			50															3
2012	5	30	18	50	24.7874802	121.0095148				8			50															3
2012	5	10	11	30	24.7571705	120.9484903				8			40															3
2012	5	22	19	30	24.781472	121.025205				8			50															3
2012	5	30	8	29	24.7788586	121.0189334				8			50															3
2012	5	16	12	55	24.8137566	120.967524				8			50															3
2012	5	17	7	40	24.795083	120.9362287				8			50															3
2012	5	25	6	47	24.7869058	120.9677167	0	1	0	8	1	5	50	11	9	1	5	4	5	7	4	4	5	5	5	2	18	2
2012	5	16	15	55	24.816697	120.971644				8			40															3
2012	5	31	17	49	24.8047718	120.9556443	0	2	0	8	1	5	50	4	1	1	5	4	5	7	1	1	10	5	5	2	16	2
2012	5	31	20	29	30.6726904	120.9064311	0	1	0	8	3	5	50	8	9	1	5	4	5	7	4	4	5	5	5	2	12	2
2012	5	26	7	25	24.8113711	120.956103	0	2	0	8	1	5	50	14	9	1	5	4	5	7	4	4	5	5	5	2	12	2
2012	5	25	8	46	24.7977051	120.971801				8			50															3
2012	5	25	16	30	24.8020598	120.9954236	0	0	0	8	1	5	50	14	9	1	5	4	5	7	4	4	1	4	5	2	13	3
2012	5	14	20	40	24.8421019	120.9292454	0	1	0	8	3	5	50	3	1	1	5	4	5	7	4	4	10	5	5	2	4	2
2012	5	21	18	57	24.7956781	120.971814				8			50															3
2012	5	22	5	28	24.8115377	120.976168				8			50															3
2012	5	31	14	20	24.8092286	120.9634372				8			50															3
2012	5	31	17	56	24.84574635	121.2236621	0	1	0	8	1	5	50	3	2	1	5	4	5	7	2	1	10	5	5	2	16	2
2012	5	30	17	25	24.7603411	120.912261				8			50															3
2012	5	24	9	26	24.78960665	121.0157409				8			40															3
2012	5	24	7	36	24.78869	121.018137				8			50															3
2012	5	31	11	32	24.7809411	121.026143				8			50															3
2012	5	24	10	6	24.7998135	120.9909705				8			50															3
2012	5	21	14	7	24.766794	120.913903				8			50															3
2012	5	26	6	30	24.8132554	120.979903	0	1	0	8	1	5	50	4	1	1	5	4	5	7	3	1	10	5	5	2	16	2
2012	5	26	21	26	24.8044371	120.972732	0	1	0	8	3	5	50	14	9	1	5	4	5	7	4	4	5	4	5	2	16	2
2012	5	27	17	5	24.79037	120.9349189	0	1	0	8	1	5	50	11	9	1	5	4	5	7	4	4	1	4	4	2	17	2
2012	5	28	10	0	24.8684988	120.9533201				6			50															3
2012	5	31	7	20	24.796184	120.975435	0	1	0	7	1	5	50	4	2	1	5	4	5	7	1	1	5	5	5	2	12	2
2012	5	8	12	52	23.7906725	121.0173356				8			50															3
2012	5	26	12	5	24.8009967	120.9870539				8			50															3
2012	5	31	7	23	24.7964808	120.9524293	0	2	0	8	1	5	50	4	1	1	5	4	5	7	1	1	10	5	5	2	12	2
2012	5	20	18	36	24.7831335	121.0125024	0	2	0	8	3	5	50	3	2	1	5	4	5	7	4	4	5	5	5	1	16	2
2012	5	25	23	59	24.790798	121.0055625	0	1	0	8	3	5	50	3	18	1	5	4	5	7	3	1	10	5	5	1	3	2
2012	5	22	17	18	24.7946721	120.957939	0	2	0	8	1	5	40	11	9	1	5	4	5	7	4	4	10	5	5	2	11	2
2012	5	26	22	50	24.7948488	120.9652249				6			50															3
2012	5	26	20	54	24.83324075	120.9468056				6			50															3
2012	5	31	8	40	24.7771041	121.0210509	0	1	0	8	1	5	50	4	1	1	5	4	5	7	4	4	5	5	5	2	15	2
2012	5	23	1	13	24.8141411	120.977205	0	1	0	8	3	5	50	15	9	1	5	4	5	7	4	4	1	4	5	2	12	2
2012	5	4	14	16	24.79932	120.991822	0	1	0	8	1	5	50	14	9	1	5	4	5	7	4	4	1	4	5	2	13	2
2012	5	26	9	55	24.69624285	120.8958243				8			50															3
2012	5	13	9	3	24.7869058	120.9677167	0	1	0	8	1	5	50	14	9	1	5	4	5	7	4	4	5	5	5	1	18	2
2012	5	20	4	21	24.7958534	120.9502815				6			50															3
2012	5	26	15	50	24.814653	120.9638297	0	2	0	8	1	5	40	3	1	1	5	4	5	1	4	4	10	5	5	2	16	2
2012	5	26	18	15	24.799367	120.967489				8			50															3
2012	5	3	9	46	24.8011347	120.9870763	0	1	0	8	1	5	50	4	1	1	5	4	5	7	2	1	10	4	5	1	12	2
2012	6	1	10	14	24.79218	120.9737255				8			50															3
2012	6	1	8	34	24.8356092	120.9235789				8			50															3
2012	6	1	10	0	24.7842919	121.0181496				8			40															3
2012	6	1	11	30	24.7915906	121.0157262				8			50															3
2012	6	1	11	35	24.798228	120.965282				8			50															3
2012	6	1	17	36	24.81362115	120.9743432				8			50															3
2012	6	1	23	40	24.8423748	120.9341485	0	1	0	8	3	5	50	4	1	1	5	4	5	7	2	1	10	5	5	2	16	2
2012	6	1	19	33	24.7956271	120.971918	0	1	0	8	3	5	50	3	1	1	5	4	5	7	4	4	10	5	5	2	12	2
2012	6	2	8	23	24.7998135	120.9909705				8			50															3
2012	6	2	13	28	24.815536	120.990202				8			50															3
2012	6	2	9	20	24.777609	121.023131				8			50															3
2012	6	2	15	52	24.8187568	120.976498				8			50															3
2012	6	1	20	38	24.8050047	120.9574546	0	3	0	8	3	5	50	14	9	1	5	4	5	7	4	4	5	5	5	2	13	2
2012	6	2	16	4	24.7968243	121.004945				8			40															3
2012	6	1	18	10	24.8142165	120.9640903				8			50															3
2012	6	3	8	30	24.8333624	121.0065953				8																		3
2012	6	2	15	55	24.79447765	120.9611721				8			50															3
2012	6	3	10	3	24.80126	120.970554				8			50															3
2012	6	2	16	53	24.8214621	120.9520581				8			50															3
2012	6	3	9	47	24.7982408	120.9530228				8			50															3
2012	6	3	11	8	23.8548668	120.983603				8			50															3
2012	6	2	16	53	24.8042903	120.9752282				8			50															3
2012	6	3	12	40	24.8019741	121.0001719				8			50															3
2012	6	3	13	12	24.799689	120.9515893	0	1	0	8	1	5	50	3	1	1	5	4	5	7	2	1	10	5	5	2	16	2
2012	6	3	8	57	24.80985965	120.9553303	0	1	0	8	1	5	50	15	8	1	5	4	3	7	4	4	5	4	1	1	12	2
2012	6	3	14	21	24.799834	120.981155				8			50															3
2012	6	3	16	35	24.842925	120.923241				8			50															3
2012	6	1	10	2	24.79925245	120.969281	0	2	0	8	1	5	50	14	9	1	5	4	5	7	4	4	5	5	5	2	17	2
2012	6	3	20	4	24.7992233	120.9599049	0	1	0	8	3	5	40	4	1	1	5	4	5	7	4	4	10	5	5	2	15	2
2012	6	3	19	28	24.7935241	120.96682	0	2	0	8	3	5	50	4	1	1	5	4	5	7	1	1	10	5	5	2	16	2
2012	6	3	19	30	24.8128611	120.972843				8			50															3
2012	6	3	21	47	24.8161395	120.9934274				8			50															3
2012	6	4	8	50	24.822538	120.976677				8			50															3
2012	6	4	13	40	24.7975598	120.995739	0	3	0	6	1	5	50	3	1	1	4	4	5	7	1	1	10	5	5	2	16	2
2012	6	2	21	50	24.7893351	121.0183806	0	1	0	7	3	5	50	4	1	1	5	4	5	7	4	4	10	5	5	2	15	2
2012	6	4	14	22	24.784744	121.014843				8			50															3
2012	6	4	15	43	24.8077913	120.9790635				6			50															3
2012	6	4	16	43	37.8545931	112.5517968				6			50															3
2012	6	4	19	3	24.8001525	120.9896318				8			50															3
2012	6	4	16	53			0	1	0	6	1	5	50	4	1	1	4	4	5	7	4	4	9	5	5	2	16	2
2012	6	4	19	4						8			50															3
2012	6	4	21	47			1	0	0	8	3	5	40	14	9	1	5	4	5	7	4	4	10	5	5	2	26	1
2012	6	4	5	50			0	2	0	8	1	5	50	8	9	1	5	4	5	7	4	4	1	4	5	2	12	2
2012	6	2	16	32			0	1	0	7	1	5	50	14	9	1	5	4	5	7	4	4	9	5	5	2	16	2
2012	6	5	8	27						8			50															3