年	月	日	時	分	GoogleLat	GoogleLng	死	受傷	2-30	天候	光線	道路類別	速限	道路型態	事故位置	路面鋪裝	路面狀態	路面缺陷	障礙物	視距	號誌種類	號誌動作	分向設施	快車道或一般車道間	快慢車道間	路面邊線	事故類型及型態	事故類別
2012	6	5	9	31						8			50															3
2012	6	5	12	4			0	2	0	8	1	5	50	4	1	1	5	4	5	7	1	1	10	5	5	2	15	2
2012	6	5	9	2	24.79834225	120.9906022				8			50															3
2012	6	5	8	9	24.7593021	120.9580364	0	1	0	8	1	5	50	14	9	1	5	4	5	7	4	4	9	5	5	2	16	2
2012	6	5	9	40	24.782637	120.9546454	0	0	0	8	1	5	50	4	1	1	5	4	5	7	1	1	1	2	5	2	12	3
2012	6	5	10	57	24.7975795	120.9473087				8			50															3
2012	6	5	12	19	24.78436645	121.0121615	0	1	0	8	1	5	50	14	9	1	5	4	5	7	4	4	10	5	5	2	16	2
2012	6	5	13	41	24.8015288	120.965968	0	2	0	8	1	5	50	4	1	1	5	4	5	7	4	4	10	5	5	2	16	2
2012	6	4	17	20	24.8091112	120.9601481	0	2	0	8	1	8	50	15	20	4	5	4	5	7	4	4	10	5	5	2	16	2
2012	6	5	17	15	24.7789755	120.9367845	0	2	0	8	1	5	40	14	9	1	5	4	5	7	4	4	5	5	5	2	16	2
2012	6	5	18	39	24.7978011	120.964592	0	2	0	7	3	5	50	3	1	1	5	4	5	7	4	4	10	5	5	2	16	2
2012	6	1	16	0	24.805355	120.960843				8			50															3
2012	6	1	8	19	23.8548668	120.983603																						3
2012	6	4	15	17	24.7993701	120.996979				6			50															3
2012	6	4	9	30	24.781316	121.026368	0	0	0	8	1	5	50	14	9	2	5	4	5	7	4	4	5	4	5	1	17	3
2012	6	4	8	10	24.7830941	121.0116058				6			50															3
2012	6	4	16	42	24.8129741	120.9829031				6			50															3
2012	6	5	21	30	24.807997	120.98049				8			50															3
2012	6	5	20	55	24.819458	120.995265																						3
2012	6	2	13	11	24.7975598	120.995739	0	1	0	8	1	5	50	3	1	1	5	4	5	7	2	1	10	5	5	2	15	2
2012	6	1	12	15	24.7884154	120.9680175	0	1	0	8	1	5	50	4	1	1	5	4	5	7	3	3	10	5	5	2	17	2
2012	6	5	22	0	24.79433965	121.0070411	0	1	0	8	3	5	50	3	1	1	5	4	5	7	1	1	10	5	5	2	16	2
2012	6	5	18	15	24.8393931	120.998699	0	2	0	8	1	5	50	4	1	1	5	4	5	7	4	4	10	5	5	2	16	2
2012	6	5	17	50	24.811999	120.964286				8			50															3
2012	6	5	17	16	24.8085331	120.982198	0	2	0	8	1	5	50	14	9	1	5	4	5	7	4	4	1	4	5	2	13	2
2012	6	5	18	18	24.814435	120.956184	0	2	0	8	2	5	40	4	1	1	5	4	5	7	4	4	10	5	5	2	15	2
2012	6	6	7	56	24.81261715	120.9524618	0	2	0	8	1	5	40	3	1	1	5	4	5	7	4	4	10	5	5	2	12	2
2012	6	6	10	43	24.804663	120.965022	0	1	0	8	1	5	50	3	2	1	5	4	5	7	4	4	5	5	5	2	16	2
2012	6	4	18	17	24.80867115	120.9623971	0	2	0	6	2	5	50	15	9	1	4	4	5	7	4	4	9	5	5	2	17	2
2012	6	6	13	49	24.7771139	120.9467465				8			40															3
2012	6	6	15	25	24.77842755	120.9396875	0	1	0	8	1	5	50	14	9	1	5	4	5	7	4	4	4	5	5	2	17	2
2012	6	6	22	24	24.8025948	120.9623823	0	1	0	8	3	5	50	4	1	1	5	4	5	7	3	1	10	5	5	2	15	2
2012	6	5	6	3	24.84574635	121.2236621	0	1	0	8	1	5	50	3	4	1	5	4	5	7	2	1	5	4	5	2	13	2
2012	6	6	15	20	24.783575	121.016619	0	1	0	8	1	5	50	5	1	1	5	4	5	7	1	1	10	5	5	2	11	2
2012	6	3	0	5	24.8047718	120.9556443	0	2	0	8	3	5	50	4	1	1	5	4	5	7	1	1	10	5	5	2	11	2
2012	6	7	11	8	24.8011347	120.9870763				8			50															3
2012	6	7	11	58	24.8019621	120.983299	0	1	0	8	1	5	50	3	2	1	5	4	5	7	4	4	5	2	5	2	16	2
2012	6	3	17	43	24.8356702	121.0202474				8			50															3
2012	6	7	14	40	24.8019091	120.969067	0	0	0	8	1	5	50	14	9	1	5	4	5	7	4	4	5	4	5	2	17	3
2012	6	3	19	37	24.8228691	120.9720984				8			50															3
2012	6	3	15	30	24.7937701	120.955228				8			40															3
2012	6	7	16	10	24.797232	120.9637474				8			50															3
2012	6	7	15	40	24.8089931	120.979218				8			50															3
2012	6	6	22	13	24.800904	120.966954				8			58															3
2012	6	7	18	15	24.7887326	120.9300059																						3
2012	6	6	20	21	24.842793	120.933604	0	0	0	8	3	5	50	14	9	1	5	4	5	7	4	4	9	4	5	2	13	3
2012	6	7	18	3	24.8001525	120.9896318				8			50															3
2012	6	7	15	5	24.8141991	120.9912809				8			50															3
2012	6	7	22	45	24.803197	120.971355				8			50															3
2012	6	7	19	44	24.782257	121.020659	0	2	0	8	3	5	50	3	2	1	5	4	5	7	4	4	5	4	5	2	16	2
2012	6	5	16	10	24.789728	121.019559				8			50															3
2012	6	6	22	12	24.7951745	120.969706	0	1	0	8	3	5	50	3	2	1	5	4	5	7	4	4	5	5	5	1	27	2
2012	6	7	22	45	24.80106285	120.9674801	0	2	0	8	3	5	50	14	9	1	5	4	5	7	4	4	5	4	5	2	16	2
2012	6	3	20	5	24.8137323	120.9674304				8			40															3
2012	6	7	23	37	24.73400965	120.9131372				8			70															3
2012	6	8	6	41	24.7597091	120.9584529	1	0	0	8	1	5	70	3	1	1	5	4	5	7	4	4	10	5	5	2	16	1
2012	6	4	12	40	24.7879134	120.937435				6			40															3
2012	6	8	11	50	24.7874802	121.0095148				8			50															3
2012	6	7	17	30	23.017623	120.278726				8			40															3
2012	6	8	14	6	24.7932831	121.001211				8			50															3
2012	6	1	16	45	24.8095416	120.9776828	0	2	0	8	1	5	50	4	18	1	5	4	5	7	3	1	10	5	5	2	3	2
2012	6	8	20	33	24.78833355	120.9673408				8			50															3
2012	6	8	21	24	24.8129871	120.978057	0	2	0	8	3	5	50	14	9	1	5	4	5	7	4	4	9	5	5	2	16	2
2012	6	4	7	0	24.799689	120.9515893				8			50															3
2012	6	7	21	33	24.788804	120.9671331	0	1	0	8	3	5	50	3	1	1	5	4	5	7	3	1	10	5	5	2	16	2
2012	6	8	15	50	24.7932831	121.001211				8			50															3
2012	6	9	11	28	24.4235318	120.6435228				8			50															3
2012	6	8	1	26	24.8115961	120.963195				8			50															3
2012	6	9	0	12	24.779966	120.935348	0	2	0	7	3	5	40	3	1	1	5	4	5	7	4	4	10	5	5	2	16	2
2012	6	2	11	20	24.8017471	120.960466	0	1	0	8	1	5	50	14	9	1	5	4	5	7	4	4	5	4	5	2	13	2
2012	6	9	18	42	24.8096694	120.9775955				8			50															3
2012	6	7	17	16	24.8088365	120.9826966	0	2	0	8	1	5	50	3	2	1	5	4	5	7	3	1	1	4	5	2	12	2
2012	6	9	19	37	24.7969594	120.9757468				8			50															3
2012	6	8	7	1	24.7974672	120.976734	0	1	0	8	1	5	50	4	1	1	5	4	5	7	4	4	10	5	5	2	15	2
2012	6	9	23	3	24.8806078	121.0355371				8			50															3
2012	6	8	9	30	24.8049651	120.947146	0	1	0	8	1	5	50	14	9	1	5	4	5	7	4	4	9	5	5	1	12	2
2012	6	8	12	40	24.8095356	120.9612583	0	2	0	8	1	5	50	14	9	1	5	4	5	7	4	4	1	4	5	2	12	2
2012	6	9	21	1	24.8102881	120.9679249				8			50															3
2012	6	9	22	30	24.8395691	120.931391	0	3	0	8	3	5	50	14	9	1	5	4	5	7	1	1	1	4	5	2	13	2
2012	6	9	20	36	24.7967817	120.9997716				8			50															3
2012	6	9	22	35	24.73400965	120.9131372	0	1	0	8	3	5	70	14	9	1	5	4	5	7	4	4	7	2	4	1	20	2
2012	6	10	0	40	24.799689	120.9515893				8			50															3
2012	6	10	4	22	24.8042903	120.9752282				8			50															3
2012	6	10	9	0	24.7771139	120.9467465				8			50															3
2012	6	10	11	51	24.41422875	120.759641				8			50															3
2012	6	10	12	36	24.7929205	121.0125589				8			50															3
2012	6	10	14	20	24.8438901	120.930834				8			50															3
2012	6	10	13	0	24.8070521	120.978578	0	2	0	8	1	5	50	14	9	1	5	4	5	7	4	4	9	4	5	2	12	2
2012	6	10	19	2	24.77862	120.939535	0	2	0	8	3	5	40	14	9	1	5	4	5	7	4	4	10	5	5	2	3	2
2012	6	10	22	35	24.796174	120.955803				8			50															3
2012	6	11	3	58	24.798926	120.966468	1	0	0	8	3	5	50	14	9	1	5	4	5	7	4	4	9	5	5	1	17	1
2012	6	11	8	25	24.8331464	120.9483426				8			50															3
2012	6	10	12	40	24.8134353	120.9707609	0	1	0	8	1	5	50	11	9	1	5	4	5	7	4	4	5	5	5	2	12	2
2012	6	11	6	53	24.8029136	120.925211	0	1	0	8	1	5	50	4	1	1	5	4	5	7	4	4	10	5	5	2	15	2
2012	6	11	9	35	24.800828	120.924904	0	1	0	8	1	5	40	14	9	1	5	4	5	7	4	4	10	5	5	1	20	2
2012	6	11	7	18	24.8024866	120.94977	0	1	0	8	1	5	40	14	9	1	5	4	5	7	4	4	10	5	5	2	10	2
2012	6	11	12	55	24.8049425	120.9723311				8			50															3
2012	6	11	10	55	24.8194051	120.9954455	0	1	0	8	1	5	50	14	11	1	5	4	5	7	4	4	1	4	5	2	18	2
2012	6	11	12	20	24.7981287	121.0067299	0	1	0	8	1	5	50	14	9	1	5	4	5	7	4	4	1	4	5	2	13	2
2012	6	11	15	1	24.794824	121.008804				8			50															3
2012	6	11	11	53	24.790707	120.939199				8			50															3
2012	6	11	11	29	24.83794545	120.9336942	0	2	0	8	1	5	50	14	8	1	5	4	5	7	4	4	1	4	4	2	13	2
2012	6	11	14	23	24.8166548	120.9733688				8			50															3
2012	6	11	17	35	24.8084811	120.966364				8			50															3
2012	6	11	18	40	24.7946545	120.9795099	0	1	0	8	1	5	50	3	9	1	5	4	5	7	4	4	9	5	5	2	17	2
2012	6	11	5	20	24.8100751	120.959111				8			50															3
2012	6	11	15	2	24.8085345	120.968985				8			50															3
2012	6	11	22	40	24.8073205	120.9727962				6			50															3
2012	6	11	22	42	24.8031779	120.980421	0	1	0	6	3	5	50	14	9	1	4	4	5	7	1	1	5	2	5	2	11	2
2012	6	12	11	16	24.7996061	120.950863				8			50															3
2012	6	11	9	0	24.8109866	120.9864175				8			50															3
2012	6	12	11	30	24.83794545	120.9336942				8			50															3
2012	6	11	14	7	24.8013374	120.9702389				8			50															3
2012	6	12	7	26	24.7946545	120.9795099				6			50															3
2012	6	12	11	40	24.7964808	120.9524293				6			50															3
2012	6	8	14	0	24.77689315	120.9396448				8			40															3
2012	6	11	8	23	24.79168195	120.973913				8			50															3
2012	6	11	12	10	24.7815191	120.99015				6			40															3
2012	6	6	18	24	24.8031813	120.993022	0	1	0	8	1	5	40	11	8	1	5	4	5	1	4	4	4	5	5	2	1	2
2012	6	12	19	59	24.8193464	120.979387				8			50															3
2012	6	4	17	31	24.8089239	120.978162	0	1	0	6	1	5	50	14	9	1	4	4	5	6	4	4	5	4	5	2	13	2
2012	6	7	8	50	24.8018053	120.9829618				8			50															3
2012	6	7	13	7	24.7785071	120.939158	0	1	0	8	1	5	40	3	1	1	5	4	5	7	4	4	10	5	5	2	17	2
2012	6	7	13	59	24.7355699	120.9126119				8			50															3
2012	6	10	8	33	24.79434355	120.9698818				8			40															3
2012	6	11	10	30	24.8142127	120.9742827				8			50															3
2012	6	5	21	25	24.78597275	120.988269				8			50															3
2012	6	12	21	56	24.7815604	121.0225342				8			50															3
2012	6	10	11	16	24.73055375	120.9417009				8			50															3
2012	6	6	18	42	24.7887326	120.9300059				8			50															3
2012	6	6	14	6	24.8044211	120.974534	0	1	0	8	1	5	50	14	9	1	5	4	5	7	4	4	5	4	5	2	13	2
2012	6	13	10	20	24.7544226	120.9559179	0	0	0	8	1	5	50	4	1	1	5	4	5	7	1	1	1	4	4	1	15	3
2012	6	9	14	33	24.7966834	120.9453212				8			50															3
2012	6	12	8	12	24.7884154	120.9680175				8			50															3
2012	6	13	12	3	24.8219504	120.9716382	0	1	0	8	1	5	50	4	2	1	5	4	5	7	1	1	10	5	5	2	17	2
2012	6	13	13	35	24.7982082	120.994391				8			50															3
2012	6	5	8	30	24.78894595	120.9301931	0	2	0	8	1	5	50	14	9	1	5	4	5	7	4	4	1	4	4	2	12	2
2012	6	5	13	45	24.810943	120.962472				8			50															3
2012	6	8	11	30	24.7996969	120.9515923	0	2	0	8	1	5	50	4	1	1	5	4	5	7	1	1	10	5	5	2	15	2
2012	6	13	17	35	24.7983487	121.0086791	0	1	0	8	1	5	50	4	2	1	5	4	5	7	4	4	10	5	1	2	18	2
2012	6	13	20	40	24.79311235	121.0115108				8																		3
2012	6	2	14	50	24.8017988	120.9702804				8			50															3
2012	6	8	14	50	24.83660525	120.9429498				8			50															3
2012	6	8	16	10	24.819359	120.9825494				8			50															3
2012	6	9	10	30	24.79817055	120.9359125				8			50															3
2012	6	12	8	5	24.7919685	121.0148844				6			50															3
2012	6	12	9	25	24.796843	120.956731				8			50															3
2012	6	12	16	3	24.73886285	120.9116707	0	1	0	6	3	5	50	11	8	1	4	4	5	1	4	4	1	3	4	2	16	2
2012	6	10	8	0	24.81192855	120.9218782	0	1	0	8	1	5	50	14	9	1	5	4	5	7	4	4	10	5	5	1	16	2
2012	6	14	11	3	24.7802672	121.0241642																						3
2012	6	14	7	47	24.8105021	120.9820787				8			50															3
2012	6	14	12	28	24.799157	120.96254				8			50															3
2012	6	2	18	0	24.8147153	120.9796905				8			50															3
2012	6	10	15	20	24.7874802	121.0095148				8			50															3
2012	6	14	15	10	24.8059601	120.9603079				6			50															3
2012	6	14	13	26	24.7702698	120.9734533				6			40															3
2012	6	14	17	53	24.8230702	120.9690861	0	2	0	7	1	5	50	4	1	1	5	4	5	7	4	4	10	5	5	2	15	2
2012	6	1	15	0	24.8147153	120.9796905				8			50															3
2012	6	7	21	45	24.7713751	121.052274	0	2	0	8	3	5	50	3	1	1	5	4	5	7	4	4	10	5	5	1	3	2
2012	6	14	19	20	24.817929	120.9948494				6			50															3
2012	6	14	20	10	24.8116702	121.022322				6			50															3
2012	6	14	19	1	24.7921421	120.940588	0	2	0	8	3	5	50	3	4	1	4	4	5	7	1	1	1	2	4	2	13	2
2012	6	14	22	25	24.7757781	121.024894	0	2	0	6	3	5	40	3	9	1	4	4	5	7	4	4	10	5	5	2	16	2
2012	6	15	7	52	24.8088365	120.9826966	0	1	0	8	1	5	50	3	9	1	5	4	5	7	3	1	8	5	5	2	16	2
2012	6	15	11	7	24.8175328	120.9946986				8			50															3
2012	6	15	11	50	31.3512963	120.9811634	0	1	0	8	1	5	50	14	8	1	5	4	5	7	4	4	1	5	5	2	12	2
2012	6	15	12	25	24.8147153	120.9796905				8			50															3
2012	6	15	10	0	24.7955621	120.971448	0	2	0	8	1	5	50	3	1	1	5	4	5	7	4	4	10	5	5	2	16	2
2012	6	14	18	0	24.7568204	120.9524522	0	0	0	8	2	5	50	3	2	1	5	4	5	7	1	1	10	4	5	1	11	3
2012	6	14	20	0	24.80508345	120.9403263				6			50															3
2012	6	15	10	26	24.7869834	121.0173405				8			50															3
2012	6	15	9	52	24.8015683	120.9609813				8			50															3
2012	6	12	8	5	24.7565828	121.0734224				6			50															3
2012	6	4	17	6	24.799174	120.964231				8			50															3
2012	6	15	14	0	24.797434	120.996472				8			50															3
2012	6	15	18	7	24.80127805	120.9678009				8			50															3
2012	6	14	16	25	24.8101928	120.9734446				6			50															3
2012	6	7	7	0	24.81238965	120.9813895	0	1	0	8	1	5	50	3	1	1	5	4	5	7	2	1	10	5	5	2	16	2
2012	6	7	9	40	24.7962661	120.967649	0	1	0	8	1	5	50	14	9	1	5	4	5	7	4	4	9	5	5	2	12	2
2012	6	15	20	27	24.801449	121.0005474				8			50															3
2012	6	1	20	30	24.80506335	120.9537967	0	2	0	8	3	5	50	14	9	1	5	4	5	7	4	4	5	4	5	2	12	2
2012	6	16	0	26	24.809722	120.965609				8			80															3
2012	6	16	0	31	24.79635	120.967149				6			50															3
2012	6	15	22	54	24.8496763	121.229232	0	1	0	6	3	5	50	4	2	1	4	4	5	7	1	1	10	5	5	1	12	2
2012	6	16	0	50	24.8214338	120.964771				8			50															3
2012	6	13	21	28	24.7832694	121.0208109	0	0	0	8	3	5	50	4	1	1	5	4	5	7	1	1	10	5	5	2	16	3
2012	6	10	14	20	24.8462681	120.928627				8			50															3
2012	6	13	15	15	24.7932831	121.001211	0	2	0	8	1	5	50	4	1	1	5	4	5	7	2	1	10	5	5	2	15	2
2012	6	14	10	50	24.81853775	120.9890287				8			50															3
2012	6	15	18	18	24.807198	120.967767				8			50															3
2012	6	15	9	50	24.8132554	120.979903				8			50															3
2012	6	6	7	40	24.8027569	120.986942	0	1	0	8	1	5	50	14	9	1	5	4	5	7	4	4	5	4	5	2	13	2
2012	6	16	8	43	24.7960908	121.0131761	0	1	0	8	1	5	50	14	9	1	5	4	5	7	4	4	1	4	5	2	16	2
2012	6	16	11	39	24.811953	120.95517				8			50															3
2012	6	16	16	45	24.754482	120.954223	0	2	0	7	1	5	50	3	2	1	4	4	5	7	3	1	10	5	5	2	16	2
2012	6	16	17	52	24.784219	121.016835							50															3
2012	6	2	18	20	24.79760605	121.0029783	0	1	0	8	1	5	50	14	9	1	5	4	5	7	4	4	1	2	5	2	12	2
2012	6	2	23	47	24.7681185	120.9634115	0	1	0	8	3	5	50	3	1	1	5	4	5	7	1	1	10	5	5	2	12	2
2012	6	7	11	10	24.8105021	120.9820787	0	1	0	8	1	5	40	15	9	1	5	4	5	7	1	1	5	5	5	2	13	2
2012	6	3	16	30	24.743343	120.907522	0	1	0	8	1	5	50	14	9	1	5	4	5	7	4	4	1	4	4	2	12	2
2012	6	15	17	40	24.8049731	120.946669	0	2	0	8	1	5	50	14	9	1	5	4	5	7	4	4	10	5	5	2	13	2
2012	6	3	15	50	24.8684988	120.9533201				8			50															3
2012	6	4	14	6	24.815326	120.977073	0	1	0	6	1	5	50	14	9	1	4	4	5	7	4	4	9	5	5	2	18	2
2012	6	15	18	26	24.7954365	120.9805399																						3
2012	6	8	19	15	24.7874802	121.0095148	0	1	0	8	3	5	50	4	1	1	5	4	5	7	2	1	10	5	5	2	11	2
2012	6	16	19	32	24.893751	121.0271265				8			50															3
2012	6	16	23	3	24.7887326	120.9300059	0	1	0	8	3	5	50	3	2	1	5	4	5	7	1	1	10	5	5	1	12	2
2012	6	17	0	7	24.8001538	121.0005661				8			50															3
2012	6	17	9	0	24.74404405	120.9119123				8			50															3
2012	6	16	11	59	24.8078458	120.9721101																						3
2012	6	16	14	59	24.816634	120.993407				6			50															3
2012	6	16	18	8	24.8034591	120.9550289	0	2	0	8	1	5	50	14	9	1	5	4	5	7	4	4	5	5	5	1	13	2
2012	6	5	11	0	24.8256414	120.9566902				8			50															3
2012	6	17	8	28						8			50															3
2012	6	17	9	8	24.783466	121.0182734	0	1	0	8	1	5	50	4	1	1	5	4	5	7	2	1	10	5	5	2	16	2
2012	6	6	9	26	24.797232	120.9637474	0	1	0	8	1	5	50	4	1	1	5	4	5	7	1	1	10	5	5	2	15	2
2012	6	3	9	54	24.804928	120.9224457	0	1	0	8	1	5	50	14	9	1	5	4	5	7	4	4	5	5	5	2	12	2
2012	6	8	21	55	24.8137323	120.9674304	0	1	0	8	3	5	50	14	9	1	5	4	5	7	4	4	1	4	5	2	12	2
2012	6	9	3	10	24.812993	120.977568				8			40															3
2012	6	17	15	27			0	1	0	8	1	5	50	8	9	1	5	4	5	7	4	4	5	5	5	2	13	2
2012	6	9	21	36						8			90															3
2012	6	9	23	12			0	1	0	8	3	5	50	4	1	1	5	4	5	7	1	1	10	5	5	2	16	2
2012	6	17	5	45			0	1	0	8	2	5	50	4	4	1	5	4	5	7	3	1	10	5	5	2	16	2
2012	6	17	6	0	24.7345241	120.915349				8			50															3
2012	6	17	18	49	24.8116811	120.978741	0	1	0	8	3	5	50	14	9	1	5	4	5	7	4	4	9	5	5	1	16	2
2012	6	1	8	5	24.810366	120.95112				8			50															3
2012	6	17	19	30	24.79168425	120.9656726				8			40															3
2012	6	1	9	30	24.794143	120.966278	0	1	0	8	1	5	50	14	9	1	5	4	5	7	4	4	9	5	5	1	16	2
2012	6	17	21	15	24.779042	121.02502				8			50															3
2012	6	17	21	19	24.803301	120.971699	0	1	0	8	3	5	50	14	9	1	5	4	5	7	4	4	5	5	5	2	16	2
2012	6	13	10	59	24.8001525	120.9896318	0	1	0	8	1	5	50	4	1	1	5	4	5	7	2	1	10	5	5	2	16	2
2012	6	13	14	32	24.8043521	120.955568				8			50															3
2012	6	18	8	55	24.8147153	120.9796905				8			50															3
2012	6	14	8	5	24.7681185	120.9634115	0	1	0	8	1	5	50	14	9	1	5	4	5	7	4	4	4	5	5	1	12	2
2012	6	14	17	28	24.812849	120.990147				8			50															3
2012	6	15	19	30	24.8018689	120.9556159	0	2	0	8	3	5	50	14	9	1	5	4	5	7	4	4	9	5	5	1	2	2
2012	6	18	6	48	24.7873656	121.0096554	0	1	0	8	1	5	50	3	1	1	5	4	5	7	4	4	1	4	5	2	12	2
2012	6	18	8	12	24.796836	120.999412	0	2	0	8	1	5	50	14	9	1	5	4	5	7	4	4	5	4	5	2	3	2
2012	6	18	11	0	24.7998135	120.9909705	0	1	0	8	1	5	50	4	2	1	5	4	5	7	1	1	10	5	5	2	13	2
2012	6	1	16	12	30.545	114.308421				8			50															3
2012	6	18	9	26	24.800068	120.9684998	0	3	0	8	1	5	50	14	9	1	5	4	5	7	4	4	9	5	5	2	17	2
2012	6	1	17	36	24.793596	120.974128				8			50															3
2012	6	11	21	55			0	1	0	6	4	5	50	14	9	1	4	4	5	6	4	4	9	5	5	1	16	2
2012	6	18	15	25						8			50															3
2012	6	18	15	40	24.79103715	120.9378794				8			50															3
2012	6	18	20	8	24.7924614	121.0067013				8			50															3
2012	6	18	19	14	24.812646	120.9829318				8			50															3
2012	6	18	20	3	24.821302	120.974926	0	2	0	8	3	5	50	14	9	1	5	4	5	7	4	4	5	5	5	1	3	2
2012	6	14	21	38	24.7910677	121.0049133				6			50															3
2012	6	15	13	30	24.8019103	120.9701509				8			50															3
2012	6	16	14	35	24.8063911	120.9784284	0	1	0	6	1	5	50	14	9	1	4	4	5	7	4	4	1	4	5	2	16	2
2012	6	19	10	20	24.8019741	121.0001719				6			50															3
2012	6	19	11	10	24.8151001	120.983244				8			50															3
2012	6	16	16	20	24.78560435	121.0191651	0	1	0	8	1	5	50	3	1	1	5	4	5	7	4	4	1	4	5	2	16	2
2012	6	5	17	10	24.7876921	120.92771	0	1	0	8	1	5	50	14	9	1	5	4	5	7	4	4	10	5	5	2	16	2
2012	6	19	12	32	24.7887326	120.9300059				8			50															3
2012	6	19	12	20	24.7785271	120.985887				8			50															3
2012	6	18	20	40	24.7822633	121.020215	0	0	0	8	3	5	50	14	9	1	5	4	5	7	4	4	9	4	1	2	13	3
2012	6	19	15	20	24.8103208	120.9689277				6			50															3
2012	6	1	18	23	24.7873656	121.0096554				8			50															3
2012	6	7	17	30	24.8191041	120.975324				8			50															3
2012	6	16	10	40	24.792379	121.002886	0	1	0	8	1	5	50	14	9	1	5	4	5	7	4	4	1	4	5	2	12	2
2012	6	2	18	59	24.802041	120.971204				8			50															3
2012	6	11	17	36	24.84151475	120.9267107	0	1	0	8	1	5	50	14	9	1	5	4	5	7	4	4	5	5	5	1	13	2
2012	6	19	18	38	24.794927	120.976379				6			50															3
2012	6	19	21	0	24.8235233	120.9787074	0	1	0	7	3	5	50	4	1	1	4	4	5	7	1	1	10	5	5	2	17	2
2012	6	5	17	43	24.7938871	120.966643	0	1	0	8	1	5	50	14	9	1	5	4	5	7	4	4	9	5	5	1	16	2
2012	6	18	19	19	24.8095481	120.959459							50															3
2012	6	19	20	56	24.8193477	120.9955776				6			50															3
2012	6	20	7	18	24.8051074	120.9489774	0	2	0	8	1	5	50	14	9	1	5	4	5	7	4	4	9	5	5	1	17	2
2012	6	20	9	45	24.812933	120.9658931	0	2	0	7	1	5	50	4	1	1	5	4	5	7	1	1	10	5	5	2	16	2
2012	6	16	13	0	24.802469	120.964667				8			50															3
2012	6	20	7	0	24.8042903	120.9752282	0	1	0	7	1	5	50	4	1	5	5	4	5	7	1	1	10	5	5	2	17	2
2012	6	20	13	30	24.7874802	121.0095148				6			50															3
2012	6	20	15	10	24.82387895	120.980277				6			50															3
2012	6	20	12	28	24.7968419	120.9459898				6			50															3
2012	6	20	13	0	24.7985498	120.9495599	0	1	0	6	1	5	50	4	1	1	4	4	5	7	1	1	10	5	5	2	16	2
2012	6	20	13	40	24.7976886	120.9479311	0	1	0	6	1	5	50	14	9	1	4	4	5	7	4	4	5	5	5	1	12	2
2012	6	20	16	45	24.8278801	121.070343	0	1	0	6	1	5	50	14	8	1	4	4	5	7	4	4	5	5	4	2	12	2
2012	6	19	16	25	24.8044523	120.9702289				6			50															3
2012	6	19	7	35	24.822025	120.986912				6			40															3
2012	6	14	22	30	24.7681185	120.9634115	0	2	0	6	3	5	50	3	1	1	4	4	5	7	1	1	10	5	5	2	12	2
2012	6	19	17	23	24.781479	121.025111				8			50															3
2012	6	14	9	46	24.8050389	120.9439435	0	2	0	8	1	5	40	3	1	1	5	4	5	7	4	4	10	5	5	2	16	2
2012	6	15	8	51	24.7932831	121.001211	0	2	0	8	1	5	50	4	1	1	5	4	5	7	2	1	10	5	5	2	15	2
2012	6	15	10	32	24.78335135	120.9904968	0	2	0	8	1	5	50	3	1	1	5	4	5	7	4	4	10	5	5	2	16	2
2012	6	13	10	30	24.7929971	120.962658				8			50															3
2012	6	14	22	9	24.80781415	120.9581465				8			50															3
2012	6	21	3	55	24.810483	120.958259	0	0	0	8	3	5	50	15	9	1	4	4	5	7	4	4	9	4	5	1	12	3
2012	6	20	11	20	24.8150922	120.9852896				6			50															3
2012	6	20	12	50	24.9018979	121.044626				6			40															3
2012	6	20	15	45	24.8068431	120.9796515	0	0	0	8	1	5	50	14	9	1	5	4	5	7	4	4	1	4	5	2	12	3
2012	6	15	21	5	24.80345445	120.9739224	0	3	0	8	3	5	50	14	9	1	5	4	5	7	4	4	10	5	5	2	16	2
2012	6	1	16	10	24.8150828	120.9807995				8			50															3
2012	6	21	7	50	24.7839412	121.0165118				8			50															3
2012	6	16	3	40	24.8002191	120.965607	0	1	0	6	3	5	50	14	9	1	4	4	3	7	4	4	5	4	5	1	13	2
2012	6	21	7	30	24.838071	120.94119				8			40															3
2012	6	4	13	0	24.8356702	121.0202474				8			50															3
2012	6	21	8	30						8			40															3
2012	6	6	7	22	24.810799	120.978334				8			50															3
2012	6	21	10	20	24.813428	120.990167	0	1	0	6	1	5	50	3	2	1	4	4	5	7	3	1	1	5	5	1	18	2
2012	6	21	10	0	24.7919685	121.0148844	0	1	0	6	1	5	50	3	1	1	4	4	3	7	4	4	10	5	5	2	17	2
2012	6	21	12	0	24.7444711	120.905652				6			50															3
2012	6	20	17	20	24.8122821	120.989506				6			50															3
2012	6	21	11	50	24.782905	121.019164				6			50															3
2012	6	21	13	0	24.782805	121.019027				6			50															3