年	月	日	時	分	GoogleLat	GoogleLng	死	受傷	2-30	天候	光線	道路類別	速限	道路型態	事故位置	路面鋪裝	路面狀態	路面缺陷	障礙物	視距	號誌種類	號誌動作	分向設施	快車道或一般車道間	快慢車道間	路面邊線	事故類型及型態	事故類別
2012	6	21	12	38	24.8127476	120.9728497				6			50															3
2012	6	21	10	45	24.8100965	120.9688592	0	1	0	6	1	5	50	3	1	1	4	4	5	7	4	4	10	5	5	2	3	2
2012	6	21	13	30	24.7924614	121.0067013				6			50															3
2012	6	6	14	23	24.8211953	120.9771783				8			50															3
2012	6	12	16	32	24.8214621	120.9520581				8			50															3
2012	6	21	20	33	24.8103164	120.9718317				6			50															3
2012	6	4	18	28	24.8029524	120.9795543				6			50															3
2012	6	4	16	22	24.7990376	120.9640816				6			50															3
2012	6	21	16	0	24.8373385	120.9412817							50															3
2012	6	22	9	42	24.79509185	120.9708905	0	1	0	7	1	5	40	14	9	1	5	4	5	7	4	4	5	5	5	1	16	2
2012	6	22	11	30	24.8140911	120.9725373	0	2	0	8	1	5	50	4	1	1	5	4	5	7	1	1	10	5	5	2	15	2
2012	6	22	7	50	24.7911918	120.9265043				8			50															3
2012	6	20	19	51	24.7980801	120.998014				6			50															3
2012	6	21	17	20	24.8204181	120.960605				6			50															3
2012	6	22	8	0	24.799152	120.992397	0	1	0	8	1	5	50	3	2	1	5	4	5	7	4	4	1	4	5	2	16	2
2012	6	22	14	40	24.823031	120.958142	0	2	0	8	1	5	50	14	9	1	5	4	5	7	4	4	9	5	5	1	16	2
2012	6	21	18	42	24.78597275	120.988269	0	2	0	6	3	4	50	3	1	1	4	4	5	7	1	1	10	5	5	2	16	2
2012	6	22	10	0	24.809141	120.959694	0	3	0	8	1	5	50	15	9	1	5	4	5	7	4	4	1	4	5	2	13	2
2012	6	22	12	5	24.80622845	120.9630899				8			40															3
2012	6	22	17	14	24.7664231	121.056126				8			50															3
2012	6	16	20	38	24.809803	120.976798	0	0	0	8	3	5	50	3	1	1	5	4	5	7	4	4	9	4	5	2	11	3
2012	6	17	13	58	24.7937951	121.000988				8			50															3
2012	6	20	13	37	24.7565828	121.0734224				6			90															3
2012	6	17	16	8	24.8057921	120.96846				8			50															3
2012	6	20	18	20	24.7986567	121.0134011				6			50															3
2012	6	18	11	44	24.7774828	120.9850049				8			40															3
2012	6	16	2	30	24.807438	120.977552				8			40															3
2012	6	22	19	17	24.8024718	120.9674776				8			無限速															3
2012	6	20	16	44	24.7988758	120.9935293				6			50															3
2012	6	21	19	11	24.8001931	120.98655				6			50															3
2012	6	22	21	8	24.79424	120.973453				8			50															3
2012	6	22	23	15	24.816177	120.95739				8			50															3
2012	6	22	16	45	24.7874802	121.0095148				8			50															3
2012	6	22	19	40	24.79311235	121.0115108				8			50															3
2012	6	23	10	56	24.8150922	120.9852896	0	1	0	8	1	5	50	4	1	1	5	4	5	7	2	1	10	5	5	2	16	2
2012	6	23	10	40	30.545	114.308421	0	2	0	8	1	5	50	3	1	1	5	4	5	7	1	1	1	2	5	2	12	2
2012	6	22	18	10	24.7786679	121.0190966				8			50															3
2012	6	15	0	0	24.7585468	120.9585146				6			50															3
2012	6	22	20	48	24.792221	121.002448				8			50															3
2012	6	23	8	56	24.81520395	120.9643524	0	1	0	8	1	5	50	3	1	1	5	4	5	7	4	4	10	5	5	2	16	2
2012	6	10	9	58	24.798458	120.999872				8			40															3
2012	6	23	12	0	24.7976261	120.995801				8			40															3
2012	6	6	8	51	24.79910465	120.9763723	0	1	0	8	1	5	50	3	2	1	5	4	5	7	4	4	10	5	5	1	12	2
2012	6	23	15	10	24.8486199	120.9256805				8			20															3
2012	6	18	16	5	24.7733756	120.9334911	0	1	0	8	1	5	40	11	9	1	5	4	5	1	4	4	10	5	5	1	10	2
2012	6	22	16	3	24.8150922	120.9852896				8			50															3
2012	6	23	19	38	24.8142127	120.9742827				8			50															3
2012	6	23	21	26	24.79090175	121.0142658	0	3	0	8	4	5	50	14	9	1	5	4	5	7	4	4	5	4	5	1	2	2
2012	6	24	0	19	23.907561	106.625776				8			50															3
2012	6	24	0	17	24.802075	120.970845	0	1	0	8	3	5	50	3	1	1	5	4	5	7	1	1	10	5	5	2	3	2
2012	6	24	7	30	24.8356092	120.9235789				8			90															3
2012	6	8	17	27	24.8086064	120.9621541				8			50															3
2012	6	9	13	41	24.791978	121.003425	0	0	0	8	1	5	50	14	9	1	5	4	5	7	4	4	1	4	5	2	13	3
2012	6	24	13	55	24.8167114	120.9743473				8			50															3
2012	6	24	15	12	24.81998545	120.9844231				8			50															3
2012	6	10	12	45	24.8230702	120.9690861	0	0	0	8	1	5	50	4	9	1	5	4	5	7	4	4	10	4	5	2	12	3
2012	6	24	15	0	24.8007916	120.9540015	0	1	0	8	1	5	50	4	1	1	5	4	5	7	2	1	10	5	5	2	16	2
2012	6	10	10	36	24.843127	120.933157				8			50															3
2012	6	9	8	55	24.7869058	120.9677167	0	1	0	8	1	5	40	11	9	1	5	4	5	7	4	4	5	5	5	1	18	2
2012	6	9	12	57	24.7874802	121.0095148	0	2	0	8	1	5	50	4	1	1	5	4	5	7	1	1	10	5	5	2	12	2
2012	6	9	16	45	24.8356702	121.0202474				8			50															3
2012	6	18	17	41	24.8047718	120.9556443	0	1	0	8	2	5	50	4	2	5	5	4	5	7	1	1	10	5	5	2	13	2
2012	6	13	18	30	24.805834	120.983442	0	1	0	8	1	5	50	14	9	1	5	4	5	7	4	4	9	5	5	1	16	2
2012	6	11	23	26	24.7988211	120.964088	0	3	0	6	3	5	50	4	2	1	4	4	5	6	4	4	10	4	5	2	3	2
2012	6	9	17	55	24.7895861	120.968142	0	2	0	8	1	5	50	14	9	1	5	4	5	7	4	4	10	5	5	1	13	2
2012	6	12	14	45	24.82349	120.97473				6			50															3
2012	6	13	8	10	24.7934624	120.9741055	0	2	0	8	1	5	50	3	1	1	5	4	5	7	1	1	10	5	5	2	16	2
2012	6	24	17	10	24.7853654	120.9215959	0	5	0	8	1	5	50	3	1	1	5	4	5	7	3	1	10	5	5	2	16	2
2012	6	22	11	44	24.7980753	120.9652474				8			50															3
2012	6	22	14	18	24.8310967	120.9554347				8			50															3
2012	6	21	18	54	24.7770933	121.0232025				6			50															3
2012	6	22	9	54	24.7832442	121.0177491	0	1	0	8	1	5	50	3	1	1	5	4	5	7	2	1	10	5	5	2	16	2
2012	6	22	11	13	24.7585468	120.9585146	0	1	0	8	1	5	50	3	17	1	5	4	5	7	4	4	1	4	5	2	16	2
2012	6	25	8	20	24.8163735	120.9844504				8			50															3
2012	6	22	14	33	24.79834225	120.9906022				8			50															3
2012	6	25	9	50	24.7831438	121.010588				8			50															3
2012	6	9	17	30	24.8019741	121.0001719				8			50															3
2012	6	16	8	32	24.8047713	120.9756159							50															3
2012	6	13	8	30	24.7887326	120.9300059	0	1	0	8	1	5	50	3	1	1	5	4	5	7	1	1	1	4	4	2	2	2
2012	6	25	11	38	24.8172411	120.9699015	0	1	0	8	1	5	50	3	1	1	5	4	5	7	1	1	10	5	5	2	12	2
2012	6	17	19	3	24.7909875	121.0171366	0	2	0	8	3	5	50	14	9	1	4	4	5	7	4	4	9	5	5	2	16	2
2012	6	25	12	5	24.80332455	120.9635342																						3
2012	6	25	14	8	24.7975598	120.995739	0	1	0	8	1	5	50	3	1	1	5	4	5	7	1	1	10	5	5	2	16	2
2012	6	25	14	35	24.828023	121.070084	0	1	0	8	1	5	50	14	9	1	5	4	5	7	4	4	5	5	5	2	13	2
2012	6	7	12	18	24.78339085	121.0189722				8			50															3
2012	6	7	13	36	24.8108309	120.9861722				8			50															3
2012	6	25	14	7	24.8147153	120.9796905				8			50															3
2012	6	10	7	18	24.8104331	120.958274				8			50															3
2012	6	25	16	52	24.76704535	120.9604988				8			50															3
2012	6	25	14	59	24.7819651	121.022515				8			50															3
2012	6	13	20	16	24.8029421	120.97921	0	1	0	8	3	5	50	14	9	1	5	4	5	7	4	4	5	5	5	2	13	2
2012	6	20	12	27	24.796419	120.982897				6			50															3
2012	6	14	10	1	24.81043195	120.9850224	0	1	0	8	1	5	50	14	9	1	5	4	5	7	4	4	10	5	5	2	16	2
2012	6	17	17	15	24.7978421	120.998114	0	1	0	8	1	5	50	14	9	1	5	4	5	7	4	4	9	5	5	2	12	2
2012	6	18	23	35	24.8185572	120.9951081				8			50															3
2012	6	19	19	24	24.7951456	120.972244				6			50															3
2012	6	19	20	54	24.800068	120.9684998				8			50															3
2012	6	24	18	0	24.83770085	120.9221654	0	2	0	7	1	5	50	3	1	1	5	4	5	7	4	4	10	5	5	2	13	2
2012	6	25	18	50	24.8101391	120.972106							50															3
2012	6	13	13	24	24.8082181	120.980847				8			50															3
2012	6	20	16	29	24.7782339	120.9798837				6			50															3
2012	6	19	13	52	24.8296361	120.956015	0	1	0	8	1	5	40	14	9	1	5	4	5	7	4	4	10	5	5	2	10	2
2012	6	24	21	18	24.7733721	120.964606				8			50															3
2012	6	26	6	40	24.810593	120.986066	0	1	0	8	1	5	50	14	9	1	5	4	5	7	2	1	1	4	5	2	18	2
2012	6	25	17	59	24.8115151	120.963044	0	2	0	8	1	5	50	14	9	1	5	4	5	7	4	4	1	4	5	1	12	2
2012	6	26	6	52	24.7869058	120.9677167	0	1	0	8	1	5	50	4	2	1	5	4	5	7	2	1	5	5	5	2	13	2
2012	6	26	7	33	24.7942391	120.961305				8			50															3
2012	6	26	10	56	24.814927	120.967611	0	1	0	8	1	5	40	11	9	1	5	4	5	1	4	4	10	5	5	2	10	2
2012	6	26	13	32	24.79484195	120.9652302				8			50															3
2012	6	26	14	12	24.8139884	120.9769879				8			50															3
2012	6	25	14	52	24.797232	120.9637474				8			50															3
2012	6	26	17	11	24.7771139	120.9467465	0	0	0	8	2	5	40	14	9	1	5	4	5	7	4	4	10	4	5	2	18	3
2012	6	26	15	20	24.7887326	120.9300059	0	2	0	8	1	5	50	3	1	1	5	4	5	7	1	1	10	5	5	2	16	2
2012	6	26	19	0	24.810476	120.9813902				8			50															3
2012	6	24	20	37	24.806648	120.962305				8			50															3
2012	6	20	7	20	24.790798	121.0055625	0	0	0	8	1	5	50	5	1	1	5	4	5	7	1	1	1	1	5	2	17	3
2012	6	25	17	39	24.7702698	120.9734533				8			50															3
2012	6	26	19	45	24.7913726	120.9626519				8			50															3
2012	6	25	12	40	24.8091112	120.9601481				8			50															3
2012	6	26	21	20	24.7971941	120.997984				8			50															3
2012	6	25	18	0	24.7945309	121.0092131	0	1	0	8	1	5	50	14	9	1	5	4	5	7	4	4	5	5	5	2	16	2
2012	6	26	17	46	24.8047718	120.9556443	0	1	0	8	1	5	50	14	9	1	5	4	5	7	1	1	5	4	5	2	13	2
2012	6	26	19	25	24.8004098	120.9972123				8			50															3
2012	6	25	16	10	24.81046795	120.9579809	0	1	0	8	1	5	50	3	2	1	5	4	5	7	4	4	9	4	5	2	16	2
2012	6	6	6	40	24.8145218	120.9769905	0	1	0	8	1	5	50	4	1	1	5	4	5	7	1	1	10	5	5	2	16	2
2012	6	26	17	30	24.80345445	120.9739224	0	1	0	8	1	5	50	14	9	1	5	4	5	7	4	4	10	5	5	2	16	2
2012	6	27	8	50	24.808338	120.955793				8			50															3
2012	6	27	6	50	24.7318662	120.9153228	0	2	0	8	1	5	50	3	1	1	5	4	5	7	3	1	10	5	5	1	15	2
2012	6	27	9	47	24.41422875	120.759641				8			50															3
2012	6	27	6	47	24.791964	120.92716	0	1	0	8	1	5	50	4	1	1	5	4	5	7	4	4	10	5	5	2	15	2
2012	6	27	8	40	24.7950925	120.9518455	0	3	0	8	1	5	50	14	9	1	5	4	5	7	4	4	9	5	5	1	16	2
2012	6	27	12	35	24.8013095	120.9662661	0	1	0	8	1	5	50	14	9	1	5	4	5	7	4	4	5	4	5	2	16	2
2012	6	27	13	10	24.807023	120.98524				8			50															3
2012	6	27	14	20	24.79581	120.971106				8			50															3
2012	6	27	11	51	24.798462	120.996885				8			50															3
2012	6	27	15	17	24.7982306	120.9654977				8			50															3
2012	6	27	15	2	24.79319925	120.9683519				8			50															3
2012	6	27	12	0	24.8025948	120.9623823				8			50															3
2012	6	26	17	25	24.7786591	121.02514				8			50															3
2012	6	27	13	30	24.8027721	120.982868				8			50															3
2012	6	27	17	30	24.809103	120.975766	0	2	0	8	1	5	50	14	9	1	5	4	5	7	4	4	5	5	5	2	10	2
2012	6	27	19	26	24.8137323	120.9674304				8			50															3
2012	6	26	22	35	24.8030721	120.95519	0	1	0	8	3	5	50	14	9	1	5	4	5	7	4	4	1	4	5	2	18	2
2012	6	15	16	40	24.8051351	120.955989				8			50															3
2012	6	16	16	47	24.81502705	120.9742149				8			50															3
2012	6	15	20	50	24.80070555	120.9899569				8			50															3
2012	6	27	3	10	24.74936965	120.956535				8			40															3
2012	6	25	13	0	24.8075352	120.9610959				8			40															3
2012	6	27	23	15	24.8068873	120.959792	0	1	0	8	3	5	50	14	9	1	5	4	5	7	4	4	9	5	5	1	17	2
2012	6	27	22	17	24.8151001	120.983244	0	2	0	8	3	5	50	3	2	1	5	4	5	7	4	4	5	4	5	2	13	2
2012	6	16	7	10	24.793715	120.9596607	0	1	0	8	1	5	50	14	9	1	5	4	5	7	4	4	5	5	5	2	18	2
2012	6	19	8	22	24.7998332	120.9681025	0	1	0	8	1	5	50	3	1	1	5	4	5	7	4	4	10	5	5	2	12	2
2012	6	16	14	35	24.7932831	121.001211				8			50															3
2012	6	28	8	24	24.7983887	120.9417294	0	1	0	8	1	5	50	3	1	1	5	4	5	7	3	1	10	5	5	2	16	2
2012	6	16	13	1	24.7987751	120.985998	0	1	0	8	1	5	50	14	9	1	5	4	5	7	4	4	9	5	5	1	16	2
2012	6	23	18	5	24.782044	121.020945	0	2	0	8	1	5	50	4	18	1	5	4	5	7	2	1	10	5	5	2	8	2
2012	6	28	9	11	24.8002191	120.965607	0	1	0	8	1	5	50	14	9	1	5	4	5	7	4	4	9	4	5	1	16	2
2012	6	28	12	28	24.7958521	120.949588																						3
2012	6	21	14	35	24.8032171	120.970984				6			50															3
2012	6	21	17	59	24.79509185	120.9708905	0	1	0	6	3	5	50	3	1	1	4	4	5	7	4	4	10	5	5	2	16	2
2012	6	28	7	7	24.7942131	120.966082				8			50															3
2012	6	28	9	5	24.7788586	121.0189334				8			50															3
2012	6	28	13	45	24.807877	120.964779				8			50															3
2012	6	28	14	8	24.83324075	120.9468056				8			50															3
2012	6	27	16	10	24.81688	120.971296	0	1	0	8	1	5	50	14	9	1	5	4	5	7	4	4	5	5	5	2	14	2
2012	6	27	22	30	24.7766811	120.947648	0	1	0	8	3	5	50	4	22	1	5	4	5	7	4	4	10	5	5	2	29	2
2012	6	28	18	30	24.78436645	121.0121615				8			50															3
2012	6	28	19	10	24.784505	121.015053				8			50															3
2012	6	20	21	36	24.7924614	121.0067013				8			50															3
2012	6	28	19	39	24.7948254	120.9725224	0	2	0	8	3	5	50	14	9	1	5	4	5	7	4	4	5	2	5	2	12	2
2012	6	21	20	5	24.776039	120.966788				8			50															3
2012	6	28	21	2	24.7947351	120.964817				8			50															3
2012	6	21	21	24	29.0289146	111.6613067	0	2	0	7	1	5	50	14	9	1	4	4	5	7	4	4	5	4	5	1	16	2
2012	6	22	12	57	24.7978011	120.964592	0	1	0	8	1	5	50	3	1	1	5	4	5	7	4	4	10	5	5	2	17	2
2012	6	22	1	18	24.79509185	120.9708905				8			50															3
2012	6	22	18	24	24.7650255	120.9144374				8			50															3
2012	6	22	14	30	24.7873656	121.0096554				8			50															3
2012	6	23	16	35	24.8004098	120.9972123				8			50															3
2012	6	22	22	32	24.7882131	120.967289	0	2	0	8	3	5	50	14	9	1	5	4	5	7	4	4	5	5	5	1	16	2
2012	6	2	11	30	24.8034191	120.9915437	0	1	0	8	1	5	50	14	9	1	5	4	5	7	4	4	5	4	5	2	12	2
2012	6	3	10	6	24.8363155	120.9398668	0	1	0	8	1	5	50	14	22	4	5	4	4	7	4	4	1	4	4	1	29	2
2012	6	2	17	13	24.8487867	120.9273037				8			50															3
2012	6	29	8	2	24.821508	120.959661	0	2	0	8	1	5	50	3	2	1	5	4	5	7	3	1	5	5	5	1	13	2
2012	6	29	15	16	24.8147153	120.9796905	0	2	0	8	1	5	50	4	1	1	5	4	5	7	2	1	10	5	5	2	16	2
2012	6	29	15	50	24.7932831	121.001211				8			50															3
2012	6	29	17	53	24.7813346	121.0239894	0	1	0	8	3	5	50	4	1	1	5	4	5	7	2	1	10	5	5	2	16	2
2012	6	29	18	55	24.7892952	121.0155587				8			50															3
2012	6	30	3	8	24.74417735	120.9072056				8			50															3
2012	6	29	21	40	24.7920811	120.941822	0	3	0	8	3	5	50	3	1	1	5	4	5	7	2	1	10	5	5	2	15	2
2012	6	29	12	33	24.7895293	121.0040859				8			50															3
2012	6	27	11	30	24.775077	120.917622	0	1	0	8	1	5	60	14	9	1	5	4	5	7	4	4	1	4	5	1	16	2
2012	6	29	14	32	24.800514	120.966364	0	0	0	8	1	5	50	4	1	2	5	4	5	7	4	4	5	4	5	2	16	3
2012	6	26	19	49	24.7815838	121.0170363				8			50															3
2012	6	26	15	2	24.8137323	120.9674304				8			50															3
2012	6	29	16	19			0	1	0	8	1	5	50	14	9	1	5	4	5	7	4	4	1	4	5	2	12	2
2012	6	30	7	36						8			50															3
2012	6	27	20	8						8			50															3
2012	6	29	17	50						8			50															3
2012	6	28	19	15	24.797375	120.99824				8			50															3
2012	6	30	10	6	24.82314395	120.9687826				8			50															3
2012	6	30	12	47	24.799689	120.9515893	0	2	0	8	1	5	50	3	1	1	5	4	5	7	3	1	10	5	5	2	16	2
2012	6	30	6	50	24.800068	120.9684998	0	2	0	8	1	5	50	4	1	1	5	4	5	7	1	1	10	5	5	2	12	2
2012	6	30	9	3	24.7983869	120.9940564				8			50															3
2012	6	30	11	54	24.7920673	121.0113398	0	1	0	8	1	5	50	14	9	1	5	4	5	7	4	4	5	5	5	1	12	2
2012	6	30	10	58	24.7998247	120.9517568				8			50															3
2012	6	30	16	13	24.7976124	120.9646703				8			50															3
2012	6	30	11	47	24.8226262	120.9764493	0	1	0	8	1	5	50	14	9	1	5	4	5	7	4	4	5	5	5	2	16	2
2012	6	30	15	45	24.8043811	120.976198				8			50															3
2012	6	18	17	15	24.8159301	120.973342				8			50															3
2012	6	18	19	48	24.7786111	120.938487				8			40															3
2012	6	30	16	30	24.8013358	120.9924625	0	2	0	8	1	5	50	14	9	1	5	4	5	7	4	4	5	4	5	2	3	2
2012	6	4	16	20	24.7895617	120.9566158	0	1	0	6	1	5	40	11	9	1	4	4	5	7	4	4	5	5	4	2	18	2
2012	6	1	19	34	24.79509185	120.9708905				8			20															3
2012	6	7	12	15	24.8420001	120.9291429				8			50															3
2012	6	19	15	19	24.7768421	121.006254							40															3
2012	6	20	13	20	24.7897208	121.0197947				6			50															3
2012	6	30	21	55	24.803125	120.978833				8			50															3
2012	6	23	14	0	24.7702698	120.9734533				8			40															3
2012	6	30	23	45	24.7819941	121.026292				8			40															3
2012	6	12	14	56	24.8140033	120.9788808				6			50															3
2012	6	10	21	32	24.8161395	120.9934274	0	2	0	8	3	5	50	5	2	1	5	4	5	7	2	1	10	5	5	2	16	2
2012	6	29	7	0	24.8193477	120.9955776				8			40															3
2012	6	29	8	50	24.8144528	120.9790626				8			50															3
2012	6	29	10	25	24.794809	120.972733				8			50															3
2012	6	29	16	42	24.8116511	120.965025				8			50															3
2012	6	23	20	25	24.8050804	120.9338635				8			50															3
2012	6	30	18	3	24.781676	121.023487	0	1	0	8	2	5	50	14	9	1	5	4	5	7	4	4	5	4	5	2	12	2
2012	6	28	8	30	24.7935101	120.959795				8			50															3
2012	6	24	13	56	24.784219	121.016835				8			50															3
2012	6	28	12	5	24.790798	121.0055625				8			50															3
2012	6	21	19	46	24.7909875	121.0171366	0	0	0	8	2	5	50	14	9	1	5	4	5	7	4	4	10	4	5	2	12	3
2012	6	30	3	30	24.8001658	120.9613885	0	1	0	6	3	5	50	4	1	1	4	4	5	7	1	1	10	5	5	2	18	2
2012	6	30	13	36	24.804433	120.973299				8			50															3
2012	6	30	20	12	24.7318662	120.9153228				8			60															3
2012	6	30	12	0	24.7681185	120.9634115				8			50															3
2012	6	30	11	8	24.7873656	121.0096554				8			50															3
2012	6	16	11	55	24.8047713	120.9756159				8			50															3
2012	6	3	11	56	24.7939831	121.000729				8			50															3
2012	6	5	14	25	24.7874802	121.0095148				8			50															3
2012	6	27	8	35	24.78906635	121.0046317	0	1	0	8	1	5	50	4	1	1	5	4	5	7	2	1	10	5	5	2	13	2
2012	6	6	13	0	24.812646	120.9829318				8			50															3
2012	6	18	18	15	24.8077381	120.980492				8			50															3
2012	6	13	14	30	24.78906605	120.930512	0	1	0	8	1	5	50	14	9	1	5	4	5	7	4	4	10	5	5	2	16	2
2012	6	19	10	50	24.7910677	121.0049133				8			50															3
2012	6	28	15	35	24.7884154	120.9680175				8			50															3
2012	6	28	18	47	24.75558495	120.9517153				8			40															3
2012	6	29	10	35	24.8104328	120.9696434				8			50															3
2012	6	29	7	24	24.47594895	120.7935952				8			40															3
2012	6	29	13	39	24.80139	120.9770515	0	1	0	8	1	5	50	14	9	1	5	4	5	7	4	4	5	5	5	2	12	2
2012	6	10	20	0	24.8094731	120.983936				8			50															3
2012	6	30	17	32	24.8042116	120.9705392				8			50															3
2012	6	12	18	15	24.804318	120.974575	0	1	0	8	1	5	50	14	9	1	5	4	5	7	4	4	5	4	5	2	13	2
2012	6	30	15	47	24.8356702	121.0202474	0	1	0	8	1	5	50	4	1	1	5	4	5	7	4	4	10	5	5	2	15	2
2012	6	17	13	44	24.775719	121.0152589				8			50															3
2012	6	6	17	30	24.7873656	121.0096554	0	2	0	8	2	5	50	3	2	1	5	4	5	7	4	4	1	4	5	1	12	2
2012	6	6	18	30	24.800067	120.981532	0	1	0	8	2	5	50	14	9	1	5	4	5	7	4	4	5	4	5	1	16	2
2012	6	20	12	52	24.8004098	120.9972123				8			50															3
2012	6	13	12	50	24.7444219	120.9225387	0	1	0	8	1	5	50	14	9	1	5	4	5	7	4	4	5	5	5	1	12	2
2012	6	30	12	10	24.7971079	120.9421713				8			50															3
2012	6	25	11	35	24.8023981	120.977821				8			50															3
2012	6	28	7	59	24.8024771	120.960331				8			50															3
2012	6	28	12	25	24.7969389	120.9650013				8			40															3
2012	6	28	18	15	24.8019103	120.9701509				8			50															3
2012	6	30	11	30	24.814735	120.966389				8			50															3
2012	6	29	11	30	24.813445	120.990189				8			50															3
2012	6	29	17	14	24.8147153	120.9796905				8			50															3
2012	6	22	15	8	24.8109058	120.9215929	0	2	0	6	1	5	40	3	1	1	4	4	5	7	3	3	10	5	5	2	11	2
2012	6	29	11	45	24.80126	120.970554	0	2	0	8	1	5	50	4	1	1	5	4	5	7	2	1	10	5	5	2	16	2
2012	6	9	9	40	24.8333941	121.027676				8			50															3
2012	6	9	12	5	24.815195	120.966771				8			50															3
2012	6	13	8	12	24.796854	120.962202				8			50															3
2012	6	28	18	15	24.8168578	120.9942949				8			50															3
2012	6	23	9	55	24.790798	121.0055625	0	1	0	8	1	5	50	14	9	1	5	4	5	7	2	1	1	4	5	2	16	2
2012	6	22	13	9	24.812933	120.9658931				8			50															3
2012	6	8	2	20	24.793684	120.946143				8			50															3
2012	6	9	15	8	24.8137323	120.9674304																						3
2012	6	9	0	32	24.8162261	120.992725				8			40															3
2012	6	15	0	15	24.79509185	120.9708905				6			40															3
2012	6	12	16	40	24.743546	120.907				6			40															3
2012	6	16	11	52	24.794228	121.000522							50															3
2012	6	26	7	50	24.778588	121.025177				8			50															3
2012	6	13	16	50	24.814072	120.990975	0	1	0	8	1	5	50	14	9	1	5	4	5	7	4	4	1	4	5	2	16	2
2012	6	5	16	10	24.7980824	121.0028479				8			50															3
2012	6	13	18	20	24.79760605	121.0029783				8			50															3
2012	6	14	21	0	24.7972321	120.9763885				6			50															3
2012	6	14	22	30	24.7938784	120.9325555	0	1	0	6	3	5	50	3	2	1	4	4	5	7	3	1	10	5	5	2	18	2
2012	6	5	22	30	24.802681	120.967465				8			50															3
2012	6	2	8	5	24.8171183	120.9658517				8			50															3
2012	6	16	17	50	24.7929205	121.0125589	0	0	0	8	1	5	50	4	1	1	5	4	5	7	1	1	1	4	5	1	12	3
2012	6	16	17	10	24.8146548	120.9775574				8			50															3
2012	6	18	8	3	24.8019621	120.983299				8			50															3
2012	6	25	18	11	24.784073	121.014772				8			50															3
2012	6	22	23	47	31.3512963	120.9811634				8			50															3
2012	6	11	13	23	24.81476	120.967159				8			50															3
2012	6	22	9	38	24.794741	120.964661	0	1	0	8	1	5	50	14	9	1	5	4	5	7	4	4	5	5	5	1	12	2
2012	6	18	19	5	24.7923984	120.9752875	0	1	0	8	3	5	50	14	9	1	5	4	5	7	4	4	5	5	5	1	12	2
2012	6	19	17	40	24.7919311	120.927868				6			50															3
2012	6	19	14	25	24.807905	120.97692	0	1	0	8	1	5	50	15	9	1	5	4	5	7	4	4	9	5	5	2	16	2
2012	6	29	17	15	24.815725	120.95992				8			50															3
2012	6	20	7	50	24.8096053	120.9402729				8			50															3
2012	6	25	20	30	24.7939497	121.0022741	0	2	0	8	3	5	50	3	2	1	5	4	5	7	1	1	3	2	5	2	12	2
2012	6	26	6	49	24.80568155	120.9874376				8			50															3
2012	6	25	23	30	24.79418315	121.013014				8			50															3
2012	6	26	14	38	24.781035	121.025485	0	2	0	8	1	5	50	14	9	1	5	4	5	7	4	4	5	4	5	2	16	2
2012	6	26	16	25	24.750835	120.908382				8			50															3
2012	6	30	8	13	24.794322	120.976846				8			50															3
2012	6	25	15	47	24.79508805	120.9656146				8			40															3
2012	6	3	18	53	24.79177035	120.967631				8			40															3
2012	6	24	14	0	24.7895511	121.000354				8			50															3
2012	6	16	9	10						8			50															3