年	月	日	時	分	GoogleLat	GoogleLng	死	受傷	2-30	天候	光線	道路類別	速限	道路型態	事故位置	路面鋪裝	路面狀態	路面缺陷	障礙物	視距	號誌種類	號誌動作	分向設施	快車道或一般車道間	快慢車道間	路面邊線	事故類型及型態	事故類別
2012	7	16	19	45			0	1	0	8	3	5	50	5	1	1	5	4	5	7	4	4	5	5	5	2	12	2
2012	7	16	17	45						8			50															3
2012	7	9	11	24			0	1	0	8	1	5	50	4	1	1	5	4	5	7	1	1	10	5	5	2	13	2
2012	7	9	14	46			0	3	0	8	1	5	50	3	1	1	5	4	5	7	4	4	10	5	5	2	16	2
2012	7	9	18	20			0	1	0	8	2	5	50	3	2	1	5	4	5	7	1	1	5	5	5	2	10	2
2012	7	9	8	35						8			50															3
2012	7	10	15	20						8			50															3
2012	7	10	18	41						8			40															3
2012	7	10	17	40						8			50															3
2012	7	11	16	20			0	1	0	8	1	5	50	14	9	1	5	4	5	7	4	4	5	4	5	2	12	2
2012	7	10	18	37						8			50															3
2012	7	12	7	45			0	1	0	8	1	5	50	4	1	1	5	4	5	7	4	4	1	4	5	2	16	2
2012	7	10	20	40						8			50															3
2012	7	9	12	35						8			50															3
2012	7	6	7	40			0	1	0	8	1	5	50	14	9	1	5	4	5	7	1	1	5	5	5	1	16	2
2012	7	16	7	17						8			50															3
2012	7	16	10	30						8			40															3
2012	7	16	17	56						8			50															3
2012	7	13	9	19						8			50															3
2012	7	17	8	0						8			50															3
2012	7	17	8	43						8			50															3
2012	7	17	10	8						8			50															3
2012	7	13	14	2			0	2	0	8	1	5	50	11	8	1	5	4	5	7	3	1	5	5	4	2	13	2
2012	7	14	10	25						8			50															3
2012	7	14	12	43			0	1	0	8	1	5	50	4	1	1	5	4	5	7	2	1	10	5	5	2	15	2
2012	7	16	15	0						8			50															3
2012	7	8	5	41	24.80705715	120.9617415	0	1	0	8	3	5	50	14	9	1	5	4	5	7	4	4	5	4	5	2	12	2
2012	7	16	16	35	24.8031813	120.993022				8			50															3
2012	7	11	7	54	24.811723	120.9758325	0	1	0	8	1	5	50	3	1	1	5	4	5	7	4	4	10	5	5	2	16	2
2012	7	12	11	53	24.80529	120.940207	0	1	0	8	1	5	50	14	9	1	5	4	5	7	4	4	5	5	5	2	12	2
2012	7	4	18	48	24.78155805	120.9863351				8			50															3
2012	7	4	17	50	24.78906635	121.0046317				8			50															3
2012	7	5	17	50	24.8044523	120.9702289	0	1	0	8	2	5	50	3	1	1	5	4	5	7	4	4	10	5	5	2	16	2
2012	7	12	17	50	24.34623015	120.6264257				8			50															3
2012	7	13	9	56	24.8331464	120.9483426	0	1	0	8	1	5	50	3	1	1	5	4	5	7	2	1	10	5	5	2	18	2
2012	7	17	19	1						8			50															3
2012	7	13	12	40			0	2	0	8	1	5	50	4	1	1	5	4	5	7	2	1	10	5	5	2	15	2
2012	7	17	21	47						8			50															3
2012	7	16	8	46			0	1	0	8	1	5	50	3	1	1	5	4	5	7	2	1	10	5	5	2	13	2
2012	7	16	10	6						8			50															3
2012	7	16	17	33			0	1	0	8	1	5	50	14	9	1	4	4	5	7	4	4	1	4	5	2	16	2
2012	7	16	12	46						8			50															3
2012	7	17	21	7						8			50															3
2012	7	18	1	18			0	1	0	8	3	5	50	14	9	1	5	4	5	7	4	4	1	4	5	1	18	2
2012	7	11	8	23			0	3	0	8	1	5	50	5	1	1	5	4	5	7	2	1	10	5	5	2	15	2
2012	7	17	17	0						8			50															3
2012	7	18	9	20						8			50															3
2012	7	17	11	35						8			50															3
2012	7	18	10	10						8			50															3
2012	7	18	12	20			0	1	0	8	1	5	50	14	9	1	5	4	5	7	4	4	9	5	5	2	16	2
2012	7	1	11	45						8			50															3
2012	7	5	11	30			0	1	0	8	1	5	50	4	1	1	5	4	5	7	1	1	10	5	5	2	16	2
2012	7	7	9	30						8			50															3
2012	7	7	11	42						8			50															3
2012	7	7	16	35			0	1	0	8	1	5	50	14	9	1	5	4	5	7	4	4	10	5	5	2	29	2
2012	7	18	6	43			0	2	0	8	1	5	50	4	1	1	5	4	5	7	2	1	10	5	5	2	15	2
2012	7	18	7	57			0	2	0	8	1	5	50	3	1	1	5	4	5	7	3	1	10	5	5	2	12	2
2012	7	11	9	47						8			40															3
2012	7	17	16	20						8			50															3
2012	7	17	18	49						8			50															3
2012	7	17	18	10						8			50															3
2012	7	18	8	10			0	1	0	8	1	5	40	4	2	1	5	4	5	7	4	4	10	5	5	2	11	2
2012	7	17	8	40						8			50															3
2012	7	18	8	55						8			50															3
2012	7	17	10	30						8			50															3
2012	7	17	22	50						8			50															3
2012	7	18	14	40			0	1	0	8	1	5	50	3	1	1	5	4	5	7	4	4	1	2	5	2	16	2
2012	7	18	17	52						8			50															3
2012	7	18	19	57			0	1	0	8	3	5	50	4	1	1	5	4	5	7	3	1	10	5	5	2	12	2
2012	7	18	20	7						8			50															3
2012	7	17	8	5						8			50															3
2012	7	17	11	50	24.796534	120.978684	0	2	0	8	1	5	40	4	1	1	5	4	5	7	4	4	10	5	5	2	15	2
2012	7	17	13	0	24.8139744	121.0354323				8			50															3
2012	7	18	18	30	24.80345445	120.9739224	0	1	0	8	1	5	50	14	9	1	5	4	5	7	4	4	5	4	5	2	16	2
2012	7	17	17	29	24.781344	121.026263				8			40															3
2012	7	19	0	37	24.7845993	120.9311301				8			50															3
2012	7	17	18	34	24.8011347	120.9870763				8			50															3
2012	7	18	19	20	24.34623015	120.6264257	0	1	0	7	3	5	50	4	1	1	5	4	5	7	3	1	10	5	5	2	3	2
2012	7	19	2	41	24.8198055	120.961431																						3
2012	7	17	9	37	24.7932831	121.001211				8			50															3
2012	7	16	12	13			0	1	0	8	1	5	50	3	1	1	5	4	5	7	4	4	10	5	5	2	16	2
2012	7	18	8	10			0	1	0	8	1	5	50	4	1	1	5	4	5	7	2	1	10	5	5	2	16	2
2012	7	19	8	50			0	1	0	8	1	5	50	14	9	1	5	4	5	7	4	4	4	5	5	2	13	2
2012	7	19	9	45						8			50															3
2012	7	17	16	17						8			50															3
2012	7	16	15	18						8			50															3
2012	7	11	10	53			0	1	0	8	1	5	50	14	9	1	5	4	5	7	4	4	5	4	5	2	12	2
2012	7	17	12	19			0	1	0	8	1	5	50	14	9	1	5	4	5	7	4	4	5	5	5	1	17	2
2012	7	11	12	14			0	1	0	8	1	5	50	3	2	1	5	4	5	7	4	4	1	4	4	1	17	2
2012	7	16	14	12						8			40															3
2012	7	19	11	38						8			50															3
2012	7	19	11	20						8			50															3
2012	7	11	13	39			0	1	0	8	1	5	50	4	2	1	5	4	5	7	1	1	5	4	5	1	12	2
2012	7	19	13	10			0	2	0	8	1	5	50	14	18	1	5	4	5	7	4	4	5	4	5	1	3	2
2012	7	19	9	10						8			40															3
2012	7	19	11	0						8			50															3
2012	7	19	12	40			0	1	0	8	1	5	50	14	9	1	5	4	5	7	4	4	5	4	5	2	3	2
2012	7	17	16	0						8			50															3
2012	7	19	14	35	24.79524925	120.9558405	0	1	0	8	1	5	50	5	1	1	5	4	5	7	4	4	10	5	5	2	16	2
2012	7	19	10	0	24.7917791	121.002302	0	1	0	8	1	5	50	14	9	1	5	4	5	7	4	4	1	4	5	2	12	2
2012	7	18	8	25	24.8018053	120.9829618				8			50															3
2012	7	19	8	49	29.857088	121.5551922				8			80															3
2012	7	19	11	17	24.7926471	120.9775536				8			40															3
2012	7	19	15	30	24.794202	120.97022				8			40															3
2012	7	12	8	20	24.7919685	121.0148844				8			50															3
2012	7	19	12	12	24.8042903	120.9752282	0	1	0	8	1	5	50	14	9	1	5	4	5	7	4	4	10	4	5	2	16	2
2012	7	18	8	34	24.796531	120.964237	0	1	0	8	1	5	50	14	9	1	5	4	5	7	4	4	5	4	5	2	13	2
2012	7	18	8	40	24.8011886	120.9567001	0	1	0	8	1	5	50	3	2	1	5	4	5	7	4	4	10	5	5	2	17	2
2012	7	9	17	50	24.8176705	120.9933049				8			50															3
2012	7	19	20	26	24.8043631	120.96355	0	1	0	7	3	5	50	14	9	1	5	4	5	7	4	4	9	5	5	2	16	2
2012	7	9	10	40	24.8161395	120.9934274	0	1	0	8	1	5	50	14	9	1	5	4	5	7	1	1	5	4	5	2	13	2
2012	7	19	22	35	24.8038391	120.971955	0	1	0	7	3	5	50	14	9	1	5	4	5	7	4	4	5	5	5	2	17	2
2012	7	20	1	2	24.8256414	120.9566902	0	1	0	8	3	5	50	3	1	1	5	4	5	7	3	1	10	5	5	2	16	2
2012	7	19	14	50	24.804139	120.964932				8			50															3
2012	7	12	16	26	24.7992741	120.964894	0	2	0	8	1	5	50	14	9	1	5	4	5	7	4	4	10	4	5	1	16	2
2012	7	20	7	42	24.8004098	120.9972123	0	1	0	8	1	5	50	14	9	1	5	4	5	7	4	4	5	5	5	2	21	2
2012	7	20	6	45	24.7801581	120.986596	0	1	0	8	1	5	50	3	1	1	5	4	5	5	4	4	1	4	5	2	16	2
2012	7	20	7	55	24.7813346	121.0239894				8			50															3
2012	7	17	13	26	24.7761349	121.0218337				8			40															3
2012	7	17	14	40	24.8174371	120.995449				8			50															3
2012	7	18	13	37	24.8019741	121.0001719				8			50															3
2012	7	18	14	45	24.79974815	120.9576127	0	1	0	8	1	5	50	14	9	1	5	4	5	7	4	4	5	5	5	1	17	2
2012	7	20	8	14	23.8548668	120.983603				8			50															3
2012	7	12	10	57	24.7976941	120.969121	0	1	0	8	1	5	50	14	9	1	5	4	5	7	4	4	5	4	5	1	12	2
2012	7	20	12	25	24.8091112	120.9601481	0	1	0	8	1	5	50	4	1	1	5	4	5	7	1	1	10	5	5	2	16	2
2012	7	20	12	25	24.7948185	120.9725276				8			50															3
2012	7	20	9	57	24.8193477	120.9955776				8			50															3
2012	7	11	15	53	24.782637	120.9546454	0	1	0	8	1	5	50	3	1	1	5	4	5	7	4	4	10	5	5	2	16	2
2012	7	20	14	45						8			50															3
2012	7	20	15	1			0	2	0	8	1	5	50	14	9	1	5	4	5	7	4	4	5	4	5	2	3	2
2012	7	20	19	25						8			50															3
2012	7	15	12	20			0	2	0	8	1	5	50	11	9	1	5	4	5	1	4	4	1	4	5	2	26	2
2012	7	20	21	6						8			70															3
2012	7	16	15	8						8			50															3
2012	7	16	16	45			0	1	0	8	1	5	50	3	1	1	5	4	5	7	4	4	10	5	5	2	16	2
2012	7	9	19	6			0	1	0	8	3	5	50	14	9	1	5	4	5	7	4	4	3	4	5	2	16	2
2012	7	8	20	15						8			50															3
2012	7	9	14	8			0	2	0	8	1	5	50	4	1	1	5	4	5	7	1	1	10	5	5	2	16	2
2012	7	21	8	36						8			50															3
2012	7	21	10	54						8			50															3
2012	7	8	11	7						8			50															3
2012	7	11	17	15			0	1	0	8	1	5	50	3	1	1	5	4	5	7	3	1	10	5	5	2	13	2
2012	7	21	9	28			0	1	0	8	1	5	50	3	2	1	5	4	5	7	1	1	10	5	5	2	13	2
2012	7	21	10	30						8			50															3
2012	7	21	11	45			0	1	0	8	1	5	50	4	2	1	5	4	5	7	1	1	10	5	5	2	16	2
2012	7	21	14	59						8			50															3
2012	7	21	14	19			0	1	0	8	1	5	50	4	1	1	5	4	5	7	1	1	10	5	5	2	15	2
2012	7	10	14	46	24.79311235	121.0115108				8			40															3
2012	7	6	8	31	24.812452	121.005458	0	1	0	8	1	5	50	15	9	1	5	4	5	7	4	4	3	4	5	1	12	2
2012	7	6	11	40	24.805422	120.971376	0	2	0	8	1	5	50	15	9	1	5	4	5	7	4	4	10	5	5	2	3	2
2012	7	6	17	45	24.781654	121.023654				8			50															3
2012	7	7	21	21	24.7354474	120.9129485	0	1	0	8	3	5	50	4	1	1	5	4	5	7	1	1	10	5	5	2	16	2
2012	7	8	19	20	24.7893739	121.020151	0	1	0	8	3	5	50	3	1	1	5	4	5	7	4	4	10	5	5	2	12	2
2012	7	9	16	52	24.796888	120.963184	0	0	0	8	2	5	50	14	9	1	5	4	5	7	4	4	1	2	4	1	12	3
2012	7	21	21	16	24.803991	120.967459	0	0	0	8	3	5	50	14	9	1	5	4	5	7	4	4	9	4	5	2	12	3
2012	7	22	1	13	24.8040923	120.9749115				8			50															3
2012	7	10	7	15	24.7757408	121.0167883	0	2	0	8	1	5	50	15	9	1	5	4	5	7	4	4	1	4	5	2	12	2
2012	7	10	9	25	24.7930373	120.9733029	0	2	0	8	1	5	50	3	1	1	5	4	5	7	4	4	9	5	5	2	16	2
2012	7	21	15	5	24.7957511	120.967149				8			50															3
2012	7	19	8	29	24.80357935	120.9961211				8			50															3
2012	7	22	12	40	24.7924614	121.0067013				8			50															3
2012	7	22	8	25	24.8462581	120.9264122	0	1	0	8	1	5	50	4	1	1	5	4	5	7	4	4	10	5	5	2	16	2
2012	7	22	12	54	24.791397	120.925981	0	1	0	8	1	5	50	4	1	1	5	4	5	7	4	4	10	5	5	2	16	2
2012	7	22	14	49	24.8025545	120.9746646				8			50															3
2012	7	19	9	8	24.8027721	120.982868	0	1	0	8	1	5	50	14	9	1	5	4	5	7	4	4	10	4	5	2	18	2
2012	7	21	5	16	24.34623015	120.6264257	0	1	0	8	2	5	50	4	1	1	5	4	5	7	3	1	10	5	5	2	15	2
2012	7	10	10	48	24.73610715	120.8946351	0	1	0	8	1	5	50	12	9	1	5	4	5	7	4	4	10	5	5	2	8	2
2012	7	18	10	0	24.7777953	120.9404076				8			40															3
2012	7	22	21	10	24.7932831	121.001211				8			50															3
2012	7	22	20	41	24.8102915	120.976778	0	1	0	8	3	5	50	14	9	1	5	4	5	7	4	4	5	4	5	1	12	2
2012	7	22	21	38	24.7873656	121.0096554	0	1	0	8	3	5	50	5	1	1	5	4	5	7	1	1	10	5	5	2	18	2
2012	7	21	20	45			0	1	0	8	3	5	50	4	1	1	5	4	5	7	4	4	10	5	5	2	15	2
2012	7	20	8	40			0	1	0	8	1	5	50	3	1	1	5	4	5	7	1	1	10	5	5	2	16	2
2012	7	20	14	4						8			50															3
2012	7	18	7	53			0	1	0	8	1	5	50	14	9	1	5	4	5	7	4	4	1	4	4	2	16	2
2012	7	22	23	0	24.8068321	120.962934				8			50															3
2012	7	22	19	31	24.795716	120.94929	0	2	0	8	3	5	50	14	9	1	5	4	5	7	4	4	1	4	5	2	12	2
2012	7	19	16	20	24.80678365	120.9856122	0	1	0	8	1	5	50	14	9	1	5	4	5	7	4	4	5	4	5	2	16	2
2012	7	23	7	26	24.80896535	120.9825236	0	0	0	8	1	5	50	3	1	1	5	4	5	7	3	1	10	5	5	2	16	3
2012	7	22	11	5	24.8046341	120.969849	0	1	0	8	1	5	50	14	9	1	5	4	5	7	4	4	5	4	5	2	13	2
2012	7	22	16	0	24.804022	120.960298				8			50															3
2012	7	22	15	49	24.80262745	120.9790609				8			50															3
2012	7	23	11	16	24.806972	120.962639	0	2	0	8	1	5	40	4	1	1	5	4	5	7	4	4	10	5	5	2	16	2
2012	7	23	10	32	24.8003411	120.966097				8			50															3
2012	7	23	15	42	24.778825	121.019848	0	2	0	8	1	5	50	4	1	1	5	4	5	7	2	1	10	5	5	2	16	2
2012	7	23	5	50	24.7842919	121.0181496				6			50															3
2012	7	23	17	10						8			50															3
2012	7	23	19	50						8			50															3
2012	7	17	12	25						8			40															3
2012	7	22	18	20						8			50															3
2012	7	19	9	0						8			50															3
2012	7	18	8	15						8			50															3
2012	7	18	9	25						8			50															3
2012	7	19	12	45						8			40															3
2012	7	19	11	0						8																		3
2012	7	19	9	30						8			50															3
2012	7	18	9	40						8			50															3
2012	7	11	15	0						8			50															3
2012	7	20	16	45	24.7842919	121.0181496	0	2	0	8	1	5	50	4	1	1	5	4	5	7	2	1	10	5	5	2	16	2
2012	7	21	12	0	24.79385345	120.9690787				8			50															3
2012	7	21	9	35	24.813089	120.9758769				8			50															3
2012	7	21	11	25	24.808452	120.965671				8			50															3
2012	7	24	6	25	24.84272545	120.9282186	0	1	0	8	1	5	50	3	1	1	5	4	5	7	4	4	10	5	5	2	16	2
2012	7	24	10	23	24.7981942	120.9706866				8			50															3
2012	7	13	9	35	24.78248	121.013565				8			50															3
2012	7	14	13	56	24.8023961	120.964548				8			50															3
2012	7	14	16	57	24.8052582	120.9410568	0	1	0	8	1	5	50	15	9	1	5	4	5	7	4	4	10	5	5	2	16	2
2012	7	24	9	15	24.7849362	120.9799274	0	1	0	8	1	5	40	11	9	1	5	4	5	7	4	4	5	4	5	2	11	2
2012	7	24	15	0	24.7990408	120.9854427				8			50															3
2012	7	24	9	50	37.8545931	112.5517968	0	2	0	8	1	5	50	4	2	1	5	4	5	7	1	1	1	4	5	2	16	2
2012	7	24	14	20	24.81934205	120.983214				8			50															3
2012	7	23	11	5	24.8072132	120.9573774				8			50															3
2012	7	24	14	10	23.62822615	120.8678953				8			50															3
2012	7	23	14	20	24.7988758	120.9935293	0	1	0	8	1	5	50	3	1	1	5	4	5	7	1	1	10	5	5	2	16	2
2012	7	23	17	0	24.7920721	121.007331				8			50															3
2012	7	23	18	21	24.798507	120.996976				8			50															3
2012	7	19	2	35	24.778599	120.939437				8			50															3
2012	7	19	13	14	24.81808385	120.9947818				8			50															3
2012	7	23	17	38	24.8150922	120.9852896	0	1	0	8	1	5	50	14	9	1	5	4	5	7	4	4	1	4	3	2	29	2
2012	7	20	10	20	24.7597091	120.9584529				8			50															3
2012	7	24	18	30						8			50															3
2012	7	20	12	30						8			50															3
2012	7	24	19	15						8			50															3
2012	7	12	12	35			0	1	0	8	1	5	50	14	9	1	5	4	5	7	4	4	5	2	5	1	1	2
2012	7	20	7	50			0	1	0	8	1	5	50	3	1	1	5	4	5	7	2	1	10	5	5	2	16	2
2012	7	15	9	12						8			50															3
2012	7	24	21	55			0	1	0	6	3	5	50	3	1	1	4	4	5	7	2	1	10	5	5	2	18	2
2012	7	15	10	50			0	2	0	8	1	5	50	14	9	1	5	4	5	7	4	4	5	4	5	2	12	2
2012	7	15	17	19			0	1	0	8	2	5	50	14	9	1	5	4	5	7	4	4	1	4	5	1	13	2
2012	7	22	6	55						8			50															3
2012	7	22	9	10						8			50															3
2012	7	22	17	50						8			50															3
2012	7	23	8	10						8			50															3
2012	7	24	6	30			0	2	0	8	1	5	50	4	1	1	5	4	5	7	1	1	10	5	5	2	15	2
2012	7	19	12	11						8			40															3
2012	7	24	20	10			0	2	0	6	3	5	40	14	9	4	4	4	5	7	4	4	10	5	5	2	3	2
2012	7	23	12	0						8			50															3
2012	7	3	17	40						8			50															3
2012	7	16	22	1	24.7951281	120.973522	0	1	0	8	3	5	50	14	9	1	5	4	5	7	4	4	5	5	4	1	12	2
2012	7	25	2	0	24.825181	120.971712				6			50															3
2012	7	6	22	22	24.797946	120.953223				8			50															3
2012	7	9	18	1	24.8457734	120.9275047	0	1	0	8	2	5	50	4	1	1	5	4	5	7	3	1	10	5	5	2	15	2
2012	7	9	20	46	24.8025545	120.9746646				8			50															3
2012	7	10	18	28	24.804022	120.960298	0	2	0	8	1	5	50	14	9	1	5	4	5	7	4	4	5	4	5	2	13	2
2012	7	25	10	5	24.83794545	120.9336942				8			50															3
2012	7	25	8	50	24.8010841	120.964699	0	2	0	8	1	5	50	4	1	1	5	4	5	7	4	4	10	5	5	2	15	2
2012	7	14	9	24	24.7874802	121.0095148				8			50															3
2012	7	16	9	2	24.8156229	120.9924372				8			50															3
2012	7	22	5	43						8			50															3
2012	7	22	20	29						8			50															3
2012	7	25	12	35			0	1	0	8	1	5	50	14	9	1	5	4	5	7	4	4	9	5	5	2	16	2
2012	7	17	18	57			0	2	0	8	3	5	40	4	1	1	5	4	5	7	4	4	10	5	5	2	15	2
2012	7	12	18	4			0	2	0	8	3	5	50	4	1	1	5	4	5	7	2	1	10	5	5	2	16	2
2012	7	13	22	50			0	2	0	8	3	5	50	4	1	1	5	4	5	7	2	1	10	5	5	2	15	2
2012	7	13	19	29						8			50															3
2012	7	14	13	20			0	1	0	8	1	5	50	3	1	1	5	4	5	7	2	1	10	5	5	2	13	2
2012	7	25	8	22			0	2	0	8	1	5	40	11	9	1	5	4	5	7	4	4	10	5	5	2	10	2
2012	7	25	12	11			0	1	0	8	1	5	50	3	1	1	5	4	5	7	4	4	10	5	5	2	16	2
2012	7	14	14	10			0	1	0	8	1	5	50	3	1	1	5	4	5	7	4	4	10	5	5	2	16	2
2012	7	25	12	37						8			50															3
2012	7	14	16	30			0	1	0	8	1	5	50	3	1	1	5	4	5	7	2	1	10	5	5	2	16	2
2012	7	14	21	46						8			50															3
2012	7	25	19	27						8			50															3
2012	7	25	21	30	24.803066	120.960633	0	2	0	8	3	5	40	14	9	1	5	4	5	7	4	4	10	5	5	2	6	2
2012	7	25	20	57	24.8834297	121.1724483	0	1	0	8	3	5	50	4	1	1	5	4	5	7	4	4	10	5	5	2	13	2
2012	7	24	17	15	24.79286295	120.9747659				8			50															3
2012	7	25	23	59	24.813465	120.967222				8			50															3
2012	7	15	10	47	24.7616803	120.9426243	0	1	0	8	1	5	40	14	9	1	5	4	5	7	4	4	10	5	5	2	13	2
2012	7	23	15	20	24.7865254	120.9243344				8			50															3
2012	7	21	14	25	39.03076985	106.3538138				8			40															3
2012	7	4	3	27	24.804916	120.955913	0	1	0	8	1	5	50	14	9	1	5	4	5	7	1	1	5	5	5	1	13	2
2012	7	18	19	24	24.806924	120.9530883	0	1	0	8	3	5	50	14	9	1	5	4	5	7	4	4	5	5	5	1	12	2
2012	7	26	12	0	24.7818596	121.0211214				6			50															3
2012	7	26	12	41	24.805569	120.966149				8			50															3
2012	7	26	12	37	24.8150922	120.9852896				8			50															3
2012	7	26	6	30	24.7783311	120.979617				8			50															3
2012	7	26	14	50	24.8159161	120.958895							50															3
2012	7	26	14	0	24.8055397	120.9770756				8			50															3
2012	7	26	13	42	24.81551485	120.9768927				8			50															3
2012	7	26	15	40	24.823397	120.9541967				8			50															3
2012	7	26	15	10	24.815104	120.988765	0	1	0	8	1	5	50	14	9	1	5	4	5	7	4	4	1	2	4	2	13	2
2012	7	26	19	40	24.7960005	120.9708804	0	1	0	7	3	5	50	14	9	1	5	4	5	7	4	4	5	4	5	1	16	2
2012	7	26	19	4	24.7532514	120.9101886	0	1	0	8	3	5	50	8	9	1	5	4	5	7	4	4	1	4	5	2	12	2
2012	7	26	18	0	24.8179101	120.9746821				8			50															3
2012	7	25	17	37	24.8232961	120.981945				8			50															3
2012	7	26	20	5	24.8089875	120.9749047	0	1	0	8	3	5	50	14	9	1	5	4	5	7	4	4	8	5	5	2	16	2
2012	7	24	17	22	24.80506765	120.9427789	0	1	0	8	1	5	40	3	1	1	5	4	5	7	4	4	10	5	5	2	16	2
2012	7	25	10	17	24.7939828	120.9708101				8			50															3
2012	7	25	13	0	24.7937971	120.970156	0	1	0	8	1	5	50	14	7	1	5	4	5	7	4	4	5	5	4	2	17	2
2012	7	6	8	33						8			50															3
2012	7	26	18	20			0	1	0	8	1	5	50	14	8	1	5	4	5	7	4	4	1	4	4	2	12	2
2012	7	26	20	31			0	2	0	8	3	5	50	3	1	1	5	4	5	7	4	4	10	5	5	2	16	2
2012	7	21	18	15						8			90															3
2012	7	22	14	10						8			50															3
2012	7	22	16	28						8			50															3
2012	7	26	11	7						8			50															3
2012	7	26	12	37						8			50															3
2012	7	27	7	0			0	2	0	8	1	5	50	3	18	1	5	4	5	7	3	1	10	5	5	2	3	2
2012	7	26	14	20						8			50															3
2012	7	23	14	58						8			50															3
2012	7	27	8	38			0	1	0	8	1	5	50	4	1	1	5	4	5	7	4	4	10	5	5	2	15	2
2012	7	27	9	28						8			50															3
2012	7	26	15	50						8			50															3
2012	7	23	16	9						8			40															3
2012	7	22	21	24			0	1	0	8	3	5	50	14	9	1	5	4	5	7	3	1	10	5	5	2	13	2
2012	7	23	17	22			0	1	0	7	1	5	50	14	9	1	4	4	5	7	4	4	5	5	5	2	16	2
2012	7	23	20	2	24.7936241	121.001896	0	2	0	8	3	5	50	14	9	1	5	4	5	7	4	4	5	4	5	2	16	2
2012	7	27	8	27	24.80896345	120.9667826				8			50															3
2012	7	27	11	50	24.813708	120.956313				8			40															3
2012	7	27	15	16	24.816764	120.970417				8			50															3
2012	7	15	19	14	24.8140911	120.9725373	0	1	0	8	3	5	50	4	1	1	5	4	5	7	1	1	10	5	5	2	16	2
2012	7	26	18	50	24.7919685	121.0148844				8			50															3
2012	7	22	22	3	24.8461108	120.9375003	0	1	0	8	3	5	50	8	11	1	5	4	5	7	4	4	1	4	4	1	13	2
2012	7	26	20	0	24.7818596	121.0211214				8			50															3
2012	7	27	16	45	24.7929205	121.0125589				8			50															3
2012	7	27	18	0	24.799055	120.97269				8			50															3
2012	7	26	21	28	24.79509185	120.9708905				8			50															3
2012	7	24	12	21	24.7853837	120.9680408				8			40															3
2012	7	24	8	10	24.7935507	120.9449809	0	1	0	8	1	5	50	14	8	1	5	4	5	7	4	4	1	4	4	2	18	2
2012	7	6	14	7	24.8137323	120.9674304	0	1	0	8	1	5	50	4	1	1	5	4	5	7	2	1	10	5	5	2	16	2
2012	7	22	15	30	24.8077651	120.9651				8			50															3
2012	7	28	1	16	24.813406	120.96607	0	1	0	8	3	5	50	14	9	1	5	4	5	7	4	4	8	5	5	2	19	2
2012	7	8	1	40	24.4235318	120.6435228	0	3	0	8	3	5	50	4	1	1	5	4	5	7	2	1	10	5	5	2	16	2
2012	7	8	14	47	24.799612	120.990859				8			50															3
2012	7	9	10	47	24.8129647	120.9639579				8			50															3
2012	7	9	11	38	24.809722	120.970609	0	1	0	8	1	5	50	14	9	1	5	4	5	7	4	4	1	5	1	2	16	2
2012	7	28	8	0	24.8041558	120.9811077	0	1	0	8	1	5	50	3	1	1	5	4	5	7	4	4	10	5	5	2	15	2
2012	7	27	16	11	24.803616	120.979444	0	1	0	6	1	5	50	14	9	1	4	4	5	7	4	4	1	4	5	2	12	2
2012	7	26	6	2	24.7922354	120.9323808	0	3	0	8	1	5	50	4	2	1	5	4	5	7	3	1	10	5	5	2	16	2
2012	7	28	9	35	24.8091112	120.9601481				8			50															3
2012	7	27	15	45	24.8350929	120.9334848				8			50															3
2012	7	27	17	15	24.7818596	121.0211214	0	3	0	8	1	5	50	4	2	1	5	4	5	7	1	1	10	5	5	2	16	2
2012	7	28	10	35						8			50															3
2012	7	27	13	31	30.545	114.308421	0	1	0	7	1	5	50	3	2	1	5	4	5	7	1	1	10	5	5	2	18	2
2012	7	28	12	8	24.8254171	120.956155				8			50															3
2012	7	28	12	40	24.8284077	121.0690517				8			50															3
2012	7	28	14	43	24.8060641	120.9862857				8			50															3
2012	7	26	17	5	24.8063163	120.9562184				8			50															3
2012	7	28	19	10	24.8092819	120.9758929				8			50															3
2012	7	15	19	20	24.811327	120.964783				8			50															3
2012	7	28	21	14	24.8101928	120.9734446				8			50															3
2012	7	29	0	35	25.1452	121.395946	0	2	0	8	3	5	50	4	1	1	5	4	5	7	3	1	10	5	5	2	15	2
2012	7	29	4	20	24.87138245	121.012719	0	2	0	8	3	5	50	4	1	1	5	4	5	7	3	1	10	5	5	2	16	2
2012	7	29	5	55	24.819725	120.973265	0	1	0	8	2	5	50	3	1	1	5	4	5	7	4	4	9	5	5	2	16	2
2012	7	20	7	8	24.8235233	120.9787074				8			50															3
2012	7	8	16	20	24.807859	120.981132				8			50															3
2012	7	18	14	24	30.545	114.308421	0	1	0	8	1	5	50	3	9	1	5	4	5	7	2	1	1	2	5	1	18	2
2012	7	29	9	7	24.7458501	120.906158	0	2	0	8	1	5	60	3	9	1	5	4	5	7	2	1	1	4	5	2	16	2
2012	7	29	13	1	24.7816751	120.929701				8			40															3