年	月	日	時	分	GoogleLat	GoogleLng	死	受傷	2-30	天候	光線	道路類別	速限	道路型態	事故位置	路面鋪裝	路面狀態	路面缺陷	障礙物	視距	號誌種類	號誌動作	分向設施	快車道或一般車道間	快慢車道間	路面邊線	事故類型及型態	事故類別
2012	7	29	14	28	24.8060062	120.977607				8			50															3
2012	7	29	13	55	24.7801581	120.986596	0	1	0	8	1	5	40	14	9	1	5	4	5	7	4	4	10	5	5	2	12	2
2012	7	29	12	50	24.8019741	121.0001719	0	2	0	8	1	5	50	14	8	1	5	4	5	7	4	4	1	5	1	1	13	2
2012	7	29	18	23	24.7987084	120.9635256				8			50															3
2012	7	29	18	24	24.3827983	120.7406458				8			90															3
2012	7	28	17	20			0	1	0	8	1	5	50	3	1	1	5	4	5	7	1	1	1	4	4	2	12	2
2012	7	29	18	55						8			50															3
2012	7	29	20	30						8			50															3
2012	7	20	22	25	24.7998135	120.9909705	0	1	0	8	3	5	50	4	1	1	5	4	5	7	1	1	10	5	5	2	12	2
2012	7	29	16	19	24.8105	120.972876	0	2	0	8	1	5	50	14	9	1	5	4	5	7	4	4	5	4	5	2	12	2
2012	7	23	14	43	24.820967	120.975275	0	1	0	8	1	5	40	3	1	1	5	4	5	7	4	4	10	5	5	2	16	2
2012	7	23	16	10	24.81153805	120.9820493				8			50															3
2012	7	24	9	55	24.81001285	120.9843207				8			50															3
2012	7	24	11	25	23.8333047	120.4693168	0	1	0	8	1	5	50	4	1	1	5	4	5	7	1	1	10	5	5	2	12	2
2012	7	29	22	46	24.80311455	120.9858033				8			50															3
2012	7	30	0	10	24.7922354	120.9323808				8			50															3
2012	7	28	9	52	24.8222824	120.9718047	0	3	0	8	1	5	50	4	1	1	5	4	5	7	1	1	10	5	5	2	12	2
2012	7	15	21	55	24.8333941	121.027676	0	1	0	8	3	5	50	3	1	1	5	4	5	7	3	1	10	5	5	2	16	2
2012	7	17	7	31	24.7991891	120.9533827	0	1	0	8	1	5	50	4	1	1	5	4	5	7	1	1	10	5	5	2	12	2
2012	7	17	8	37	24.7991891	120.9533827	0	1	0	8	1	5	50	4	2	1	5	4	5	7	1	1	1	4	5	2	18	2
2012	7	17	11	49	24.7761349	121.0218337	0	0	0	8	1	5	50	3	9	1	5	4	5	7	4	4	10	5	5	2	14	3
2012	7	17	13	30	24.778132	120.97789				8			40															3
2012	7	22	0	31			0	1	0	8	3	5	50	4	1	1	5	4	5	7	3	1	10	5	5	2	15	2
2012	7	30	7	36						8			50															3
2012	7	22	18	10						8			50															3
2012	7	22	22	56			0	1	0	8	3	5	50	4	2	1	5	4	5	7	1	1	1	4	5	2	19	2
2012	7	23	13	58			0	1	0	8	1	5	50	3	1	1	5	4	5	7	1	1	10	5	5	2	12	2
2012	7	23	18	5			0	1	0	8	1	5	50	4	1	1	5	4	5	7	1	1	10	5	5	2	16	2
2012	7	24	16	0						8			50															3
2012	7	30	9	35			0	1	0	8	1	5	50	3	1	1	5	4	5	7	3	1	5	5	5	2	16	2
2012	7	30	11	0						8			50															3
2012	7	13	13	45						8			50															3
2012	7	28	7	57			0	3	0	8	1	5	50	14	9	1	5	4	5	7	4	4	5	5	5	1	16	2
2012	7	30	13	32						8			50															3
2012	7	19	14	55						8			70															3
2012	7	18	20	26			0	2	0	8	3	5	50	5	1	1	5	4	5	7	1	1	1	4	4	2	16	2
2012	7	30	17	0						8			50															3
2012	7	30	11	45						8			50															3
2012	7	29	17	15			0	2	0	8	1	5	50	3	1	1	5	4	5	7	3	3	10	5	5	2	16	2
2012	7	24	14	15			0	1	0	8	1	5	50	14	8	1	5	4	5	7	4	4	1	4	5	2	16	2
2012	7	30	18	55			0	1	0	7	3	5	50	8	9	1	5	4	5	7	4	4	5	4	5	2	17	2
2012	7	30	21	38						8			40															3
2012	7	24	16	20						8			50															3
2012	7	24	17	20			0	2	0	8	1	5	50	4	1	1	5	4	5	7	1	1	10	5	5	2	13	2
2012	7	24	19	55			0	1	0	6	3	5	50	3	1	1	4	4	5	7	4	4	10	5	5	2	18	2
2012	7	30	19	45						8			50															3
2012	7	2	6	38			0	1	0	8	1	5	50	14	9	1	5	4	5	7	1	1	1	4	5	1	16	2
2012	7	30	22	10						8			50															3
2012	7	2	12	53						8			50															3
2012	7	4	20	25						8			50															3
2012	7	27	15	11			0	1	0	8	1	5	50	4	1	1	5	4	5	7	3	1	10	5	5	2	15	2
2012	7	27	1	25						8			50															3
2012	7	28	10	26			0	1	0	8	1	5	50	5	1	1	5	4	5	7	1	1	10	5	5	2	16	2
2012	7	28	15	58	24.7874802	121.0095148				8			50															3
2012	7	29	10	16	24.8198055	120.961431				8			50															3
2012	7	28	16	47	24.7874802	121.0095148				8			50															3
2012	7	28	10	0	24.7671576	120.9154606				8			50															3
2012	7	29	13	13	24.8104328	120.9696434				8			50															3
2012	7	29	14	44	24.8158931	120.967972				8			50															3
2012	7	29	11	17	24.8318404	120.927789				8			50															3
2012	7	30	17	30	24.807631	120.97762	0	1	0	8	1	5	40	3	1	1	5	4	5	7	4	4	10	5	5	2	16	2
2012	7	31	10	26	24.8138151	120.966858				6			50															3
2012	7	30	10	14	24.8109645	120.969934	0	0	0	8	1	5	50	4	1	1	5	4	5	7	1	1	10	5	5	2	16	3
2012	7	31	15	6	22.9182317	113.9021321	0	1	0	7	1	5	40	14	9	1	5	4	5	7	4	4	10	5	5	2	2	2
2012	7	31	12	10	24.789561	120.930126				6			50															3
2012	7	27	17	46	24.7932831	121.001211				8			50															3
2012	7	31	10	57	30.6097092	104.0574011				8			50															3
2012	7	25	13	24	24.8193477	120.9955776				8			50															3
2012	7	30	17	0	24.79996095	120.9636894				8			50															3
2012	7	31	20	27	24.79996095	120.9636894	0	1	0	8	3	5	40	4	1	1	5	4	3	7	4	4	5	5	5	2	15	2
2012	7	20	10	24	24.8145218	120.9769905				8			50															3
2012	7	20	12	5	24.812629	120.972402	0	1	0	8	1	5	50	3	1	1	5	4	5	7	4	4	10	5	5	2	16	2
2012	7	26	9	34	24.7984004	120.9344975	0	1	0	8	1	5	50	3	1	1	5	4	5	7	4	4	10	5	5	2	16	2
2012	7	26	11	44	24.8004821	120.958859				8			50															3
2012	7	3	19	26	24.79281935	120.9361445				8			50															3
2012	7	29	10	6	24.8047816	120.9601015	0	4	0	8	1	5	50	3	1	1	5	4	5	7	4	4	9	5	5	1	16	2
2012	7	3	21	58	24.8040702	120.9701325				8			40															3
2012	7	1	12	30	24.798924	120.955165				8			50															3
2012	7	20	11	2	24.7895619	121.0114067				8			50															3
2012	7	19	17	1	24.7956858	120.9601711				8			50															3
2012	7	30	19	9	24.7883507	120.9286567				8			50															3
2012	7	31	17	55	24.787255	121.016951				6			50															3
2012	7	31	13	24	24.794921	120.99947	0	1	0	6	1	5	50	14	9	1	4	4	5	7	4	4	1	4	5	2	18	2
2012	7	26	12	0	24.7585468	120.9585146				8			50															3
2012	7	25	13	25	24.7988758	120.9935293				8			50															3
2012	7	30	13	20	24.7811551	121.024425	0	1	0	8	1	5	50	14	9	1	5	4	5	7	4	4	5	2	5	1	16	2
2012	7	31	8	20	24.796199	120.9701181				6			50															3
2012	7	31	16	50	24.812467	120.972168				6			50															3
2012	7	20	12	35	24.8013071	120.994849	0	1	0	8	1	5	50	14	9	1	5	4	5	7	4	4	5	4	5	2	16	2
2012	7	25	14	34	24.7937039	120.9456865	0	2	0	7	1	5	50	4	1	1	5	4	5	7	1	1	10	5	5	2	16	2
2012	7	24	12	39	24.779687	121.021345				8			50															3
2012	7	24	16	34	24.8035306	120.9663285				8			50															3
2012	7	24	11	1	24.79296755	120.984707				8			40															3
2012	7	25	12	35	24.7924614	121.0067013				8			50															3
2012	7	26	11	43	24.8145218	120.9769905	0	2	0	7	1	5	50	4	1	1	5	4	5	7	2	1	10	5	5	2	15	2
2012	7	30	8	18	24.7982657	120.9407132	0	2	0	8	1	5	50	3	1	1	5	4	5	7	3	1	10	5	5	2	16	2
2012	7	23	15	8	31.3512963	120.9811634	0	1	0	8	1	5	50	4	1	1	5	4	5	7	1	1	10	5	5	2	13	2
2012	7	31	20	56	24.8087521	120.959076				6			50															3
2012	7	30	21	50	24.796027	120.969682	0	2	0	8	3	5	50	14	9	1	5	4	5	1	3	1	5	5	5	1	16	2
2012	7	29	6	26	24.795747	120.9582418	0	1	0	8	1	5	40	14	9	1	5	4	5	7	4	4	10	5	5	2	11	2
2012	7	30	10	51	24.4235318	120.6435228	0	2	0	8	1	5	50	4	1	1	5	4	5	7	1	1	10	5	5	2	12	2
2012	7	30	11	50	24.82045885	120.9196799				8			50															3
2012	7	30	14	10	24.809412	120.959593				8			50															3
2012	7	28	15	25	24.8257773	120.9653918				8			40															3
2012	7	9	8	29	24.7911971	120.9265114				8			50															3
2012	7	12	16	32	24.8147153	120.9796905	0	2	0	8	1	5	50	4	2	1	5	4	5	7	2	1	10	5	5	2	16	2
2012	7	14	0	16	24.7887326	120.9300059				8			50															3
2012	7	27	8	19	24.814507	120.980464				8			50															3
2012	7	27	10	5	24.8173271	120.9640372				8			50															3
2012	7	27	17	27	24.8018051	120.959927				8			50															3
2012	7	28	11	0	24.8300108	120.9286189	0	3	0	8	1	5	50	14	9	1	5	4	5	7	4	4	3	4	4	1	12	2
2012	7	28	15	10	24.8185241	120.9630951				8			50															3
2012	7	12	17	30	24.79127805	120.9684253				8			50															3
2012	7	30	15	30	24.7978011	120.964592	0	1	0	8	1	5	50	3	1	1	5	4	5	7	4	4	10	5	5	2	16	2
2012	7	15	0	23	24.8137323	120.9674304	0	1	0	8	3	5	50	4	2	1	5	4	5	7	2	1	10	5	5	2	16	2
2012	7	21	19	20	24.79087755	120.9267637				8			50															3
2012	7	30	5	37	24.8228691	120.9720984	0	1	0	8	2	5	50	3	1	1	5	4	5	7	1	1	10	5	5	2	16	2
2012	7	31	0	34	23.7906725	121.0173356																						3
2012	7	31	18	0	24.7873656	121.0096554				8			50															3
2012	7	31	19	21	24.790057	121.019698				6			50															3
2012	7	31	20	55	24.8037387	120.9551317				6			50															3
2012	7	30	14	56	24.8136469	120.966014				8			50															3
2012	7	2	18	0	24.794904	120.979667	0	1	0	8	2	5	50	14	9	1	5	4	5	7	4	4	9	5	5	1	16	2
2012	7	21	12	40	24.83794545	120.9336942				8			50															3
2012	7	19	18	45	24.8001525	120.9896318	0	1	0	8	3	5	50	3	2	1	5	4	5	7	2	1	1	2	4	1	15	2
2012	7	10	8	40	24.7815181	120.990231				8			50															3
2012	7	10	12	20	24.7751673	121.026849				8			50															3
2012	7	10	17	20	24.79834225	120.9906022				8			50															3
2012	7	12	4	55	23.8333047	120.4693168				8			50															3
2012	7	27	7	42	24.8356092	120.9235789				8			80															3
2012	7	12	18	30	24.7743761	120.917576	0	1	0	8	1	5	50	14	9	1	5	3	1	7	4	4	1	5	5	2	29	2
2012	7	3	9	9	24.8009967	120.9870539				8			50															3
2012	7	3	7	56	24.809108	120.960629	0	1	0	8	1	5	50	14	8	1	5	4	5	7	4	4	1	4	4	1	12	2
2012	7	13	16	0	24.7982082	120.994391				8			50															3
2012	7	13	18	40	24.7954365	120.9805399	0	2	0	8	3	5	50	3	1	1	5	4	5	7	1	1	10	5	5	2	16	2
2012	7	14	8	25	24.8196552	120.972837	0	1	0	8	1	5	50	14	9	1	5	4	5	7	4	4	5	5	5	2	12	2
2012	7	17	8	30	24.790736	120.937639	0	2	0	8	1	5	50	14	9	1	5	4	5	7	4	4	1	2	4	2	13	2
2012	7	18	12	57	24.8181351	120.955644	0	1	0	8	1	5	50	14	9	1	5	4	5	7	4	4	5	5	5	2	12	2
2012	7	18	17	10	24.7888211	120.974748				8			40															3
2012	7	19	21	23	24.8442489	120.9305348	0	2	0	8	3	5	50	3	18	1	5	4	5	7	3	1	10	5	5	2	2	2
2012	7	31	20	35	24.83324075	120.9468056				8			50															3
2012	7	20	0	50	24.79581995	120.943136	0	2	0	8	3	5	50	14	9	1	5	4	5	7	4	4	5	5	5	2	12	2
2012	7	3	16	49	24.8001525	120.9896318	0	1	0	8	1	5	50	4	1	1	5	4	5	7	1	1	10	5	5	2	16	2
2012	7	20	14	30	24.793862	120.959622	0	1	0	8	1	5	50	14	9	1	5	4	5	7	4	4	9	5	5	2	12	2
2012	7	20	16	5	24.798228	120.965282				8			50															3
2012	7	20	20	47	24.7992335	120.9433601				8			50															3
2012	7	21	11	26			0	1	0	8	1	5	50	14	9	1	5	4	5	7	4	4	9	5	5	1	16	2
2012	7	21	12	18						8			40															3
2012	7	21	13	40						8			50															3
2012	7	21	16	43			0	1	0	8	1	5	50	14	8	1	5	4	5	7	4	4	1	5	1	2	17	2
2012	7	24	9	40			0	1	0	8	1	5	50	3	9	1	5	4	5	7	4	4	9	5	5	2	17	2
2012	7	24	10	50						8			50															3
2012	7	24	12	30			0	1	0	8	1	5	50	4	2	1	5	4	5	7	3	1	10	5	5	2	13	2
2012	7	24	15	30			0	1	0	8	1	5	50	4	2	1	5	4	5	7	4	4	10	5	5	2	2	2
2012	7	26	9	40						8			50															3
2012	7	9	17	57			0	1	0	8	1	5	50	11	9	1	5	4	5	7	4	4	5	5	5	2	16	2
2012	7	27	17	46						8			50															3
2012	7	11	17	10			0	1	0	8	1	5	50	3	1	1	5	4	5	7	1	1	10	5	5	2	16	2
2012	7	6	20	37						8			50															3
2012	7	1	22	8						8			40															3
2012	7	2	16	35						8			50															3
2012	7	12	22	0			0	3	0	8	3	5	40	4	1	1	5	4	5	7	4	4	10	5	5	2	15	2
2012	7	7	9	12						8			40															3
2012	7	7	12	19			0	1	0	8	1	5	50	4	1	1	5	4	5	7	1	1	10	5	5	2	13	2
2012	7	13	17	58			0	1	0	8	1	5	50	3	1	1	5	4	5	7	4	4	10	5	5	2	16	2
2012	7	6	12	30						8			50															3
2012	7	7	10	35						8			40															3
2012	7	31	13	30	24.809526	120.959501				8			50															3
2012	7	16	10	16	24.8137323	120.9674304	0	1	0	8	1	5	50	4	2	1	5	4	5	7	2	1	9	4	4	2	12	2
2012	7	19	17	4	24.8042491	120.973049	0	0	0	8	1	5	50	14	9	1	5	4	5	7	4	4	5	4	5	1	16	3
2012	7	27	12	54	24.801458	120.970451				8			50															3
2012	7	30	17	55	24.8064981	120.983476				8			50															3
2012	7	25	11	31	24.8071591	120.976256				8			50															3
2012	7	31	16	50	24.8270975	120.927613				6			50															3
2012	7	30	16	6	24.802469	120.964667				8			50															3
2012	7	31	20	35	24.8109645	120.969934				6																		3
2012	7	12	20	32	24.744271	120.916495	0	1	0	8	4	5	50	14	9	1	5	3	4	7	4	4	9	5	5	1	24	2
2012	7	25	23	50	24.80973655	120.977021	0	4	0	8	3	5	50	14	9	1	5	4	5	7	4	4	4	5	5	2	12	2
2012	7	30	10	30	24.8042903	120.9752282				8			50															3
2012	7	8	17	6	24.7887326	120.9300059	0	0	0	8	2	5	50	4	1	1	5	4	5	7	1	1	1	4	4	2	16	3
2012	7	19	9	48	24.7999736	120.9916812				8			50															3
2012	7	7	17	0	24.76474355	120.9772323				8			50															3
2012	7	9	17	0	24.819919	120.972918				8			50															3
2012	7	14	19	38	24.8160531	120.974096				8			50															3
2012	7	16	14	0	24.8236189	120.9701183				8			40															3
2012	7	17	8	5	24.81578105	120.988021				8			50															3
2012	7	28	18	45	24.8089899	120.9781129				8			50															3
2012	7	25	16	45	24.7887326	120.9300059				8			50															3
2012	7	16	15	50	24.802692	120.961995	0	2	0	8	1	5	40	4	2	1	5	4	5	7	4	4	10	5	5	2	15	2
2012	7	15	20	37	24.7874802	121.0095148	0	0	0	8	3	5	50	4	9	1	5	4	5	7	1	1	9	4	5	1	12	3
2012	7	19	7	53	24.7874802	121.0095148				8			50															3
2012	7	25	6	59	24.81462735	120.9857367				8			50															3
2012	7	19	8	55	24.81498765	120.9858251				8			50															3
2012	7	21	9	17	24.79834225	120.9906022				8			50															3
2012	7	30	19	1	31.3512963	120.9811634				8			70															3
2012	7	31	12	56	24.8159998	120.9939713				6			50															3
2012	7	21	10	6	24.812607	120.953413				8			50															3
2012	7	29	15	41	24.7932831	121.001211				8			50															3
2012	7	21	16	10	24.8094049	120.9673233				8			30															3
2012	7	22	11	49	24.80139	120.9770515				8			50															3
2012	7	25	9	33	24.8119989	120.9644536	0	1	0	8	1	5	50	4	1	1	5	4	5	7	2	1	10	5	5	2	12	2
2012	7	10	19	18	24.8198055	120.961431				8			50															3
2012	7	13	16	38	24.8093755	120.9829559				8			50															3
2012	7	26	17	55	24.7967791	120.983751	0	2	0	7	1	5	50	14	9	1	5	4	5	7	4	4	9	5	5	1	16	2
2012	7	15	23	25	24.7912471	120.926184	0	1	0	8	3	5	50	14	19	1	5	4	5	7	4	4	5	5	4	2	3	2
2012	7	25	17	56	24.7919685	121.0148844				8			50															3
2012	7	27	18	33	24.8209951	120.974671				8			50															3
2012	7	27	19	7	24.8050531	120.955957				8			50															3
2012	8	1	7	55	24.8256414	120.9566902	0	1	0	8	1	5	50	3	1	1	5	4	1	7	4	4	10	5	5	2	16	2
2012	8	1	7	58	24.8128035	120.9853889	0	2	0	7	1	5	50	4	1	1	4	4	5	7	1	1	10	5	5	2	16	2
2012	8	1	7	54	24.8193477	120.9955776				8			50															3
2012	8	1	11	55	24.812734	120.9728605				8			50															3
2012	8	1	12	45	24.7995931	120.972419	0	2	0	6	1	5	50	14	9	1	4	4	5	7	4	4	5	5	5	2	17	2
2012	8	1	17	34	24.8009515	120.9407204				8			50															3
2012	8	1	20	9	24.7932831	121.001211				6			50															3
2012	8	1	23	55			0	1	0	1	3	5	50	3	1	1	4	4	4	7	4	4	5	5	5	2	29	2
2012	8	2	11	52						6			50															3
2012	8	1	7	18						6			50															3
2012	8	1	8	50						8			0															3
2012	8	2	13	41			0	0	0	8	1	5	50	14	9	1	5	4	5	7	4	4	9	4	5	1	13	3
2012	8	1	15	15						6			0															3
2012	8	2	12	10						6			50															3
2012	8	2	15	38						6			50															3
2012	8	2	14	32						6			50															3
2012	8	2	18	36						8			50															3
2012	8	2	5	0						6			50															3
2012	8	2	23	10			0	1	0	8	3	5	50	3	2	1	4	4	5	7	4	4	10	5	5	2	16	2
2012	8	2	19	10						6			50															3
2012	8	2	22	40						6			50															3
2012	8	2	20	52			0	1	0	6	3	5	50	14	9	1	4	4	5	7	4	4	5	4	5	2	17	2
2012	8	3	9	30	24.7993073	120.925504	0	1	0	7	1	5	40	14	9	1	5	4	5	7	4	4	10	5	5	2	13	2
2012	8	3	13	10	24.82077475	120.9762071				8			40															3
2012	8	2	22	34	24.799796	120.965718				6			50															3
2012	8	3	17	17	24.8132554	120.979903	0	1	0	8	1	5	50	3	2	1	5	4	5	7	3	1	10	5	5	2	13	2
2012	8	3	17	35	24.797607	120.924242	0	2	0	8	1	5	40	14	9	1	5	4	5	7	4	4	10	5	5	2	11	2
2012	8	3	18	36	24.7895293	121.0040859				8			50															3
2012	8	2	10	0	24.8645498	121.0077609	0	1	0	6	1	5	50	4	1	1	4	4	5	7	4	4	10	5	5	2	16	2
2012	8	4	4	0	24.811723	120.9758325	0	2	0	8	3	5	50	3	1	1	5	4	5	7	4	4	10	5	5	2	16	2
2012	8	3	18	10						8			50															3
2012	8	4	7	30						8			50															3
2012	8	4	11	46						8			50															3
2012	8	4	7	0						8			50															3
2012	8	4	9	10						8			50															3
2012	8	4	10	0			0	1	0	8	1	5	40	14	8	1	5	4	5	7	4	4	1	5	1	2	12	2
2012	8	3	13	3						8			50															3
2012	8	4	13	30						8			50															3
2012	8	4	11	40			0	1	0	8	1	5	50	14	8	1	5	4	5	7	4	4	1	4	1	2	12	2
2012	8	4	9	50						8			50															3
2012	8	3	15	11						8			50															3
2012	8	4	14	0						8			50															3
2012	8	3	16	16						8			50															3
2012	8	4	10	2			0	2	0	8	1	5	50	4	1	1	5	4	5	7	1	1	10	5	5	2	16	2
2012	8	4	15	27						8			50															3
2012	8	4	17	0						8			50															3
2012	8	4	17	51						8			50															3
2012	8	3	12	46	24.796688	120.998468				8			50															3
2012	8	3	16	5	24.79433965	121.0070411	0	1	0	8	1	5	50	3	1	1	5	4	5	7	2	1	10	5	5	2	16	2
2012	8	4	20	35	24.8060175	120.9863218				8			50															3
2012	8	2	16	0	24.79987	120.965274				6			50															3
2012	8	4	23	12	24.8471481	120.9254049	0	1	0	8	3	5	50	14	9	1	5	4	5	7	4	4	5	4	5	2	3	2
2012	8	4	16	0	24.81501335	120.9647508				8			50															3
2012	8	4	13	10	24.7786679	121.0190966				8			50															3
2012	8	4	17	50	24.8065721	120.963323				8			50															3
2012	8	5	12	25	24.813013	120.978886				8			50															3
2012	8	4	10	50	24.8465196	120.9258441	0	1	0	8	1	5	50	4	1	1	5	4	5	7	4	4	10	5	5	2	15	2
2012	8	5	11	34	24.81488335	120.9394568				8			90															3
2012	8	5	19	40	24.7960908	121.0131761				8																		3
2012	8	4	18	20	24.8310967	120.9554347	0	0	0	8	1	5	50	3	1	1	5	4	5	7	4	4	10	5	5	2	13	3
2012	8	5	19	10	24.8042903	120.9752282				8			50															3
2012	8	4	15	40	24.81622355	120.9768306	0	1	0	8	1	5	50	3	2	1	5	4	5	7	4	4	9	5	5	1	16	2
2012	8	4	9	25	24.7626877	120.9640005				8			50															3
2012	8	4	10	15	24.784027	121.013616				8			50															3
2012	8	1	14	50	24.7714132	120.952796				6			70															3
2012	8	2	17	10			0	2	0	6	1	5	50	14	9	1	4	4	5	6	4	4	5	5	5	2	1	2
2012	8	1	19	52						8			50															3
2012	8	6	8	47						8			50															3
2012	8	6	10	10			0	1	0	8	1	5	40	4	1	1	5	4	5	7	4	4	10	5	5	2	15	2
2012	8	2	7	46			0	0	0	8	1	5	40	14	9	4	4	4	5	7	4	4	10	5	5	2	29	3
2012	8	5	4	15			0	1	0	8	3	5	50	14	9	1	5	4	5	7	4	4	5	5	5	2	26	2
2012	8	6	17	0			0	1	0	7	1	5	50	11	9	1	4	4	4	7	4	4	9	5	5	2	18	2
2012	8	6	19	43			0	1	0	6	3	5	50	4	1	1	4	4	5	7	1	1	10	5	5	2	16	2
2012	8	1	8	9						8			40															3
2012	8	1	12	25						6			50															3
2012	8	5	10	0			0	2	0	8	1	5	50	3	1	1	5	4	5	7	4	4	10	5	5	2	16	2
2012	8	6	20	30						6			50															3
2012	8	4	16	58	24.804433	120.973299	0	4	0	8	1	5	50	4	1	1	5	4	5	7	4	4	10	5	5	2	15	2
2012	8	5	17	50	24.79509185	120.9708905	0	1	0	8	1	5	50	3	1	1	5	4	5	7	4	4	10	5	5	2	14	2
2012	8	6	18	49	24.771598	120.9683462	0	1	0	8	3	5	50	14	9	1	5	4	5	7	4	4	5	5	5	1	17	2
2012	8	6	20	38	24.7946903	120.9416714				8			50															3
2012	8	6	21	59	24.81155155	120.954682	0	1	0	6	3	5	50	3	1	1	4	4	5	7	3	1	10	5	5	2	16	2
2012	8	7	7	17	24.8198055	120.961431	0	4	0	8	1	5	50	4	1	1	5	4	5	7	1	1	10	5	5	2	16	2
2012	8	7	8	11	24.795646	120.998564				8			50															3
2012	8	7	8	18	30.545	114.308421				8			50															3
2012	8	7	8	10	24.7963071	120.964456	0	3	0	8	1	5	50	3	2	1	5	4	5	7	4	4	10	5	5	2	11	2
2012	8	7	9	39	24.80133765	120.9949741				8			50															3
2012	8	6	20	0	24.8032102	120.96871	0	1	0	8	3	5	50	4	18	1	5	4	5	7	4	4	10	5	5	2	3	2
2012	8	7	12	20	24.7853837	120.9680408	0	1	0	8	1	5	50	11	9	1	5	4	5	7	4	4	5	5	5	2	13	2
2012	8	3	12	49	24.799843	120.981257	0	1	0	8	1	5	50	15	9	1	5	4	5	7	4	4	5	4	5	2	16	2
2012	8	3	14	25						8			50															3
2012	8	3	15	40			0	2	0	8	1	5	50	14	9	1	5	4	5	7	4	4	9	5	5	2	3	2
2012	8	3	16	40						8			50															3
2012	8	3	16	0			0	1	0	8	1	5	50	14	9	1	5	4	5	7	4	4	5	4	5	2	12	2
2012	8	6	18	0			0	1	0	8	2	5	50	11	9	1	3	4	1	7	4	4	5	5	5	2	18	2
2012	8	7	19	38						8			50															3
2012	8	6	11	1			0	2	0	8	1	5	50	4	2	1	5	4	5	7	2	1	10	5	5	2	16	2
2012	8	6	15	6						8			50															3
2012	8	8	6	50						8			50															3
2012	8	8	8	0						8			50															3
2012	8	7	17	45						8																		3
2012	8	7	18	3			0	1	0	8	1	5	50	3	1	1	5	4	5	7	2	1	10	5	5	2	19	2
2012	8	1	15	54						6			50															3
2012	8	1	21	54						6			50															3
2012	8	7	2	28						6			50															3
2012	8	8	8	57						8			50															3
2012	8	8	12	10			0	1	0	8	1	5	50	14	9	1	5	4	5	7	4	4	10	5	5	2	18	2
2012	8	8	23	54						8			50															3
2012	8	8	11	16						8			50															3
2012	8	9	12	16			0	1	0	8	1	5	50	14	9	1	5	4	5	7	4	4	5	4	5	1	18	2
2012	8	9	13	31						8			50															3
2012	8	5	15	45			0	1	0	8	1	5	50	3	1	1	5	4	5	7	1	1	10	5	5	2	16	2
2012	8	6	22	7						6			50															3
2012	8	7	4	36						8			50															3
2012	8	8	16	42			0	1	0	8	1	5	50	14	9	1	5	4	5	7	4	4	9	5	5	1	16	2
2012	8	7	17	59						8			50															3
2012	8	8	9	0						8			50															3
2012	8	8	10	30						8			50															3
2012	8	8	17	12			0	0	0	8	2	5	40	14	9	1	5	4	5	7	4	4	10	5	5	1	10	3
2012	8	9	15	12						8			50															3
2012	8	9	17	30						8			40															3
2012	8	9	21	17						8			50															3
2012	8	9	19	3			0	1	0	8	3	5	50	3	2	1	5	4	5	7	1	1	10	5	5	1	16	2
2012	8	9	20	40						8			50															3
2012	8	9	22	10						8			50															3
2012	8	9	21	20	24.7937091	121.009807				8			50															3
2012	8	9	19	23	24.8193679	120.9756961				8			50															3
2012	8	8	16	12	24.8072541	120.971603				8			50															3
2012	8	5	11	10	24.79393	120.97479	0	2	0	8	1	5	50	14	9	1	5	4	5	7	4	4	5	5	5	2	2	2
2012	8	8	14	55	24.7964808	120.9524293				8			50															3
2012	8	8	8	5	24.7956041	121.005228				8			50															3
2012	8	10	14	55	24.8078863	120.9580757				8			50															3
2012	8	10	15	40	24.80567575	120.9374708	0	1	0	8	1	5	50	14	9	1	5	4	5	7	4	4	5	4	5	2	3	2
2012	8	10	15	21	24.8042903	120.9752282				8			50															3
2012	8	10	21	47	24.8015397	120.966576				8			50															3
2012	8	10	23	28						8			50															3
2012	8	10	22	15						8			50															3
2012	8	8	9	35						8			50															3
2012	8	8	10	25						8																		3