年	月	日	時	分	GoogleLat	GoogleLng	死	受傷	2-30	天候	光線	道路類別	速限	道路型態	事故位置	路面鋪裝	路面狀態	路面缺陷	障礙物	視距	號誌種類	號誌動作	分向設施	快車道或一般車道間	快慢車道間	路面邊線	事故類型及型態	事故類別
2012	8	8	14	0						8			50															3
2012	8	8	16	30						8			50															3
2012	8	7	15	35						8			50															3
2012	8	7	20	55						8			50															3
2012	8	11	9	20						8			50															3
2012	8	3	7	50																								3
2012	8	10	20	50						8			50															3
2012	8	5	17	36			0	1	0	8	1	5	50	14	9	1	5	4	5	7	4	4	9	4	5	2	16	2
2012	8	5	19	55			0	1	0	8	4	5	50	4	1	1	5	4	5	7	4	4	10	5	5	2	15	2
2012	8	6	14	29			0	1	0	8	1	8	50	14	9	1	5	4	5	7	1	1	7	2	5	2	13	2
2012	8	11	14	9			0	1	0	8	1	5	50	3	1	1	5	4	5	7	1	1	10	5	5	2	16	2
2012	8	11	15	6			0	1	0	8	1	5	50	3	2	1	5	4	5	7	3	1	10	5	5	2	15	2
2012	8	10	15	40			0	2	0	8	1	5	50	14	9	1	5	4	5	7	4	4	5	5	5	2	8	2
2012	8	10	18	25			0	2	0	8	1	5	50	11	9	1	5	4	5	7	4	4	10	5	5	2	11	2
2012	8	11	19	5						8			50															3
2012	8	11	20	20						8			30															3
2012	8	3	22	11						8			50															3
2012	8	11	21	48						8			50															3
2012	8	12	5	2			0	2	0	8	2	5	50	4	2	1	5	4	5	7	1	1	10	5	5	2	13	2
2012	8	11	17	25						8			50															3
2012	8	11	16	53			0	1	0	8	1	5	50	4	1	1	5	4	5	7	1	1	10	5	5	2	12	2
2012	8	8	15	40	24.8356092	120.9235789																						3
2012	8	12	9	25	24.808913	120.979072	0	1	0	8	1	5	50	14	9	1	5	4	5	7	4	4	9	5	5	1	17	2
2012	8	11	20	30	24.8019741	121.0001719				8			50															3
2012	8	12	13	55	24.80160565	120.9657943				8																		3
2012	8	11	14	40	24.79103715	120.9378794	0	1	0	8	1	5	50	14	9	1	5	4	5	7	1	1	1	4	4	1	12	2
2012	8	11	19	30	24.79103715	120.9378794																						3
2012	8	11	14	40	24.8461108	120.9375003							50															3
2012	8	9	20	46	24.8078511	120.949703				8			50															3
2012	8	2	18	27	24.7886472	121.0129175				6			50															3
2012	8	10	14	41	24.793866	121.000892				8			50															3
2012	8	6	16	25	24.789654	120.999737	0	1	0	8	1	5	50	3	1	1	5	4	5	1	4	4	10	5	5	2	11	2
2012	8	6	17	5	24.7946839	120.9474522	0	2	0	8	2	5	50	14	9	1	5	4	1	7	4	4	1	4	4	1	17	2
2012	8	6	19	15	24.7461546	120.9063973				6			50															3
2012	8	7	12	54	24.812205	120.969961	0	1	0	8	1	5	30	3	1	1	5	4	5	7	4	4	10	5	5	2	16	2
2012	8	7	14	51	24.82221775	120.9701012				8			40															3
2012	8	10	9	25	24.8149891	120.979354				8			50															3
2012	8	10	17	0	24.798708	120.968419				8			50															3
2012	8	11	19	5	24.8193477	120.9955776				8			50															3
2012	8	8	17	30	24.7786679	121.0190966				8			50															3
2012	8	8	13	28	24.8046351	120.9802187				8			40															3
2012	8	12	16	30	24.7929205	121.0125589				6			50															3
2012	8	13	12	55	24.79107065	120.9279885				8			50															3
2012	8	13	13	40	24.7922354	120.9323808	0	1	0	8	1	5	50	4	1	1	5	4	5	7	1	1	9	4	4	2	16	2
2012	8	8	12	26	24.7815141	120.9735952	0	1	0	8	1	5	50	5	1	1	5	4	5	7	1	1	10	5	5	2	16	2
2012	8	13	16	55	24.7912301	120.969735	0	1	0	8	1	5	40	11	9	1	5	4	5	7	4	4	10	5	5	2	11	2
2012	8	8	2	30	24.79484195	120.9652302				8			50															3
2012	8	7	14	57	24.8142165	120.9640903	0	1	0	8	1	5	50	4	2	1	5	4	5	7	1	1	5	2	5	2	12	2
2012	8	13	15	45	24.806364	120.967224				8			50															3
2012	8	13	17	50	24.796938	120.997009	0	1	0	8	1	5	50	14	7	1	5	4	5	7	4	4	9	4	5	2	12	2
2012	8	13	18	30	24.8000818	120.9684894	0	2	0	8	3	5	50	14	9	1	5	4	5	7	4	4	9	5	5	2	13	2
2012	8	7	16	8			0	1	0	8	1	5	50	4	1	1	5	4	5	7	4	4	10	5	5	2	12	2
2012	8	13	20	30						8			50															3
2012	8	8	8	10						8			50															3
2012	8	8	11	44						8			40															3
2012	8	8	13	7			0	1	0	8	1	5	50	4	1	1	5	1	5	7	1	1	10	5	5	2	16	2
2012	8	11	9	10						8			50															3
2012	8	11	10	40			0	1	0	8	1	8	50	3	1	1	5	4	5	7	1	1	10	5	5	2	16	2
2012	8	5	17	0						8			50															3
2012	8	11	15	20			0	2	0	8	1	5	50	3	1	1	5	4	5	7	4	4	1	4	5	1	3	2
2012	8	6	17	38			0	2	0	8	1	5	50	14	9	1	5	4	5	7	4	4	10	5	5	2	11	2
2012	8	12	19	40						8			50															3
2012	8	6	20	35						8			50															3
2012	8	12	18	49			0	1	0	6	3	5	50	3	1	1	4	4	5	7	1	1	10	5	5	2	16	2
2012	8	12	22	33						8			50															3
2012	8	7	21	4						8			50															3
2012	8	8	18	12						8			50															3
2012	8	3	5	50	24.8147874	120.9808653				8			50															3
2012	8	4	14	45	24.79036	120.933353	0	1	0	8	1	5	50	14	7	1	5	4	5	7	4	4	1	4	4	2	16	2
2012	8	7	8	1	24.79472835	120.9478168	0	1	0	8	1	5	50	14	7	1	5	4	5	7	4	4	1	4	4	2	12	2
2012	8	14	7	19	24.803614	120.979524				8			50															3
2012	8	14	13	0	24.8403305	120.9375542				8			50															3
2012	8	14	10	20	24.8395621	120.9388421	0	3	0	8	1	5	50	4	1	1	5	4	5	7	3	1	9	5	5	2	16	2
2012	8	14	8	57	24.79832055	120.9730534	0	1	0	8	1	5	50	4	1	1	5	4	5	7	1	1	10	5	5	2	12	2
2012	8	14	9	26	24.7839343	121.0119006				8			50															3
2012	8	6	20	58	24.815089	120.98316				6			50															3
2012	8	3	13	26	24.7845673	120.9560656				8			50															3
2012	8	2	5	28	24.8119989	120.9644536				6			50															3
2012	8	2	15	47	24.7975598	120.995739				6			50															3
2012	8	2	20	55	24.7764191	121.0219647				6			50															3
2012	8	9	7	57	24.7765261	121.0252996				8			50															3
2012	8	9	11	40	24.7406401	120.909678				8			50															3
2012	8	12	17	0	24.8034821	120.966289	0	1	0	8	1	5	50	3	18	1	5	4	5	7	4	4	10	5	5	2	3	2
2012	8	13	9	0	24.7895293	121.0040859				8			50															3
2012	8	8	19	36	24.74147825	120.9045096	0	3	0	8	4	5	50	3	1	1	5	4	5	7	4	4	10	5	5	2	3	2
2012	8	8	16	12	24.7986691	120.985967				8			50															3
2012	8	6	10	53	24.798262	120.977051				8			40															3
2012	8	6	16	0	24.79951945	120.9675845				8			40															3
2012	8	7	7	20	24.7852579	121.0188736	0	1	0	8	1	5	50	14	9	1	5	4	5	7	4	4	1	4	5	1	17	2
2012	8	13	13	1	24.8104845	120.9863029				8			40															3
2012	8	7	13	7	24.7882139	120.9286821				8			70															3
2012	8	9	13	38	24.7874802	121.0095148				8			50															3
2012	8	9	15	57	24.801618	120.954132				8			50															3
2012	8	10	12	0	24.81459865	120.9780795				8			50															3
2012	8	13	17	50	24.8009967	120.9870539	0	1	0	8	3	5	50	14	9	1	5	4	5	7	4	4	5	4	5	2	12	2
2012	8	14	21	0	24.7981942	120.9706866				8			50															3
2012	8	12	14	7	24.8333941	121.027676	0	1	0	8	1	5	50	4	1	1	5	4	5	7	3	1	10	5	5	2	16	2
2012	8	15	8	50	24.7824251	121.022525	0	1	0	8	1	5	50	14	9	1	5	4	3	7	4	4	5	5	4	2	17	2
2012	8	12	13	30	24.8065289	120.9674452				8			40															3
2012	8	15	7	24	24.80452095	120.9564977	0	0	0	8	1	5	50	14	9	1	5	4	5	7	4	4	5	4	5	2	3	3
2012	8	15	9	0	24.7874802	121.0095148				8			50															3
2012	8	15	14	0	24.8044371	120.972732	0	2	0	8	1	5	50	14	9	1	5	4	5	7	4	4	9	4	5	2	12	2
2012	8	7	10	23	24.8145218	120.9769905	0	2	0	8	1	5	50	4	1	1	5	4	5	7	2	1	10	5	5	2	16	2
2012	8	9	7	55	24.7855805	120.9166773	0	1	0	8	1	5	50	4	2	1	5	4	5	7	3	1	10	5	5	2	17	2
2012	8	9	13	30	24.7983487	121.0086791				8			50															3
2012	8	12	8	35	24.7850877	121.0083669	0	1	0	8	1	5	50	3	1	1	5	4	5	7	4	4	10	5	5	2	15	2
2012	8	8	19	10	24.822362	120.97579				8			50															3
2012	8	9	5	49	24.796109	120.982103				8			50															3
2012	8	10	1	7	24.810943	120.962472	0	1	0	8	3	5	50	3	1	1	5	4	5	7	4	4	10	5	5	2	16	2
2012	8	11	13	17	24.8149673	120.9622925				8			50															3
2012	8	15	22	48	24.8110878	120.9761747	0	1	0	8	3	5	50	14	9	1	5	4	5	7	4	4	5	4	5	2	17	2
2012	8	9	6	51	24.8054856	120.9771749	0	2	0	8	1	5	50	5	1	1	5	4	5	7	1	1	10	5	5	2	16	2
2012	8	9	12	12	24.813215	120.977412				8			50															3
2012	8	14	21	57	24.793721	120.974242				8			50															3
2012	8	13	8	16	24.81542605	120.9724146				8			50															3
2012	8	9	15	56	24.819264	120.995137				8			50															3
2012	8	16	6	55	24.8219504	120.9716382	0	1	0	8	1	5	50	4	1	1	5	4	5	7	1	1	9	5	5	2	16	2
2012	8	9	7	27	24.7902002	120.965189	0	1	0	8	1	5	40	14	9	1	5	4	5	7	4	4	5	5	5	1	16	2
2012	8	16	9	40	24.7832442	121.0177491	0	1	0	8	1	5	50	3	1	1	5	4	5	7	2	1	10	5	5	2	12	2
2012	8	16	9	52	24.8015	120.961137	0	1	0	8	1	5	50	14	9	1	5	4	5	7	4	4	5	5	5	1	27	2
2012	8	9	17	25	24.80532	120.963276	0	2	0	8	1	5	50	3	1	1	5	4	5	7	4	4	10	5	5	2	16	2
2012	8	15	16	0	24.8461108	120.9375003	0	1	0	8	1	5	50	3	1	1	5	4	5	7	1	1	10	5	5	2	16	2
2012	8	15	17	38	23.8548668	120.983603				8			50															3
2012	8	16	15	15	24.824575	120.966105	0	1	0	8	1	5	50	3	18	1	5	4	5	7	4	4	10	5	5	2	8	2
2012	8	9	13	48	24.80506595	120.9443094				8			50															3
2012	8	9	18	25	24.842419	120.933528	0	1	0	8	3	5	50	14	9	1	5	4	5	7	4	4	9	5	4	2	17	2
2012	8	17	1	34	24.817935	120.977089																						3
2012	8	6	14	25	24.79834225	120.9906022	0	1	0	8	1	5	50	3	1	1	5	4	5	7	3	1	10	5	5	2	16	2
2012	8	16	18	50	24.7929205	121.0125589				8			50															3
2012	8	17	9	30	24.8356092	120.9235789				8			90															3
2012	8	14	8	50	24.80468405	120.9819644				8			50															3
2012	8	14	10	30	24.81462735	120.9857367				8			50															3
2012	8	13	17	0	24.791778	120.938372				8			30															3
2012	8	14	16	53	24.813089	120.9758769				8			50															3
2012	8	17	8	6	24.7915906	121.0157262	0	0	0	8	1	5	50	14	9	1	5	4	5	7	4	4	10	4	5	1	13	3
2012	8	17	12	5	24.781077	121.025065	0	1	0	8	1	5	50	14	9	1	5	4	5	7	4	4	5	4	5	2	12	2
2012	8	17	12	25						8			50															3
2012	8	14	17	27			0	1	0	8	1	5	50	3	1	1	5	4	5	7	1	1	10	5	5	2	16	2
2012	8	17	1	33			0	1	0	7	3	5	50	4	1	1	4	4	5	7	1	1	10	5	5	2	3	2
2012	8	17	19	10			1	0	0	7	4	5	50	3	18	1	5	4	5	7	4	4	10	5	5	2	3	1
2012	8	16	19	8						6			50															3
2012	8	17	21	6			0	1	0	8	3	5	50	4	2	1	5	4	5	7	1	1	10	5	5	2	13	2
2012	8	15	17	20			0	0	0	8	1	5	40	13	9	1	5	4	5	7	4	4	10	5	5	2	15	3
2012	8	10	11	45			0	1	0	8	1	5	50	3	1	1	5	4	5	7	4	4	10	5	5	2	16	2
2012	8	15	16	10						8			50															3
2012	8	17	18	35						8			90															3
2012	8	17	20	40						8			50															3
2012	8	10	14	25			0	1	0	8	1	5	50	14	9	1	5	4	5	7	1	1	1	4	5	2	13	2
2012	8	11	6	35			0	2	0	8	1	5	50	14	9	1	5	4	5	7	4	4	5	4	4	2	13	2
2012	8	11	12	55			0	1	0	8	1	5	50	14	9	1	5	4	5	7	4	4	5	4	5	2	13	2
2012	8	6	18	40			0	1	0	8	3	5	40	9	9	1	5	4	5	7	4	4	10	5	5	2	11	2
2012	8	11	14	40	24.790798	121.0055625	0	1	0	8	1	5	50	5	1	1	5	4	5	7	2	1	10	5	5	2	15	2
2012	8	17	15	49	24.79832055	120.9730534	0	3	0	6	1	5	50	4	1	1	4	4	5	7	1	1	10	5	5	2	15	2
2012	8	15	19	50	24.8216837	120.9673839				8			50															3
2012	8	15	17	55	24.7952866	120.9490165				8			50															3
2012	8	16	0	20	24.799843	120.981257	0	1	0	8	3	5	50	14	9	1	5	4	5	7	4	4	5	4	5	2	3	2
2012	8	16	18	1	24.796262	120.950847	0	3	0	6	1	5	50	14	8	1	4	4	5	7	4	4	1	4	4	2	12	2
2012	8	15	14	12	24.7874802	121.0095148				8			50															3
2012	8	17	17	44	24.804174	120.95798	0	2	0	7	1	5	40	4	1	1	5	4	5	7	4	4	10	5	5	2	15	2
2012	8	17	19	46	24.803178	120.963827	0	1	0	7	3	5	50	14	9	1	5	4	5	7	4	4	9	5	5	2	12	2
2012	8	18	14	17	24.793799	121.00186				8			50															3
2012	8	18	11	37	24.794466	120.968514	0	2	0	8	1	5	40	11	9	1	4	4	5	7	4	4	10	5	5	1	2	2
2012	8	18	14	22	24.8009967	120.9870539				8			50															3
2012	8	17	21	30	24.795351	120.973602	0	2	0	7	3	5	50	3	1	1	5	4	5	7	4	4	10	5	5	2	16	2
2012	8	12	14	32	24.7846641	121.013784	0	1	0	8	1	5	50	14	9	1	5	4	5	7	4	4	5	4	5	2	16	2
2012	8	18	13	45	24.7662169	120.9623674	0	0	0	6	1	5	50	14	9	1	4	4	5	7	4	4	5	2	5	2	17	3
2012	8	15	8	14	24.7961838	120.959461				8			50															3
2012	8	14	18	6	24.794747	120.964901	0	1	0	8	2	5	50	14	9	1	5	4	5	7	4	4	5	5	5	2	12	2
2012	8	13	18	25	24.8152244	120.9571489				8			40															3
2012	8	6	12	29	24.840431	120.9373654				8			50															3
2012	8	10	10	4						8			50															3
2012	8	10	7	27						8			50															3
2012	8	18	19	20						8			50															3
2012	8	15	8	46			0	1	0	8	1	5	50	3	1	1	5	4	5	7	1	1	5	4	1	2	10	2
2012	8	18	21	20			0	2	0	6	3	5	50	14	9	1	4	4	5	7	4	4	5	5	5	2	2	2
2012	8	12	0	20						8			50															3
2012	8	18	23	55						8			50															3
2012	8	6	14	21						8			50															3
2012	8	19	1	15						8			50															3
2012	8	7	13	58						8			50															3
2012	8	7	16	14			0	1	0	8	1	5	50	4	1	1	5	4	5	7	2	1	10	5	5	2	15	2
2012	8	12	18	50						8			50															3
2012	8	12	19	49						8			50															3
2012	8	12	21	27						8			50															3
2012	8	16	13	35			0	1	0	8	1	5	50	4	2	1	5	4	5	7	2	1	1	4	4	2	16	2
2012	8	18	8	31						8			40															3
2012	8	14	19	12			0	1	0	8	3	5	50	14	12	1	5	4	5	7	4	4	1	4	4	2	16	2
2012	8	13	23	16						8			50															3
2012	8	18	9	10			0	4	0	8	1	5	50	4	1	1	5	4	5	7	1	1	10	5	5	2	13	2
2012	8	19	8	40			0	2	0	8	1	5	50	14	9	1	5	4	5	7	4	4	4	5	5	1	12	2
2012	8	19	7	21						8			70															3
2012	8	19	11	55						8			50															3
2012	8	19	15	20						8			50															3
2012	8	18	18	0			0	1	0	6	1	5	40	3	1	1	4	4	5	7	4	4	10	5	5	2	16	2
2012	8	12	16	29						8			50															3
2012	8	18	14	10			0	1	0	8	1	5	50	4	1	1	5	4	5	7	4	4	10	5	5	2	16	2
2012	8	16	18	47						8			80															3
2012	8	19	12	19			0	1	0	8	1	5	50	4	1	1	5	4	5	7	1	1	10	5	5	2	16	2
2012	8	14	23	28						8			40															3
2012	8	19	13	29	24.8000661	120.966183	0	1	0	8	1	5	50	14	9	1	5	4	5	7	4	4	5	4	5	1	12	2
2012	8	19	16	44	24.8003931	120.958534				8			50															3
2012	8	19	19	0	24.7779551	120.984617	0	1	0	8	3	5	50	4	1	1	5	4	5	7	3	1	10	5	5	2	13	2
2012	8	8	16	14	24.7922081	121.003329				8			50															3
2012	8	13	18	15	24.7910677	121.0049133				8			50															3
2012	8	19	18	3	24.7874802	121.0095148	0	1	0	8	1	5	50	3	1	1	5	4	5	7	4	4	1	5	4	2	16	2
2012	8	20	6	0	24.7922354	120.9323808				8			50															3
2012	8	19	16	30	24.8119191	120.95474				8			50															3
2012	8	19	11	0	24.797107	120.996783				8			50															3
2012	8	9	9	31	24.923201	121.059238				8			40															3
2012	8	14	18	48	24.79311235	121.0115108				8			50															3
2012	8	17	17	23	24.79834225	120.9906022				8			50															3
2012	8	17	18	22	24.7988601	120.999742				8			40															3
2012	8	20	1	12	24.801872	120.9689311	0	1	0	8	3	5	50	14	9	1	5	4	5	7	4	4	5	4	5	2	17	2
2012	8	17	17	10	24.742297	120.90578				8			50															3
2012	8	20	9	40	24.793877	120.972681	0	1	0	8	1	5	50	14	9	1	5	4	5	7	4	4	5	5	5	1	12	2
2012	8	20	11	30	24.842397	120.933571				8			50															3
2012	8	20	10	58			0	1	0	8	1	5	50	11	9	1	5	4	5	7	4	4	9	5	5	2	11	2
2012	8	14	18	30						8			50															3
2012	8	12	20	20						8			50															3
2012	8	20	17	50			0	1	0	8	2	5	50	4	1	1	5	4	5	7	2	1	10	5	5	2	15	2
2012	8	20	19	16			0	2	0	8	3	5	50	3	1	1	5	4	5	7	1	1	10	5	5	2	16	2
2012	8	20	21	27						8			50															3
2012	8	15	19	50						8			50															3
2012	8	14	15	30			0	1	0	8	1	5	40	11	9	1	5	4	5	7	4	4	10	5	5	1	11	2
2012	8	14	18	3						8			50															3
2012	8	16	8	15						8			50															3
2012	8	15	13	25						8			50															3
2012	8	7	19	45						8			40															3
2012	8	14	19	13						8			50															3
2012	8	16	9	25			0	1	0	8	1	5	50	3	1	1	5	4	5	7	4	4	10	5	5	2	13	2
2012	8	15	7	12			0	2	0	8	1	5	50	4	1	1	5	4	5	7	3	1	10	5	5	2	15	2
2012	8	15	10	19						8			20															3
2012	8	15	11	20			0	1	0	8	1	5	50	8	9	1	5	4	5	7	4	4	1	4	5	2	20	2
2012	8	15	12	59			0	2	0	8	1	5	40	14	8	1	5	4	5	7	4	4	1	4	1	2	18	2
2012	8	7	18	10			0	2	0	8	1	5	50	4	1	1	5	4	5	7	4	4	10	5	5	2	15	2
2012	8	16	17	34	24.7788002	121.0189417	0	1	0	6	2	5	50	14	9	1	4	4	5	7	4	4	1	4	5	1	12	2
2012	8	18	21	41	24.80911135	120.9742641				6			50															3
2012	8	18	20	25	24.7941237	120.9767422				6			50															3
2012	8	13	20	10	24.79820075	120.9364627				8			50															3
2012	8	20	8	58	24.8057471	120.967517				8			50															3
2012	8	20	15	10	24.7874802	121.0095148				8			50															3
2012	8	21	6	40	39.03076985	106.3538138				8			50															3
2012	8	21	7	50	24.796652	120.970667	0	2	0	8	1	5	50	14	9	1	5	4	5	7	4	4	5	4	5	2	11	2
2012	8	20	19	11	24.7544226	120.9559179	0	2	0	8	3	5	70	4	1	1	5	4	5	7	1	1	10	5	5	2	16	2
2012	8	20	21	13	24.8140913	120.9792264				8			50															3
2012	8	14	18	47	24.817308	120.977187	0	1	0	8	3	5	50	14	9	1	5	4	5	7	4	4	9	5	5	1	6	2
2012	8	21	7	53	24.813294	120.963326	0	3	0	8	1	5	50	14	9	1	5	4	5	7	4	4	5	4	5	1	3	2
2012	8	20	14	20	24.8047718	120.9556443	0	1	0	8	1	5	50	4	1	1	5	4	5	7	1	1	10	5	5	2	16	2
2012	8	21	11	52	24.81715365	120.9777406				8			50															3
2012	8	14	19	50	24.7949896	121.009835	0	1	0	8	4	5	50	14	9	1	5	4	5	7	4	4	1	4	5	2	3	2
2012	8	21	12	40	24.7960145	120.9671324				8			50															3
2012	8	20	15	57	24.8042903	120.9752282				8			50															3
2012	8	21	9	50	24.8083289	120.9338695				8			50															3
2012	8	21	14	0	24.799515	120.991103				8			50															3
2012	8	16	11	0	24.798266	120.92409	0	1	0	8	1	5	40	14	9	1	5	4	5	7	4	4	10	5	5	2	3	2
2012	8	3	12	30	24.7965397	120.9667442	0	2	0	8	1	5	50	3	1	1	5	4	5	7	4	4	10	5	5	2	16	2
2012	8	21	19	55	24.7935484	120.9340072	0	2	0	8	3	5	50	14	9	1	5	4	5	7	4	4	4	5	5	1	18	2
2012	8	6	17	55	24.79760605	121.0029783	0	1	0	8	1	5	50	14	8	1	5	4	5	7	4	4	1	5	1	2	18	2
2012	8	7	18	50	24.8042903	120.9752282				8			50															3
2012	8	7	21	0	24.8096731	120.959004				8			50															3
2012	8	21	22	0	24.793965	120.972682				8			30															3
2012	8	9	18	32	24.792418	121.002798				8			50															3
2012	8	16	13	50	24.7887326	120.9300059	0	1	0	8	1	5	50	3	1	1	5	4	5	7	1	1	10	5	5	2	12	2
2012	8	18	8	30	24.8164941	120.9706882	0	1	0	8	1	5	50	4	1	1	5	4	5	7	1	1	10	5	5	2	12	2
2012	8	9	17	55	24.80454395	120.983633				8			50															3
2012	8	21	7	34	24.77573615	121.0252316				8			40															3
2012	8	19	9	20	24.7978771	120.943149				8			50															3
2012	8	16	7	19	24.79677145	120.9607007	0	1	0	8	1	5	50	14	9	1	5	4	5	7	4	4	9	4	5	1	16	2
2012	8	19	15	30	24.811085	120.954559				8			50															3
2012	8	13	18	0	24.79775865	120.9772037				8			50															3
2012	8	21	13	0	24.8074332	120.9805725				8			50															3
2012	8	17	7	37	24.8145218	120.9769905				8			50															3
2012	8	20	11	54	24.80359585	120.9552218																						3
2012	8	19	20	0	24.81488335	120.9394568	0	1	0	8	4	7	80	14	13	1	5	4	5	7	4	4	1	4	5	1	13	2
2012	8	19	13	9	24.797681	120.998158				8			50															3
2012	8	19	9	59	24.81320985	120.9754233				8			50															3
2012	8	20	10	20	24.8303849	120.9285888				8			40															3
2012	8	22	8	26	24.774262	120.945124				8			50															3
2012	8	22	8	50	24.8363155	120.9398668	0	1	0	8	1	5	50	3	2	1	5	4	5	7	2	1	10	5	5	2	12	2
2012	8	22	9	19	24.793351	120.943916				8			50															3
2012	8	22	11	35	39.03076985	106.3538138				8			50															3
2012	8	22	13	51	24.803818	120.969072				8			50															3
2012	8	20	19	30	24.8442489	120.9305348	0	1	0	8	3	5	50	3	1	1	5	4	5	7	3	1	10	5	5	2	16	2
2012	8	22	19	35	24.7333439	121.0273382	0	1	0	6	3	5	50	14	9	1	4	4	5	7	4	4	1	4	5	2	13	2
2012	8	22	17	41	24.76843	120.9143501	0	1	0	8	1	5	40	14	9	1	5	4	5	7	4	4	10	5	5	2	10	2
2012	8	20	17	55	24.8011347	120.9870763				8			50															3
2012	8	21	16	23	24.810038	120.977401				8			50															3
2012	8	21	19	25						8			50															3
2012	8	21	23	38						8			50															3
2012	8	23	8	35						6			50															3
2012	8	22	18	3						8			90															3
2012	8	22	17	10	24.79134385	120.9394656	0	1	0	8	1	5	50	14	7	1	5	4	5	7	4	4	1	4	4	2	24	2
2012	8	9	10	49	24.809001	120.971083	0	1	0	8	1	5	50	3	9	1	5	4	5	7	4	4	1	5	1	2	12	2
2012	8	23	0	10	24.8145939	120.97652				6			50															3
2012	8	23	9	10	24.76580075	120.9649635	0	1	0	6	1	5	50	11	9	1	4	4	5	7	4	4	9	4	5	2	17	2
2012	8	11	21	30	24.80346815	120.9739119	0	2	0	8	3	5	50	14	22	1	5	4	5	7	4	4	5	4	5	2	12	2
2012	8	23	12	43	24.754482	120.954223	0	1	0	8	1	8	10	15	22	2	2	4	5	7	4	4	10	5	5	2	29	2
2012	8	23	14	17	24.79707155	120.9421264	0	1	0	8	1	5	50	14	9	1	5	4	5	7	4	4	5	5	5	1	17	2
2012	8	23	9	6	24.744919	120.9053152	0	1	0	6	1	5	50	3	1	1	4	4	5	7	4	4	10	5	5	2	11	2
2012	8	23	17	20	24.7932831	121.001211				8			50															3
2012	8	23	19	45	24.7969389	120.9650013	0	2	0	7	3	5	50	14	9	1	5	4	5	7	4	4	10	5	5	2	16	2
2012	8	23	20	49						8			20															3
2012	8	22	14	11						8			50															3
2012	8	22	16	50			0	2	0	7	1	5	50	11	9	1	4	4	5	7	4	4	5	5	5	2	16	2
2012	8	24	1	8	24.81488335	120.9394568	0	1	0	8	3	5	50	4	1	1	5	4	5	7	4	4	10	5	5	2	16	2
2012	8	12	16	0	24.8150807	120.9622159				8			50															3
2012	8	12	20	30	24.796859	120.9761				8			50															3
2012	8	24	7	42	24.7927581	121.0074293				8			50															3
2012	8	24	11	50	24.7431961	120.912698				8			40															3
2012	8	24	16	30	24.818964	120.925308				8			50															3
2012	8	23	11	0	24.80876	120.982538				8			50															3
2012	8	24	17	39	24.8198055	120.961431				8			50															3
2012	8	24	15	20	24.8042116	120.9705392	0	1	0	8	1	5	50	16	9	1	5	4	5	7	4	4	8	3	5	2	16	2
2012	8	20	10	20	24.7937116	120.9456828				8			50															3
2012	8	23	18	0	24.790106	121.01919				8			50															3
2012	8	23	8	0	24.7702698	120.9734533				8			50															3
2012	8	24	21	35	24.79443705	120.9718793				8			50															3
2012	8	23	9	0	24.79941	120.964422				6			50															3
2012	8	23	10	15	24.788932	121.007146				8			50															3
2012	8	4	15	35	24.8326076	120.9751008				8			50															3
2012	8	3	10	19	24.7910677	121.0049133	0	1	0	8	1	5	50	4	2	1	5	4	5	7	2	1	10	5	5	2	16	2
2012	8	23	12	0	24.8036451	120.979312				8			50															3
2012	8	23	12	36	24.7953981	120.95987				8			50															3
2012	8	5	10	6	24.877496	121.054991	0	2	0	8	1	5	50	3	2	5	5	4	5	7	4	4	10	5	5	2	13	2
2012	8	23	17	21	24.7921201	121.003225				8			50															3
2012	8	24	20	15	24.7565828	121.0734224				8			50															3
2012	8	24	21	30	24.7849873	121.0080187				8			30															3
2012	8	25	0	38	24.8033078	120.9892595				8			50															3
2012	8	25	7	35	24.8420001	120.9291429	0	3	0	8	1	5	50	4	1	1	5	4	5	7	3	1	10	5	5	2	16	2
2012	8	21	14	55	24.7729067	120.9770276				8			50															3
2012	8	22	20	20	24.81123495	120.9564743				8			50															3
2012	8	13	19	35	24.79462	120.964337	0	1	0	8	3	5	50	14	9	1	5	4	5	7	4	4	5	5	5	1	17	2
2012	8	23	11	35	24.79434355	120.9698818				8			50															3
2012	8	25	9	51	24.796282	120.971	0	2	0	8	1	5	50	4	2	1	5	4	5	7	3	1	5	4	5	1	10	2
2012	8	25	15	52	24.78903605	120.9304323	0	1	0	7	1	5	50	14	8	1	5	4	5	7	4	4	1	4	4	2	17	2