年	月	日	時	分	GoogleLat	GoogleLng	死	受傷	2-30	天候	光線	道路類別	速限	道路型態	事故位置	路面鋪裝	路面狀態	路面缺陷	障礙物	視距	號誌種類	號誌動作	分向設施	快車道或一般車道間	快慢車道間	路面邊線	事故類型及型態	事故類別
2012	8	24	22	25	24.8055397	120.9770756	0	2	0	7	1	5	50	4	1	1	5	4	5	7	1	1	1	4	5	2	16	2
2012	8	1	7	40	24.7978951	120.944258				6			50															3
2012	8	5	15	36	24.8137323	120.9674304	0	1	0	8	1	5	50	4	1	1	5	4	5	7	2	1	10	5	5	2	16	2
2012	8	25	19	43	24.7818901	121.022187	0	1	0	7	3	5	50	14	9	1	5	4	5	7	4	4	5	4	5	2	16	2
2012	8	12	19	2	24.8290492	120.9216121	0	1	0	6	3	5	40	11	9	1	4	4	5	1	4	4	10	5	5	2	11	2
2012	8	21	14	50	24.792025	120.9756149				8			50															3
2012	8	20	10	34						8			50															3
2012	8	21	7	45			0	3	0	8	1	5	50	4	1	1	5	4	5	7	4	4	10	5	5	2	15	2
2012	8	20	7	40						8			50															3
2012	8	26	2	30						8			50															3
2012	8	26	6	10						8			50															3
2012	8	23	13	21						8			50															3
2012	8	25	16	40			0	2	0	8	1	5	50	14	9	1	5	4	5	7	4	4	5	4	5	2	12	2
2012	8	13	9	40			0	1	0	8	1	5	50	4	1	1	5	4	5	7	1	1	10	5	5	2	16	2
2012	8	26	11	29						8			50															3
2012	8	26	11	35			0	1	0	8	1	5	50	3	1	1	5	4	5	7	2	1	10	5	5	2	16	2
2012	8	13	11	30			0	2	0	8	1	5	50	4	1	1	5	4	5	7	1	1	10	5	5	2	15	2
2012	8	26	13	30						6			50															3
2012	8	26	17	9	24.7873656	121.0096554				8			50															3
2012	8	26	17	40	24.83324075	120.9468056				8			50															3
2012	8	16	12	24	24.79433965	121.0070411	0	0	0	8	1	5	40	13	9	1	5	4	5	7	4	4	10	5	5	2	12	3
2012	8	24	18	27	24.8147556	120.9781383				8			50															3
2012	8	24	17	10	24.80385	120.971569				8			50															3
2012	8	21	12	4	24.797651	120.961867				8			50															3
2012	8	21	11	33	24.8219504	120.9716382	0	1	0	8	1	5	50	4	1	1	5	4	5	7	4	4	10	5	5	2	16	2
2012	8	26	19	1	24.805355	120.960843	0	3	0	8	3	5	50	3	1	1	5	4	5	7	4	4	10	4	5	2	16	2
2012	8	22	7	49	24.81462735	120.9857367				8			50															3
2012	8	24	10	0	24.784219	121.016835				8			50															3
2012	8	24	11	40			0	1	0	8	1	5	50	14	9	1	5	4	5	7	4	4	5	5	5	1	13	2
2012	8	25	11	40						8			50															3
2012	8	25	16	0						8			50															3
2012	8	25	6	58						8			50															3
2012	8	11	13	24						8			50															3
2012	8	11	17	17						8			50															3
2012	8	14	10	45			0	2	0	8	1	5	50	12	9	1	5	4	5	7	4	4	10	5	5	2	11	2
2012	8	19	19	27			0	1	0	8	3	5	50	3	1	1	5	4	5	7	4	4	10	5	5	2	16	2
2012	8	23	13	15						8			50															3
2012	8	27	6	55						8			50															3
2012	8	27	8	57						8			50															3
2012	8	27	14	30						8			50															3
2012	8	27	11	57						8			50															3
2012	8	11	15	36	24.79630215	121.033326				8			80															3
2012	8	26	18	0	24.878652	121.0602196	0	2	0	8	1	5	50	14	9	1	5	4	5	7	4	4	9	5	5	1	12	2
2012	8	10	7	35	24.802948	120.978002				8			50															3
2012	8	27	16	10	24.8147874	120.9808653				8			50															3
2012	8	10	9	25	24.7815604	121.0225342	0	4	0	8	1	5	50	4	1	1	5	4	5	7	3	1	10	5	5	2	12	2
2012	8	27	17	50	24.8139211	120.962654				8			50															3
2012	8	27	19	50	24.34623015	120.6264257	0	2	0	8	3	5	50	4	1	1	5	4	5	7	3	3	10	5	5	2	15	2
2012	8	27	19	45	24.7427097	120.9082379	0	2	0	7	4	5	50	14	8	1	5	4	5	7	4	4	9	4	4	2	13	2
2012	8	21	7	20	24.7924614	121.0067013				8			50															3
2012	8	24	9	26	24.81488335	120.9394568	0	1	0	8	1	5	50	14	11	1	5	4	5	7	4	4	3	4	3	2	20	2
2012	8	7	18	20	24.7913022	120.9389879	0	1	0	8	2	5	50	4	1	1	5	4	5	7	1	1	10	5	5	2	17	2
2012	8	24	16	28	24.8046673	120.9661692				8			50															3
2012	8	7	22	55	24.765026	120.979348				8			40															3
2012	8	24	11	47	24.7779621	121.0256	0	1	0	8	1	5	50	3	2	1	5	4	5	7	4	4	10	5	5	2	16	2
2012	8	18	7	25	24.81798725	120.9843905	0	1	0	8	1	5	50	14	9	1	5	4	5	7	4	4	5	4	4	2	17	2
2012	8	18	9	30	24.7842919	121.0181496				8			40															3
2012	8	18	11	50	24.7772121	121.020211				8			40															3
2012	8	21	9	58	24.989459	121.422164	0	1	0	8	1	5	50	5	1	1	5	4	5	7	1	1	10	5	5	2	17	2
2012	8	22	8	30	24.8014764	120.9851297				8			50															3
2012	8	23	1	7	24.799174	120.964231				6			50															3
2012	8	22	11	50	24.8062271	120.921014				8			40															3
2012	8	22	14	30	24.7666382	120.9141826				8			50															3
2012	8	24	8	15	24.81488335	120.9394568				8			70															3
2012	8	22	9	50	24.814776	120.962118				8			50															3
2012	8	25	12	45	24.804426	120.966383				8			50															3
2012	8	27	21	10	24.8636969	121.023421				8			50															3
2012	8	6	20	15	24.8147874	120.9808653				6			50															3
2012	8	24	22	43	24.7991919	120.953374				8			50															3
2012	8	5	16	42	24.7882139	120.9286821	0	3	0	8	1	5	50	3	2	1	5	4	5	7	4	4	1	4	5	2	12	2
2012	8	27	11	10	24.7924614	121.0067013				8			50															3
2012	8	19	14	37	24.842793	120.933604				8			50															3
2012	8	28	14	45	24.79735865	120.9571228	0	1	0	7	1	5	50	14	9	1	5	4	5	7	4	4	9	5	5	1	17	2
2012	8	28	14	11	24.81532425	120.9651345	0	2	0	8	1	5	50	3	1	1	5	4	5	7	1	1	10	5	5	2	13	2
2012	8	7	7	0	24.805009	120.942433	0	1	0	7	1	5	40	3	1	1	5	4	5	7	4	4	9	5	5	2	11	2
2012	8	28	9	19	24.79834225	120.9906022				8			50															3
2012	8	23	14	45	24.813985	120.976918				8			50															3
2012	8	28	15	30	24.784092	121.014731				8			50															3
2012	8	28	18	50	24.795696	120.949242				8			50															3
2012	8	28	23	15	24.7932934	120.9356498	0	1	0	8	3	5	50	3	1	1	5	4	5	7	4	4	10	5	5	2	16	2
2012	8	13	11	53	24.84574635	121.2236621	0	1	0	8	1	5	50	3	1	1	5	4	5	7	1	1	10	5	5	2	16	2
2012	8	13	10	30	24.7932831	121.001211	0	2	0	8	1	5	50	3	1	1	5	4	5	7	2	1	10	5	5	2	15	2
2012	8	13	13	0	24.7932831	121.001211				8			50															3
2012	8	29	14	40	24.813405	120.952715				8			40															3
2012	8	16	17	29	24.7895617	120.9566158	0	1	0	6	1	5	40	11	9	1	4	4	5	1	4	4	5	5	5	1	18	2
2012	8	29	14	50	24.7818596	121.0211214				8			50															3
2012	8	29	14	43	24.808311	120.980994																						3
2012	8	29	16	22	24.8034591	120.9550289	1	1	0	8	1	5	50	3	18	1	5	4	5	7	2	1	10	5	5	2	3	1
2012	8	19	16	30	29.857088	121.5551922				8			40															3
2012	8	28	7	45	24.8226262	120.9764493				8			50															3
2012	8	28	9	25	24.80896535	120.9825236	0	0	0	8	1	5	50	3	1	1	5	4	5	7	3	1	10	5	5	2	12	3
2012	8	28	18	54	24.81612005	120.9753195	0	2	0	8	3	5	50	14	8	1	5	4	5	7	4	4	10	5	5	2	3	2
2012	8	29	18	55	24.79854295	120.9495652				8			50															3
2012	8	29	16	23	24.789805	120.927889	0	3	0	8	1	5	50	14	9	1	5	4	5	7	4	4	5	5	5	2	16	2
2012	8	28	11	15	24.80086225	120.9876669				8			50															3
2012	8	29	18	14	24.8193477	120.9955776	0	1	0	8	1	5	50	3	1	1	5	4	5	7	4	4	10	5	5	2	11	2
2012	8	29	3	22	24.820427	120.976926				8			50															3
2012	8	29	20	37	24.8173271	120.9640372	0	0	0	8	3	5	50	14	9	1	5	4	5	7	4	4	9	4	5	2	13	3
2012	8	28	17	0	24.795188	120.999087				8			50															3
2012	8	29	19	25	24.8128035	120.9853889				8			50															3
2012	8	29	23	12	24.797912	120.998072				8			50															3
2012	8	29	19	53	24.8209951	120.974671	0	1	0	8	3	5	50	14	9	1	5	4	5	7	4	4	8	5	5	2	16	2
2012	8	30	3	17	24.84574635	121.2236621	0	2	0	8	3	5	50	3	1	1	5	4	5	7	1	1	10	5	5	2	16	2
2012	8	30	7	38	24.8185241	120.9630951				8			50															3
2012	8	25	5	10	24.7988761	120.9712829	0	1	0	8	2	5	50	14	9	1	5	4	5	7	4	4	9	4	5	1	2	2
2012	8	26	1	14	24.8178793	120.9706768				8			50															3
2012	8	29	13	39	24.799689	120.9515893				8			50															3
2012	8	29	10	27	24.8076931	120.957547				8			50															3
2012	8	18	19	34	24.8046971	120.96712				8			50															3
2012	8	28	18	6	24.80357935	120.9961211				8			50															3
2012	8	28	15	27	24.8033933	120.9790255				8			50															3
2012	8	20	18	30	24.804568	120.972476				8			50															3
2012	8	30	12	43	24.783356	121.017211	0	2	0	8	1	5	50	14	9	1	5	4	5	7	4	4	5	4	5	2	13	2
2012	8	30	16	32	24.8086011	120.96648				8			50															3
2012	8	30	16	4	24.7585468	120.9585146				8			50															3
2012	8	26	12	0	24.8041558	120.9811077				6			50															3
2012	8	30	17	50	24.7966834	120.9453212				8			50															3
2012	8	30	18	32	24.7805649	120.9678135				8			40															3
2012	8	26	9	49	24.7924614	121.0067013				8			50															3
2012	8	10	19	10	24.8198055	120.961431				8			50															3
2012	8	30	18	40	24.8107261	120.981051				8			40															3
2012	8	30	20	40	24.817663	120.988925				8			50															3
2012	8	1	8	23	24.7763004	120.9668355				6			50															3
2012	8	17	16	0	24.795813	120.949505	0	1	0	7	1	5	50	14	9	1	5	4	5	7	4	4	1	4	4	2	17	2
2012	8	9	20	37	24.813859	120.96334				8			50															3
2012	8	17	18	11	24.817656	120.995352	0	1	0	8	1	5	50	14	9	1	5	4	5	7	4	4	1	4	5	1	16	2
2012	8	30	22	10	24.8034591	120.9550289	0	0	0	8	3	5	50	3	9	1	5	4	5	7	1	1	1	4	5	2	13	3
2012	8	10	18	33	24.8204651	120.9668021				8			50															3
2012	8	24	6	4	24.797943	120.964788	0	0	0	8	1	5	50	14	9	1	5	4	5	7	4	4	5	5	5	1	13	3
2012	8	12	16	42	24.8118031	120.960568																						3
2012	8	22	11	45	24.81096755	120.9628448				8			50															3
2012	8	18	13	33	24.7964959	120.9448446	0	0	0	8	1	5	50	14	9	1	5	4	5	7	4	4	7	4	5	1	12	3
2012	8	23	20	0	24.8044523	120.9702289	0	2	0	8	3	5	50	16	9	1	5	4	5	7	4	4	10	4	5	2	16	2
2012	8	21	12	11	24.7974169	120.9979322				8			50															3
2012	8	27	7	50	24.819359	120.9825494				8			50															3
2012	8	31	8	3	24.7847758	121.0137615				8			50															3
2012	8	31	9	45	24.811415	120.9635475	0	3	0	8	1	5	50	4	1	1	5	4	5	7	1	1	1	4	4	2	16	2
2012	8	21	17	26	24.7815838	121.0170363	0	1	0	8	1	5	50	5	2	1	5	4	5	7	2	1	10	5	5	2	16	2
2012	8	1	12	20	24.8078863	120.9580757				6			50															3
2012	8	30	6	30	24.77666175	120.9194035				8			40															3
2012	8	30	10	0	24.821905	120.927256	0	0	0	8	1	5	50	3	2	1	5	4	5	7	3	1	5	4	5	2	16	3
2012	8	31	11	6	24.7662169	120.9623674	0	1	0	8	1	5	50	14	9	1	5	4	5	7	4	4	5	5	5	1	16	2
2012	8	30	17	45	24.84574635	121.2236621				8			50															3
2012	8	31	12	0	24.7929205	121.0125589				8			50															3
2012	8	18	20	42	24.8117968	120.9818542	0	2	0	6	4	5	50	14	9	1	4	4	5	7	4	4	5	4	5	1	17	2
2012	8	22	8	35	24.788634	121.002887				8			50															3
2012	8	31	14	15	24.7677206	120.9158014	0	3	0	8	1	5	50	4	1	1	5	4	5	7	1	1	10	5	5	2	16	2
2012	8	17	3	5	24.8142127	120.9742827				8			50															3
2012	8	18	16	0	24.806324	120.9641509				8			40															3
2012	8	17	21	10	24.82089825	120.9681559	0	1	0	8	3	5	50	14	9	1	5	4	5	7	1	1	10	5	5	2	12	2
2012	8	18	18	53	24.8092501	120.982469	0	1	0	8	4	5	40	13	9	1	5	4	5	7	4	4	10	5	5	2	9	2
2012	8	31	18	40	24.799055	120.973359				8			50															3
2012	8	16	19	37	24.8055074	120.9425802	0	1	0	8	3	5	50	15	9	1	5	4	5	7	4	4	10	5	5	2	12	2
2012	8	26	0	45	24.822319	120.9799914				8			90															3
2012	8	19	9	45	24.7739893	120.966503	0	1	0	8	1	5	50	14	9	1	5	4	5	7	4	4	10	5	5	2	17	2
2012	8	18	22	50	24.8032591	120.9634707				8			50															3
2012	8	19	15	32	31.3512963	120.9811634				8			50															3
2012	8	20	13	12	24.80700685	120.9319304				8			50															3
2012	8	19	17	41	24.842128	120.936067				8			50															3
2012	8	26	14	56	24.8149421	120.973909	0	1	0	8	1	5	50	14	9	1	4	4	5	7	4	4	5	5	5	1	17	2
2012	8	20	0	10	24.797438	120.998219	0	2	0	8	3	5	50	14	9	1	5	4	5	7	4	4	9	5	5	2	3	2
2012	8	22	17	0	24.81135465	120.9705305	0	2	0	8	1	5	50	3	1	1	5	4	5	7	4	4	10	5	5	2	16	2
2012	8	25	21	8	24.7932831	121.001211				8			50															3
2012	8	14	13	5	24.792025	120.9756149				8			50															3
2012	8	20	13	55	24.7887326	120.9300059				8			50															3
2012	8	16	12	7	24.7996566	120.9914693				8			50															3
2012	8	23	10	42	24.8040778	120.9698587				8			50															3
2012	8	23	12	30	24.8061677	120.9623803	0	1	0	8	1	5	50	3	1	1	5	4	5	7	4	4	10	5	5	2	16	2
2012	8	16	17	13	24.8194684	120.9725838				8			50															3
2012	8	17	18	48	24.8056081	120.948826				8			50															3
2012	8	29	8	58	24.804399	120.956522				8			50															3
2012	8	29	14	30	24.808662	120.97124				8			50															3
2012	8	29	12	51	24.8019741	121.0001719				8			50															3
2012	8	28	12	30	24.791461	120.926126				8			50															3
2012	8	24	9	0	24.8227531	120.958669	0	1	0	8	1	5	50	14	9	1	5	4	5	7	4	4	9	5	5	1	16	2
2012	8	31	17	4	24.8143558	120.989793	0	1	0	8	1	5	50	4	1	1	5	4	5	7	1	1	10	5	5	2	16	2
2012	8	24	10	0	24.8063911	120.9784284				8			40															3
2012	8	23	14	16						8			50															3
2012	8	26	16	48						8			50															3
2012	8	24	15	48	24.7931748	121.0018983	0	1	0	8	1	5	50	14	9	1	5	4	5	7	4	4	1	4	5	2	12	2
2012	8	30	6	43	24.793659	120.969711				8			50															3
2012	8	30	7	49	24.8084791	120.970581	0	0	0	8	1	5	50	14	9	1	5	4	5	7	4	4	10	5	5	2	13	3
2012	8	24	12	58	24.8127316	120.9751864	0	1	0	8	1	5	50	14	9	1	5	4	5	7	4	4	5	4	4	2	16	2
2012	8	17	20	36	24.8229475	120.9707327	0	1	0	8	3	5	50	4	1	1	5	4	5	7	4	4	10	5	5	2	15	2
2012	8	24	15	56	24.81520395	120.9643524	0	1	0	8	1	5	50	3	1	1	5	4	5	7	4	4	10	5	5	2	12	2
2012	8	29	18	10	24.8014941	120.927634				8			40															3
2012	8	29	19	10	24.7964808	120.9524293	0	1	0	8	3	5	50	14	9	1	5	4	5	7	4	4	3	4	5	2	16	2
2012	8	25	11	30	24.808468	120.964675	0	0	0	8	1	5	40	14	9	1	5	4	5	7	4	4	10	5	5	2	14	3
2012	8	24	17	17	24.79509185	120.9708905				8			50															3
2012	8	28	16	12	24.7882139	120.9286821	0	1	0	8	1	5	50	3	2	1	5	4	5	7	4	4	1	4	5	1	12	2
2012	8	24	18	25	24.798446	120.9730969				8			50															3
2012	8	21	16	28	24.8193477	120.9955776	0	2	0	8	1	5	50	3	1	1	5	4	5	7	4	4	10	5	5	2	15	2
2012	8	24	8	10	24.8014764	120.9851297				8			50															3
2012	8	24	17	37	24.8256414	120.9566902	0	2	0	8	3	5	50	14	9	1	5	4	5	7	4	4	4	5	5	1	27	2
2012	8	13	18	20	24.79371895	120.9667093	0	2	0	8	2	5	40	4	2	1	5	4	5	7	1	1	10	5	5	2	16	2
2012	8	13	10	18	24.7585468	120.9585146				8			70															3
2012	8	10	13	2	24.7877641	121.0159048				8			50															3
2012	8	31	14	0	24.7616803	120.9426243				8			40															3
2012	8	26	15	39	24.7938508	120.9245939				8			50															3
2012	8	29	10	10	24.79382215	120.9370932	0	2	0	8	1	5	50	14	9	1	5	4	5	7	4	4	5	4	5	2	12	2
2012	8	29	16	36	24.8040923	120.9749115	0	1	0	8	1	5	50	5	1	1	5	4	5	7	1	1	10	5	5	1	16	2
2012	8	29	13	25	24.802686	120.982895	0	1	0	8	1	5	50	14	9	1	5	4	5	7	4	4	1	4	5	2	9	2
2012	8	14	17	57	24.7909875	121.0171366	0	1	0	8	1	5	50	14	9	1	5	4	5	7	4	4	10	4	5	1	13	2
2012	8	13	18	20	24.81488335	120.9394568				8																		3
2012	8	13	8	10	24.794392	120.972152				8			50															3
2012	8	13	12	25	24.79760605	121.0029783	0	1	0	8	1	5	40	3	1	1	5	4	5	7	4	4	1	5	1	2	16	2
2012	8	16	17	20	24.74265185	120.9081092	0	1	0	6	1	5	50	14	8	1	4	4	5	7	4	4	1	4	1	1	12	2
2012	8	17	9	0	24.7938784	120.9325555	0	2	0	8	1	5	50	5	1	1	5	4	5	7	3	1	10	5	5	2	15	2
2012	8	1	18	9	23.8333047	120.4693168				6			50															3
2012	8	2	21	35	24.7815141	120.9735952				6			50															3
2012	8	17	13	25	24.79381225	121.0120984	0	1	0	8	1	5	50	14	9	1	5	4	5	7	4	4	9	5	5	2	13	2
2012	8	20	7	30	24.8077511	120.963262	0	0	0	8	1	5	50	14	9	1	5	4	5	7	4	4	10	5	5	2	12	3
2012	8	8	9	38	24.8088365	120.9826966				8			50															3
2012	8	1	21	9	24.82314395	120.9687826	0	1	0	6	3	5	50	3	1	1	4	4	5	7	4	4	10	5	5	2	16	2
2012	8	10	19	37	23.907561	106.625776	0	1	0	8	3	5	50	4	2	1	5	4	5	7	2	1	10	5	5	2	16	2
2012	8	11	15	0	24.7896219	120.9327309				8			50															3
2012	8	12	14	50	31.3512963	120.9811634	0	1	0	8	1	5	50	3	2	1	5	4	5	7	2	1	1	4	1	2	27	2
2012	8	16	11	48	24.81488335	120.9394568	0	1	0	8	1	5	50	14	9	1	5	4	5	7	4	4	10	5	5	2	17	2
2012	8	25	12	58	24.7989421	120.971674				8			50															3
2012	8	15	20	7	24.803288	120.979134				8			50															3
2012	8	25	15	55	24.7924614	121.0067013	0	1	0	8	1	5	50	14	9	1	5	4	5	7	4	4	5	4	4	2	16	2
2012	8	19	9	0	24.8034591	120.9550289	0	1	0	8	1	5	50	3	1	1	5	4	5	7	1	1	10	5	5	2	13	2
2012	8	17	15	26	24.79311235	121.0115108				6			50															3
2012	8	17	18	25	24.7785951	121.019602				8			50															3
2012	8	18	8	42	24.781707	121.023248				8			50															3
2012	8	21	7	4	24.8001658	120.9613885				8			50															3
2012	8	21	8	10	24.8009751	120.9611858	0	1	0	8	1	5	50	14	9	1	5	4	5	7	4	4	9	4	5	2	18	2
2012	8	21	9	49	24.800756	120.959483				8			50															3
2012	8	26	11	25	24.7982486	120.9629774				8			50															3
2012	8	27	12	36	24.8443381	120.931002	0	1	0	8	1	5	50	14	9	1	5	4	5	7	4	4	9	5	5	1	3	2
2012	8	26	13	16	24.78314805	120.9903409	0	2	0	8	1	5	40	13	9	1	5	4	5	7	4	4	10	5	5	2	15	2
2012	8	21	11	35	24.8100441	120.96711				8			30															3
2012	8	22	20	32	24.8162416	120.9938825				6			50															3
2012	8	3	10	10	24.807877	120.964779				8			50															3
2012	8	22	22	48	24.7616803	120.9426243				6			50															3
2012	8	24	1	32	24.79509185	120.9708905				8			50															3
2012	8	24	15	13	24.7985241	120.976044	0	0	0	8	1	5	50	3	1	1	5	4	5	7	4	4	5	5	5	1	16	3
2012	8	3	21	57	24.78485485	120.9811	0	1	0	8	3	5	50	11	9	1	5	4	5	7	4	4	5	4	5	2	18	2
2012	8	26	16	48	24.8193477	120.9955776				8			50															3
2012	8	25	11	18	24.8034421	120.966227	0	1	0	8	1	5	50	14	9	1	5	4	5	7	4	4	9	5	5	2	12	2
2012	8	25	12	31	24.7832442	121.0177491	0	2	0	8	1	5	50	5	1	1	5	4	5	7	1	1	10	5	5	2	12	2
2012	8	26	8	46	24.77535785	120.9851769	0	1	0	8	1	5	50	3	1	1	5	4	5	7	4	4	10	5	5	2	13	2
2012	8	26	11	29						8			50															3
2012	8	30	14	0						8			50															3
2012	8	29	17	34	24.7874802	121.0095148				8			50															3
2012	8	30	6	34	24.7882139	120.9286821				8			50															3
2012	8	29	11	9	24.808433	120.970669				8			50															3
2012	8	30	7	47	24.768066	120.978853				8			40															3
2012	8	29	9	57	24.8132554	120.979903				8			50															3
2012	8	30	12	34	24.817883	120.970796				8			50															3
2012	8	31	19	24	24.806462	120.963035				8			50															3
2012	8	30	9	5	24.7953761	120.973977				8			50															3
2012	8	31	8	10						8			50															3
2012	8	22	19	0	24.7924614	121.0067013				6			50															3
2012	8	22	23	5	24.81204925	120.9816669				6			50															3
2012	8	23	17	30	24.797651	120.961867	0	2	0	8	1	5	50	14	9	1	5	4	5	7	4	4	5	4	5	2	12	2
2012	8	23	19	45	24.7956634	120.955819	0	2	0	8	1	5	50	11	9	1	5	4	5	7	4	4	5	2	5	2	12	2
2012	8	24	15	40	24.8093321	120.966237				8			50															3
2012	8	24	16	40	24.7998135	120.9909705	0	1	0	8	1	5	50	4	1	1	5	4	5	7	1	1	10	5	5	2	15	2
2012	8	25	7	17	24.78597345	120.9562297				8			50															3
2012	8	24	17	30	24.80698275	120.9707948	0	1	0	8	1	5	50	14	9	1	5	4	5	7	4	4	10	5	5	2	2	2
2012	8	6	10	10	24.8042903	120.9752282				8			0															3
2012	8	27	10	58						8			50															3
2012	8	29	10	57						8			50															3
2012	8	30	8	0						8			50															3
2012	8	30	12	30						8			40															3
2012	8	29	14	20			0	1	0	8	1	5	50	3	2	1	5	4	5	7	4	4	1	4	5	2	17	2
2012	8	30	9	4			0	1	0	8	1	5	50	4	2	1	5	4	5	7	1	1	10	5	5	2	13	2
2012	8	30	14	28			0	1	0	8	1	5	50	4	2	1	5	4	5	7	4	4	10	5	5	2	17	2
2012	8	26	10	55						8			50															3
2012	8	12	19	40						8			50															3
2012	8	29	12	0			0	1	0	8	1	5	50	3	2	1	5	4	5	7	1	1	10	5	5	2	16	2
2012	8	25	12	32						8			50															3
2012	8	25	10	13	24.816861	120.969759	0	0	0	8	1	5	50	15	9	1	5	4	5	7	4	4	10	4	5	2	13	3
2012	8	28	17	44	24.795239	120.956193	0	1	0	8	1	5	50	16	17	1	5	4	5	7	4	4	5	4	5	1	3	2
2012	8	18	10	55	24.803965	120.96798	0	1	0	8	1	5	50	14	9	1	5	4	5	7	4	4	5	5	5	2	8	2
2012	8	29	20	38	24.8060261	120.983681				8			50															3
2012	8	30	18	58	24.7966358	120.9728124				8			50															3
2012	8	25	15	30	24.802656	120.967483							50															3
2012	8	22	8	50	24.7993521	120.975968	0	1	0	8	1	5	50	14	9	1	5	4	5	7	4	4	1	4	5	2	12	2
2012	8	22	16	10	24.797776	120.976977	0	0	0	8	2	5	50	3	9	1	5	4	5	7	4	4	9	4	5	2	16	3
2012	8	13	14	17	24.7998332	120.9681025	0	1	0	8	1	5	50	3	1	1	5	4	5	7	4	4	10	5	5	2	16	2
2012	8	13	7	48	24.7977748	120.9240847	0	1	0	8	1	5	50	4	1	1	5	4	5	7	1	1	10	5	5	2	15	2
2012	8	12	0	10	24.8091112	120.9601481	0	0	0	8	3	5	50	4	1	1	5	4	5	7	1	1	10	5	5	2	16	3
2012	8	6	11	20	24.7982306	120.9654977				8			50															3
2012	8	31	21	45	24.80297	120.968676				8			50															3
2012	8	26	14	10	24.8103813	120.9647293				8			50															3
2012	8	21	16	30	24.79285365	120.949749				8			50															3
2012	8	26	12	10	24.815248	120.918027				8			50															3
2012	8	11	9	26	24.8121209	120.9715916				8			50															3
2012	8	20	22	19	24.804584	120.960671				8			50															3
2012	8	11	17	2	24.7874802	121.0095148	0	1	0	8	1	5	50	3	1	1	5	4	5	7	2	1	10	5	5	2	13	2
2012	8	15	8	20			0	2	0	8	1	5	50	3	1	1	5	4	5	7	2	1	10	5	5	2	16	2
2012	8	30	13	20			0	1	0	8	1	5	50	14	9	1	2	4	5	7	4	4	4	5	5	2	17	2
2012	8	14	16	40			0	1	0	8	1	5	50	4	1	1	5	4	5	7	2	1	10	5	5	2	16	2
2012	8	30	21	25						8			50															3
2012	8	12	15	50	24.8013374	120.9702389	0	1	0	8	1	5	50	14	9	1	5	4	5	7	4	4	5	5	5	1	16	2
2012	8	28	8	5	24.7998135	120.9909705				8			50															3
2012	8	27	16	30	24.794702	120.99972	0	2	0	8	1	5	50	14	9	1	5	4	5	7	4	4	1	4	5	1	12	2
2012	8	31	14	26	24.8052939	120.9866897	0	1	0	8	1	5	50	14	9	1	5	4	5	7	4	4	5	4	5	2	12	2
2012	8	26	16	28	24.7759486	121.0243116				8			50															3
2012	8	4	4	19	24.8178793	120.9706768	0	1	0	8	3	5	50	4	1	1	5	4	5	7	3	1	10	5	5	1	15	2
2012	8	28	12	15	24.7355699	120.9126119	0	1	0	8	1	5	50	14	9	1	5	4	5	7	4	4	1	4	5	1	16	2
2012	9	1	11	10	24.81462735	120.9857367				8			50															3
2012	9	1	16	25	24.842925	120.923241	0	1	0	8	1	5	50	4	1	1	5	4	5	7	4	4	10	5	5	2	15	2
2012	9	1	7	47	24.7932831	121.001211				8			50															3
2012	9	1	18	17	24.813249	120.979644				8			50															3
2012	9	1	19	38	24.78906635	121.0046317	0	1	0	7	3	5	50	4	1	1	5	4	5	7	1	1	10	5	5	2	16	2
2012	9	1	21	30	24.8007091	120.999182	0	1	0	8	3	5	50	14	9	1	5	4	5	7	4	4	9	4	5	2	18	2
2012	9	1	23	23	24.79974815	120.9576127				8			50															3
2012	9	1	18	15	24.778158	121.021416				8			50															3
2012	9	2	10	0	24.788646	120.965884	0	2	0	8	1	5	40	4	1	1	5	4	5	7	4	4	10	5	5	2	15	2
2012	9	2	9	28	24.815967	120.979345				8			50															3
2012	9	1	17	16	24.8141411	120.977205				8			50															3
2012	9	1	9	20	24.7915906	121.0157262				8			50															3
2012	9	1	9	0	24.780027	121.024663	0	1	0	8	1	5	50	14	9	1	5	4	5	7	4	4	9	5	5	2	18	2