年	月	日	時	分	GoogleLat	GoogleLng	死	受傷	2-30	天候	光線	道路類別	速限	道路型態	事故位置	路面鋪裝	路面狀態	路面缺陷	障礙物	視距	號誌種類	號誌動作	分向設施	快車道或一般車道間	快慢車道間	路面邊線	事故類型及型態	事故類別
2012	9	1	11	15	24.8089411	120.978707				8			50															3
2012	9	2	20	18	24.7819651	121.022515				8			50															3
2012	9	1	12	52	24.80568155	120.9874376				8			50															3
2012	9	2	20	41	24.8042903	120.9752282				8			40															3
2012	9	3	8	23	24.778125	121.025088				8			50															3
2012	9	2	16	30	24.7916999	121.0092224				8			40															3
2012	9	3	11	15	24.8090471	120.96045				8			50															3
2012	9	3	7	40	24.8132554	120.979903	0	1	0	8	1	5	50	3	1	1	5	4	5	7	4	4	10	5	5	2	12	2
2012	9	3	14	0						8			40															3
2012	9	3	7	15						8			50															3
2012	9	3	10	37			0	1	0	8	1	5	50	14	9	1	5	4	5	7	4	4	5	5	5	1	12	2
2012	9	3	16	52						8			50															3
2012	9	3	19	36			0	1	0	8	3	5	50	5	1	1	5	4	5	7	2	1	10	5	5	2	16	2
2012	9	3	5	50			0	1	0	8	2	5	50	14	9	1	5	4	5	7	4	4	10	5	5	1	24	2
2012	9	3	20	40			0	2	0	7	3	5	50	16	9	1	5	4	5	7	4	4	10	4	5	2	16	2
2012	9	3	19	48						8			50															3
2012	9	3	22	0						8			50															3
2012	9	3	21	51						8			50															3
2012	9	3	23	15						8			50															3
2012	9	4	0	30						8			50															3
2012	9	4	7	50						8			50															3
2012	9	4	8	25	24.818908	120.9957	0	1	0	8	1	5	50	5	2	1	5	4	5	7	2	1	1	2	5	1	18	2
2012	9	4	7	28	24.7429221	120.908507	0	1	0	8	1	5	50	14	9	1	5	4	5	7	4	4	5	5	5	1	16	2
2012	9	3	16	55	24.78436645	121.0121615				8			50															3
2012	9	4	14	25	24.8192631	120.983266	0	1	0	8	1	5	40	3	1	1	5	4	5	7	4	4	10	5	5	2	16	2
2012	9	4	11	50	24.8162285	121.0004115	0	1	0	8	1	5	50	14	9	1	5	4	5	7	4	4	1	4	4	2	12	2
2012	9	1	13	20	24.7887326	120.9300059				8			50															3
2012	9	4	8	0	24.742433	120.905953																						3
2012	9	4	8	5	24.80357935	120.9961211				8			50															3
2012	9	4	13	8	24.782728	120.929226				8			40															3
2012	9	4	12	53	24.8129861	120.980767				8			50															3
2012	9	4	16	0	24.7985901	120.99715				8			50															3
2012	9	4	18	36	24.8136159	120.9836691	0	1	0	8	3	5	50	14	9	1	5	4	5	7	4	4	1	2	5	1	13	2
2012	9	4	22	1	24.807296	120.972038				8			40															3
2012	9	4	21	20	24.7815838	121.0170363	0	1	0	8	3	5	50	4	1	1	5	4	5	7	1	1	10	5	5	2	16	2
2012	9	5	1	9			0	0	0	8	3	5	70	14	20	4	5	4	4	7	4	4	1	4	4	1	26	3
2012	9	4	16	51						8			50															3
2012	9	5	7	42						8			50															3
2012	9	5	7	4						8			50															3
2012	9	5	8	36						8			50															3
2012	9	3	9	8						8			50															3
2012	9	5	7	45						8			50															3
2012	9	3	11	12						8			50															3
2012	9	3	17	49			0	1	0	8	2	5	50	3	2	1	5	4	5	7	4	4	1	4	1	2	18	2
2012	9	4	22	3						8			50															3
2012	9	5	13	20			0	1	0	8	1	5	50	3	1	1	5	4	5	7	1	1	10	5	5	2	13	2
2012	9	5	8	18			0	1	0	8	1	5	50	4	1	1	5	4	5	7	4	4	10	5	5	2	16	2
2012	9	5	15	30			0	1	0	8	1	5	50	4	1	1	5	4	5	7	3	1	10	5	5	2	16	2
2012	9	5	11	42	24.7874802	121.0095148				8			50															3
2012	9	5	12	29	24.8007671	120.960669	0	1	0	8	1	5	50	14	9	1	5	4	5	7	4	4	10	4	5	1	14	2
2012	9	5	16	11	24.7923159	120.9417855	0	2	0	8	1	5	50	3	2	1	5	4	5	7	2	1	10	5	5	2	15	2
2012	9	5	20	7	24.808795	120.971214				8			50															3
2012	9	5	22	7	24.8142981	120.977721				8			50															3
2012	9	5	18	52	24.8062679	120.9698593				8			50															3
2012	9	2	17	30	24.7869058	120.9677167				8			50															3
2012	9	5	18	40	24.8159546	121.0285022				8			50															3
2012	9	6	8	0	24.8063911	120.9784284				8			40															3
2012	9	3	17	24	29.5541795	106.5700647	0	1	0	8	1	5	50	4	1	1	5	4	5	7	2	1	10	5	5	2	16	2
2012	9	5	17	23	24.7937444	120.9195353	0	1	0	7	1	5	80	4	1	1	5	4	5	7	1	1	10	5	5	2	16	2
2012	9	5	17	33			0	2	0	8	1	5	50	4	1	1	5	4	5	7	4	4	10	5	5	2	15	2
2012	9	6	19	5			0	2	0	8	3	5	50	3	1	1	5	4	5	7	1	1	10	5	5	2	16	2
2012	9	6	15	35						8			30															3
2012	9	6	19	25						8			50															3
2012	9	6	18	12						8			20															3
2012	9	6	19	10			0	2	0	8	3	5	50	14	9	1	5	4	5	7	4	4	1	4	5	2	13	2
2012	9	7	0	20						8			50															3
2012	9	7	3	27						8			50															3
2012	9	7	7	50						8			50															3
2012	9	7	7	25			0	1	0	8	1	5	50	3	1	1	5	4	5	7	4	4	10	5	5	2	16	2
2012	9	7	10	21			0	1	0	8	1	5	50	14	9	1	5	4	5	7	4	4	5	4	5	2	16	2
2012	9	7	15	20						8			50															3
2012	9	6	16	10	24.802041	120.971204				8			50															3
2012	9	7	19	18	24.8178793	120.9706768				8			50															3
2012	9	5	12	30	24.801054	120.967205				8			50															3
2012	9	7	17	55	24.8148981	120.956041	0	1	0	8	1	5	50	14	9	1	5	4	5	7	1	1	5	2	5	1	13	2
2012	9	5	11	30	24.8193477	120.9955776				8			50															3
2012	9	8	9	10	24.8011347	120.9870763	0	2	0	8	1	5	50	4	4	1	5	4	5	7	1	1	3	2	5	2	13	2
2012	9	5	8	16	24.7939996	120.93535	0	0	0	8	1	5	50	13	9	1	5	4	5	7	4	4	10	5	5	1	16	3
2012	9	5	11	15	24.817944	120.995134				8			50															3
2012	9	4	16	38	24.810095	120.967355				8			40															3
2012	9	4	19	1	24.7922354	120.9323808				8			50															3
2012	9	8	11	4	24.7807751	121.026483				8			50															3
2012	9	8	7	48	24.7677969	120.9786091				8			50															3
2012	9	8	12	35	24.844571	120.930255				8			50															3
2012	9	8	9	55	24.8102833	120.9556021				8			50															3
2012	9	7	20	35	24.781411	121.022812				8			50															3
2012	9	9	13	30	24.7874218	120.9264444	0	2	0	8	1	5	70	14	8	1	5	4	5	7	4	4	1	4	4	1	13	2
2012	9	6	7	50	24.796862	120.960454	0	4	0	8	1	5	50	3	1	1	5	4	5	7	4	4	10	5	5	2	17	2
2012	9	6	10	15	24.8102286	120.9629201	0	0	0	8	1	5	50	3	1	1	5	4	5	7	4	4	10	5	5	2	17	3
2012	9	6	12	10	24.7998332	120.9681025				8			50															3
2012	9	8	19	56	24.798835	120.999137				8			50															3
2012	9	6	17	47	24.783583	121.016174				8			50															3
2012	9	8	19	5	24.80346815	120.9739119	0	1	0	8	3	5	50	14	9	1	5	4	5	7	4	4	10	5	5	2	12	2
2012	9	8	16	30	24.7815838	121.0170363				8			50															3
2012	9	8	15	17	24.7892541	120.929889				8			50															3
2012	9	8	16	18	24.7874218	120.9264444				8			50															3
2012	9	9	6	33	23.8548668	120.983603	1	0	0	8	1	5	50	14	9	1	5	4	5	7	4	4	1	4	5	1	26	1
2012	9	8	19	12	24.8228691	120.9720984				8			40															3
2012	9	5	15	13	24.7752443	121.0260076				8			40															3
2012	9	9	7	58	24.80555735	120.9607848				8			50															3
2012	9	9	12	26	24.7974221	120.968827				8			50															3
2012	9	9	14	53	24.7874802	121.0095148	0	1	0	8	1	5	50	11	9	1	5	4	5	7	4	4	1	5	5	2	13	2
2012	9	9	15	10						8			50															3
2012	9	9	14	0			0	0	0	8	1	5	50	14	9	1	5	4	5	7	4	4	9	4	5	2	16	3
2012	9	9	18	40						8			50															3
2012	9	4	18	0						8			30															3
2012	9	9	18	50			0	1	0	8	3	5	50	14	9	1	5	4	5	7	4	4	1	4	5	1	12	2
2012	9	10	2	15			0	1	0	8	3	5	50	3	1	1	5	4	5	7	3	1	10	5	5	2	16	2
2012	9	12	8	7			0	1	0	8	1	5	50	3	1	1	5	4	5	7	4	4	10	5	5	2	16	2
2012	9	5	13	43			0	2	0	8	1	5	50	14	9	1	5	4	5	7	4	4	5	5	5	1	12	2
2012	9	3	18	25						8			50															3
2012	9	10	7	30						8			50															3
2012	9	9	20	5						8																		3
2012	9	9	23	54						8			50															3
2012	9	4	17	37						8			50															3
2012	9	5	22	7			0	1	0	8	3	5	50	4	1	1	5	4	5	7	2	1	10	5	5	2	16	2
2012	9	10	13	39			0	1	0	8	1	5	50	14	9	1	5	4	5	7	4	4	3	2	5	2	13	2
2012	9	10	15	53						8			40															3
2012	9	10	16	0						8			40															3
2012	9	10	18	37																								3
2012	9	5	15	7						8			40															3
2012	9	5	16	49			0	1	0	8	1	5	40	4	1	1	5	4	5	7	4	4	10	5	5	2	15	2
2012	9	5	19	2						8			50															3
2012	9	6	8	18						8			50															3
2012	9	6	13	26						8			50															3
2012	9	10	21	4						8			50															3
2012	9	10	18	56			0	1	0	7	3	5	50	14	9	1	5	4	5	7	4	4	1	4	5	2	12	2
2012	9	10	23	4	24.81535195	120.9676006				8			50															3
2012	9	10	18	49	24.7874802	121.0095148	0	1	0	8	3	5	50	3	1	1	5	4	5	7	4	4	10	5	5	1	16	2
2012	9	8	11	9	24.7919591	120.941533				8			50															3
2012	9	11	15	20	24.804454	120.9808822				8			40															3
2012	9	8	12	20	24.7991891	120.9533827																						3
2012	9	11	7	15	24.7597091	120.9584529				8			50															3
2012	9	7	12	10	24.8138426	120.9782817				8			40															3
2012	9	11	15	6			0	2	0	8	1	5	50	4	1	1	5	4	5	7	2	1	10	5	5	2	13	2
2012	9	10	9	20						8			50															3
2012	9	10	10	35						8			50															3
2012	9	10	20	35			0	2	0	8	3	5	50	14	9	1	5	4	5	7	4	4	5	5	5	1	16	2
2012	9	11	22	47	24.8055397	120.9770756	0	1	0	8	3	5	50	4	2	1	5	4	5	7	2	1	10	5	5	2	18	2
2012	9	9	14	32	24.79189685	120.9275195				8			50															3
2012	9	11	16	50	24.8053518	120.9380869				8			50															3
2012	9	5	17	36	24.8083178	120.9672934				8			50															3
2012	9	11	17	0	24.7982082	120.994391				8			50															3
2012	9	6	20	20	24.7991891	120.9533827	0	0	0	8	3	5	50	4	1	1	5	4	5	7	1	1	5	4	5	2	3	3
2012	9	6	22	13	24.76996045	120.9007699				8			50															3
2012	9	7	14	40	24.7922074	121.0082498				8			50															3
2012	9	17	7	40	24.7874802	121.0095148	0	1	0	8	1	5	50	4	1	1	5	4	5	7	2	1	10	5	5	2	16	2
2012	9	7	15	58	24.7923669	120.9755263				8			50															3
2012	9	11	5	0	24.7571705	120.9484903				8			50															3
2012	9	12	14	59	24.778632	120.938236				8			40															3
2012	9	11	8	46	24.778971	120.980343				8			50															3
2012	9	7	18	30	24.7887326	120.9300059				8			50															3
2012	9	8	13	40	24.7889631	121.0109727				8			50															3
2012	9	11	8	11	24.7963607	120.9445525				8			50															3
2012	9	8	12	43						8			50															3
2012	9	8	11	40						8			50															3
2012	9	6	11	20			0	2	0	8	1	5	50	3	1	1	5	4	5	7	3	1	10	5	5	2	15	2
2012	9	9	16	15						8			50															3
2012	9	9	19	24						8			50															3
2012	9	13	8	5			0	2	0	8	1	5	50	14	8	1	5	4	5	7	4	4	1	5	1	2	13	2
2012	9	13	11	42			0	2	0	8	1	5	50	4	1	1	5	4	5	7	4	4	10	5	5	2	15	2
2012	9	10	19	36			0	0	0	8	3	5	50	14	9	1	5	4	5	7	4	4	9	5	5	2	11	3
2012	9	12	17	18						8			50															3
2012	9	12	18	35																								3
2012	9	12	21	59			0	1	0	8	3	5	50	4	1	1	5	4	5	7	1	1	10	5	5	1	16	2
2012	9	13	12	58						8			50															3
2012	9	13	10	1						8			40															3
2012	9	13	8	23						8			40															3
2012	9	13	7	10			0	1	0	8	1	5	50	4	2	1	5	4	5	7	4	4	5	5	5	2	12	2
2012	9	13	17	50						8			50															3
2012	9	5	8	28			0	1	0	8	1	5	50	14	9	1	5	4	5	7	4	4	9	4	5	2	13	2
2012	9	8	11	34						8			70															3
2012	9	8	7	20						8			50															3
2012	9	8	12	39						8			50															3
2012	9	9	17	32						8			50															3
2012	9	2	18	45			0	2	0	8	3	5	50	14	9	1	5	4	5	7	4	4	1	4	5	2	29	2
2012	9	2	9	32			0	1	0	8	1	5	50	14	7	1	5	4	5	7	4	4	1	4	4	2	12	2
2012	9	13	14	36			0	1	0	8	1	5	40	4	1	1	5	4	5	7	4	4	10	5	5	2	15	2
2012	9	1	16	0			0	1	0	8	1	5	50	14	9	1	5	4	5	7	4	4	10	5	5	2	16	2
2012	9	10	12	13			0	2	0	8	1	5	50	4	1	1	5	4	5	7	2	1	10	5	5	2	15	2
2012	9	10	15	47			0	1	0	8	1	5	50	4	1	1	5	4	5	7	2	1	10	5	5	2	12	2
2012	9	10	18	18	24.7981287	121.0067299				8			50															3
2012	9	11	6	47	24.7855431	120.923191				8			50															3
2012	9	10	17	10	24.79039935	120.9175313	0	1	0	8	1	5	40	11	8	1	5	4	5	7	4	4	10	5	5	2	10	2
2012	9	11	14	25	24.817529	120.975511				8			50															3
2012	9	11	13	1	24.8280401	121.074387	0	1	0	8	1	5	50	14	9	1	5	4	5	7	4	4	5	5	5	1	16	2
2012	9	10	15	23	24.813792	120.9744469				8			50															3
2012	9	5	16	0	24.811265	121.001745				8			40															3
2012	9	10	12	20	24.7685451	120.91603	0	2	0	8	1	5	50	14	9	1	5	4	5	7	4	4	1	4	4	1	12	2
2012	9	5	12	0	24.8129631	120.977676	0	1	0	8	1	5	50	14	9	1	5	4	2	7	4	4	9	5	5	2	17	2
2012	9	12	22	39	24.796593	120.99817				8			50															3
2012	9	12	20	20	24.8162261	120.992725																						3
2012	9	14	13	0	24.7650255	120.9144374				8			50															3
2012	9	14	11	0	24.7990384	120.9539549				8			50															3
2012	9	12	9	20	24.815184	120.976047				8			40															3
2012	9	7	11	16	24.8142165	120.9640903				8			50															3
2012	9	14	7	35	24.743149	120.906129				8			50															3
2012	9	14	12	39	24.8025545	120.9746646	0	1	0	8	1	5	50	4	1	1	5	4	5	4	2	1	10	5	5	2	12	2
2012	9	14	21	10	24.80592435	120.986394				6			50															3
2012	9	3	14	57	24.7932831	121.001211				8			50															3
2012	9	7	13	58	24.8150372	120.962251	0	1	0	8	1	5	50	14	9	1	5	4	5	7	4	4	5	4	5	1	17	2
2012	9	7	7	51	24.81488335	120.9394568				8			50															3
2012	9	2	15	22	29.5541795	106.5700647	0	1	0	8	1	5	50	4	1	1	5	4	5	7	1	1	10	5	5	2	16	2
2012	9	4	7	24	24.8074818	120.9632782				8			50															3
2012	9	1	15	50	24.7932682	120.9619603				8			50															3
2012	9	15	7	11	24.7616803	120.9426243				6			50															3
2012	9	15	11	3	24.813661	120.979865				8			50															3
2012	9	15	11	58	24.8393931	120.998699				6			50															3
2012	9	12	11	22			0	1	0	8	1	5	50	3	1	1	5	4	5	7	4	4	10	5	5	2	16	2
2012	9	13	17	20			0	1	0	8	1	5	50	4	1	1	5	4	5	7	2	1	10	5	5	2	12	2
2012	9	14	15	42			0	6	0	6	1	8	40	17	22	5	4	4	5	7	4	4	10	5	5	2	14	2
2012	9	15	11	50						6			50															3
2012	9	14	18	50						8			40															3
2012	9	14	19	0			0	1	0	6	3	5	50	5	1	1	4	4	5	7	2	1	10	5	5	2	16	2
2012	9	15	12	40						6			50															3
2012	9	15	14	24	24.817012	120.974216	0	1	0	7	1	5	50	4	1	1	4	4	5	7	4	4	10	5	5	2	15	2
2012	9	2	9	40	24.76179445	120.9173552	0	1	0	8	1	5	50	3	1	1	5	4	5	7	4	4	10	5	5	2	16	2
2012	9	15	11	59	24.8043521	120.955568				6			50															3
2012	9	2	11	55	24.742631	120.91426	0	2	0	8	1	5	50	3	1	1	5	4	5	7	4	4	10	5	5	1	16	2
2012	9	15	10	20	24.7878531	120.974078	0	0	0	6	1	5	40	14	9	1	4	4	5	7	4	4	10	5	5	2	14	3
2012	9	10	14	15	24.7924614	121.0067013				8			50															3
2012	9	13	8	0	24.7771081	120.983492	0	1	0	8	1	5	50	14	9	1	5	4	5	7	4	4	3	4	5	2	17	2
2012	9	1	4	51	24.811923	120.965134				8			50															3
2012	9	12	7	49	24.8067092	120.9786378	0	1	0	8	1	5	50	14	9	1	5	4	5	7	4	4	5	4	5	2	16	2
2012	9	14	9	20	24.807368	120.969442				8			50															3
2012	9	15	20	40	24.776892	121.025939	0	2	0	6	3	5	50	14	9	1	4	4	5	7	4	4	5	5	5	1	2	2
2012	9	3	9	57	24.8185572	120.9951081	0	2	0	8	1	5	50	3	1	1	5	4	5	7	1	1	10	5	5	2	16	2
2012	9	3	12	0	24.7671821	120.9482242	0	1	0	8	1	5	50	14	9	1	5	4	5	7	4	4	4	5	4	2	11	2
2012	9	8	22	14	24.809467	120.980995				8			50															3
2012	9	9	15	21	24.7931748	121.0018983				8			50															3
2012	9	9	17	32						8			50															3
2012	9	10	15	45						8			40															3
2012	9	5	7	55						8			50															3
2012	9	8	9	15						8			50															3
2012	9	9	11	50						8			50															3
2012	9	9	13	50						8			50															3
2012	9	10	11	23						8			50															3
2012	9	10	13	25						8			50															3
2012	9	14	19	40						6			50															3
2012	9	15	20	20						8			40															3
2012	9	9	19	8						8			50															3
2012	9	14	9	57						6			50															3
2012	9	14	13	0						8			50															3
2012	9	15	18	27	24.7846361	121.010813	0	1	0	7	3	5	50	3	1	1	4	4	5	7	4	4	10	5	5	2	15	2
2012	9	14	17	11	24.8103208	120.9689277				6			50															3
2012	9	12	18	17	24.8052006	120.9845172	0	1	0	7	3	5	50	3	1	1	5	4	5	7	4	4	10	5	5	2	16	2
2012	9	2	14	20	24.7650255	120.9144374	0	1	0	8	1	5	50	3	1	1	5	4	5	7	4	4	1	4	4	2	16	2
2012	9	13	10	24	24.8063911	120.9784284				8			50															3
2012	9	15	17	11	24.7959751	120.949915				8			50															3
2012	9	16	12	15	24.8141411	120.977205				8			50															3
2012	9	13	13	53	24.795895	120.952769				8			50															3
2012	9	16	15	5	24.8025391	120.967308	0	1	0	8	1	5	50	15	9	1	5	4	5	7	4	4	5	5	5	2	12	2
2012	9	16	16	31	24.7818596	121.0211214				8			50															3
2012	9	16	18	50	24.8054498	120.9611789				8			40															3
2012	9	16	18	45	24.8665726	120.9531818	0	1	0	8	3	5	50	14	8	1	5	4	5	7	4	4	1	4	4	2	16	2
2012	9	11	16	25						8			50															3
2012	9	14	11	40			0	2	0	8	1	5	50	15	9	1	5	4	5	7	4	4	1	4	5	2	18	2
2012	9	14	9	41						8			50															3
2012	9	14	8	40						8			50															3
2012	9	11	14	5						8			50															3
2012	9	14	18	20						6			50															3
2012	9	2	11	10						8			50															3
2012	9	11	15	40			0	1	0	8	1	5	50	14	9	1	5	4	5	7	4	4	1	4	5	2	12	2
2012	9	16	18	40						8			50															3
2012	9	16	20	50						8			50															3
2012	9	12	11	33						8			50															3
2012	9	3	7	52						8			40															3
2012	9	12	13	0						8			50															3
2012	9	3	9	20			0	1	0	8	1	5	50	3	2	1	5	4	5	7	4	4	1	4	5	2	12	2
2012	9	12	13	36						8			50															3
2012	9	15	10	50			0	1	0	6	1	5	50	4	1	1	4	4	5	7	4	4	10	5	5	2	16	2
2012	9	7	6	52	24.83606445	121.2331006	0	1	0	8	1	5	50	3	1	1	5	4	5	7	4	4	5	4	5	2	16	2
2012	9	15	16	40	24.798478	120.970922				8			50															3
2012	9	16	18	50	24.8395691	120.931391				8			50															3
2012	9	16	19	50	24.809034	120.97291				8			50															3
2012	9	16	17	28	24.819359	120.9825494				8			50															3
2012	9	16	18	25	24.82980585	120.9559873	0	1	0	8	2	5	50	3	2	1	5	4	5	7	1	1	5	5	5	1	12	2
2012	9	16	17	40	24.8192871	120.985668				8			40															3
2012	9	16	20	39	24.81153805	120.9820493	1	3	0	7	3	5	50	14	9	1	5	4	5	7	4	4	5	4	5	2	3	1
2012	9	5	7	20	24.742668	120.905882	0	2	0	8	1	5	50	14	9	1	5	4	5	7	4	4	9	5	5	1	16	2
2012	9	17	13	50	24.838652	120.933098				8			40															3
2012	9	7	19	25	24.7853654	120.9215959				8			50															3
2012	9	7	22	10	24.80139	120.9770515	0	1	0	8	3	5	50	3	1	1	5	4	5	7	1	1	10	5	5	2	16	2
2012	9	17	12	18	24.78226865	120.937269				8			50															3
2012	9	15	22	27	31.3512963	120.9811634	0	2	0	8	3	5	70	10	7	1	5	4	5	1	4	4	2	3	2	2	10	2
2012	9	6	18	51	24.84080585	120.9390099	0	1	0	8	3	5	50	3	2	1	5	4	5	7	1	1	10	5	5	2	11	2
2012	9	2	11	50	24.80896345	120.9667826				8			50															3
2012	9	3	18	30	24.8025954	120.9651562				8			50															3
2012	9	3	22	10	24.79760605	121.0029783				8			50															3
2012	9	18	0	0	24.8055431	120.967203				8			50															3
2012	9	7	12	46																								3
2012	9	16	17	32			0	1	0	8	1	5	50	14	8	1	5	4	5	7	4	4	9	4	4	2	13	2
2012	9	7	12	50						8			90															3
2012	9	7	8	55						8			50															3
2012	9	7	11	0			0	1	0	8	1	5	50	14	9	1	5	4	5	7	4	4	1	4	5	2	2	2
2012	9	10	10	25						8			40															3
2012	9	10	14	40			0	3	0	8	1	5	50	4	9	4	5	4	5	7	4	4	10	5	5	2	12	2
2012	9	11	16	0						8			50															3
2012	9	17	21	6						8			50															3
2012	9	12	8	10						8			50															3
2012	9	12	15	5						8			50															3
2012	9	13	9	35						8			50															3
2012	9	17	11	40			1	0	0	8	1	5	50	14	9	1	5	4	5	7	4	4	9	5	5	1	18	1
2012	9	16	20	0			0	2	0	8	3	5	50	14	9	1	5	4	5	7	4	4	5	5	5	1	17	2
2012	9	17	9	46			0	1	0	8	1	5	50	3	1	1	5	4	5	7	1	1	10	5	5	2	17	2
2012	9	17	12	16			0	1	0	8	1	5	50	4	1	1	5	4	5	7	4	4	10	5	5	2	15	2
2012	9	17	13	5						8			50															3
2012	9	13	22	36						8			40															3
2012	9	14	20	10						6			50															3
2012	9	18	12	0						8			40															3
2012	9	15	14	33						8			50															3
2012	9	18	8	50						8			50															3
2012	9	15	11	15						6			40															3
2012	9	15	12	40						6			50															3
2012	9	18	9	58						8			50															3
2012	9	12	6	0						8			50															3
2012	9	11	21	39						8			50															3
2012	9	12	22	15			0	2	0	8	3	5	40	4	1	1	5	4	5	7	4	4	10	5	5	2	15	2
2012	9	15	16	50						6			50															3
2012	9	18	8	40						8			50															3
2012	9	13	11	25						8			50															3
2012	9	18	14	56			0	2	0	8	1	5	50	4	1	1	5	4	5	7	4	4	10	5	5	2	16	2
2012	9	17	19	0						8			50															3
2012	9	18	18	15			0	2	0	8	1	5	40	7	11	1	5	4	5	7	4	4	5	5	5	2	12	2
2012	9	18	18	41			0	2	0	8	3	5	50	14	9	1	5	4	5	7	4	4	5	4	5	1	3	2
2012	9	5	15	10						8			90															3
2012	9	5	18	19			0	2	0	8	3	5	50	3	2	1	5	4	5	7	4	4	10	5	5	2	3	2
2012	9	5	20	25						8			50															3
2012	9	5	20	15						8			50															3
2012	9	6	8	5	24.79311235	121.0115108				8			50															3
2012	9	10	7	20	24.79385345	120.9690787				8			50															3
2012	9	10	9	20	24.8007419	120.9936975	0	1	0	8	1	5	50	4	1	1	5	4	5	7	4	4	10	5	5	2	16	2
2012	9	13	20	10	24.7914624	120.9394129				8			50															3
2012	9	15	14	15	24.8078131	120.964634				6			50															3
2012	9	17	17	10	23.7906725	121.0173356				8			40															3
2012	9	13	21	18	24.8132201	120.973009				8			50															3
2012	9	12	21	54	24.79945	120.9913119				8			50															3
2012	9	16	14	40	24.7933611	120.925524				8			50															3
2012	9	18	13	25						8			50															3
2012	9	12	20	9						8			50															3
2012	9	18	9	9						8			50															3
2012	9	13	15	48						8			40															3
2012	9	16	10	44						8			40															3
2012	9	19	6	42						8			50															3
2012	9	10	8	13						8			50															3
2012	9	10	9	9			0	1	0	8	1	5	50	14	9	1	5	4	5	7	4	4	10	4	5	1	16	2
2012	9	10	10	54			0	1	0	8	1	5	50	14	9	1	5	4	5	7	4	4	5	5	5	2	16	2
2012	9	11	17	37			0	1	0	8	1	5	50	4	1	1	5	4	5	7	2	1	10	5	5	2	11	2
2012	9	12	7	57						8			50															3
2012	9	12	17	53						8			50															3
2012	9	14	10	45						6			50															3
2012	9	14	8	14						8			50															3
2012	9	14	9	36			0	1	0	8	1	5	50	14	9	1	5	4	5	7	1	1	1	2	5	2	16	2
2012	9	17	9	4						8			50															3
2012	9	17	10	5						8			50															3
2012	9	17	10	41						8			50															3
2012	9	18	14	25						8			50															3
2012	9	16	23	50			0	1	0	8	3	5	50	14	9	1	5	4	5	7	4	4	1	4	5	1	18	2
2012	9	19	11	50			0	0	0	7	1	5	50	3	2	1	5	4	5	7	4	4	9	5	5	2	21	3
2012	9	13	17	45			0	3	0	8	1	5	50	14	9	1	5	4	5	7	4	4	5	5	5	1	16	2
2012	9	19	8	14			0	1	0	8	1	5	50	14	9	1	5	4	5	7	4	4	5	4	5	2	12	2
2012	9	19	10	30			0	2	0	7	1	5	40	4	1	1	5	4	5	7	3	1	10	5	5	2	15	2
2012	9	19	11	35						6			50															3
2012	9	19	12	50						8			40															3
2012	9	5	8	26	24.79482	120.965453				8			50															3
2012	9	11	21	0	24.790798	121.0055625				8			50															3
2012	9	13	12	35	24.8163689	120.9703093				8			20															3
2012	9	13	13	20	24.811276	120.969914				8			50															3
2012	9	19	19	15	24.7738857	121.0155538				6			40															3
2012	9	16	10	30	24.7846641	121.013784	0	1	0	8	1	5	50	14	9	1	5	4	5	7	4	4	5	4	5	2	3	2