年	月	日	時	分	GoogleLat	GoogleLng	死	受傷	2-30	天候	光線	道路類別	速限	道路型態	事故位置	路面鋪裝	路面狀態	路面缺陷	障礙物	視距	號誌種類	號誌動作	分向設施	快車道或一般車道間	快慢車道間	路面邊線	事故類型及型態	事故類別
2012	9	7	7	50	24.8150922	120.9852896	0	1	0	8	1	5	50	4	1	1	5	4	5	7	1	1	10	5	5	2	13	2
2012	9	19	22	3	24.8009515	120.9407204	1	0	0	8	3	5	40	15	9	1	5	4	5	7	4	4	9	5	5	2	20	1
2012	9	19	20	23	24.7681185	120.9634115	0	1	0	6	3	5	50	3	2	1	4	4	5	2	2	1	9	2	5	2	12	2
2012	9	7	14	30	24.8063579	120.9365431	0	1	0	8	1	5	50	3	1	1	5	4	5	7	3	1	10	5	5	2	12	2
2012	9	7	11	40	24.7598773	120.9118169	0	1	0	8	1	5	50	14	20	1	5	4	5	7	4	4	3	4	4	2	26	2
2012	9	8	12	25						8			50															3
2012	9	8	9	58						8			40															3
2012	9	20	7	45						8			50															3
2012	9	17	9	50			0	1	0	8	1	5	50	3	1	1	5	4	5	7	1	3	10	5	5	2	17	2
2012	9	17	16	30						8			50															3
2012	9	17	9	5			0	1	0	8	1	5	50	5	18	1	5	4	5	7	1	1	10	5	5	2	3	2
2012	9	20	9	14						8			50															3
2012	9	14	12	0						8			50															3
2012	9	20	8	25						8			40															3
2012	9	14	14	40			0	1	0	8	1	5	50	4	2	1	5	4	5	7	4	4	5	5	5	2	3	2
2012	9	14	16	35						8			50															3
2012	9	19	16	47			0	1	0	8	1	5	50	3	1	1	5	4	5	7	3	1	10	5	5	2	16	2
2012	9	19	16	10			0	0	0	8	2	5	50	14	9	1	5	4	5	7	4	4	5	4	5	2	13	3
2012	9	19	17	52						6			50															3
2012	9	20	8	5						8			50															3
2012	9	20	14	30						8			70															3
2012	9	20	19	16	24.79941765	120.9573412				8			40															3
2012	9	20	21	18	24.810099	120.95819				8			50															3
2012	9	19	9	29	24.8066241	120.975891				8			50															3
2012	9	19	17	20	24.8356092	120.9235789				8			30															3
2012	9	8	17	32	24.8437393	120.931545				8			50															3
2012	9	20	21	27	24.7598807	120.9118085	0	1	0	8	3	5	50	14	7	1	5	4	5	7	4	4	1	4	4	2	24	2
2012	9	11	9	24	23.8333047	120.4693168	0	1	0	8	1	5	50	4	18	1	5	4	5	7	2	1	10	5	5	2	3	2
2012	9	20	18	40	24.8001525	120.9896318				8			50															3
2012	9	20	23	20	24.7571705	120.9484903	0	2	0	8	3	5	40	14	9	1	5	4	5	7	4	4	5	5	5	2	16	2
2012	9	18	10	40	24.809743	120.973658				8			50															3
2012	9	18	12	45	24.7896651	120.928055				8			50															3
2012	9	18	13	10	24.7370729	120.886593	0	2	0	8	1	5	80	3	1	1	5	4	5	7	1	1	10	5	5	2	16	2
2012	9	20	7	50	24.783213	121.013431	0	1	0	8	1	5	40	11	9	1	5	4	5	7	4	4	10	5	5	1	3	2
2012	9	21	7	50	24.7664141	120.9553411				8			70															3
2012	9	21	8	10	24.7256219	120.92865	0	1	0	8	1	5	50	3	1	1	5	4	5	7	4	4	5	5	5	2	18	2
2012	9	11	12	33	24.819575	120.964393				8			50															3
2012	9	12	21	20	24.81532425	120.9651345	0	1	0	8	3	5	50	14	9	1	5	4	5	7	1	1	3	2	5	2	13	2
2012	9	21	7	40	24.7810351	121.025541				8			50															3
2012	9	15	16	45	24.8044523	120.9702289	0	0	0	8	2	5	50	16	9	1	5	4	5	7	4	4	9	4	5	2	12	3
2012	9	16	14	20	24.8044633	120.9704172				8			50															3
2012	9	21	15	0	24.8070724	120.9570239				8			50															3
2012	9	21	19	45	24.7923841	121.002835				8			50															3
2012	9	21	22	9	24.79509185	120.9708905	0	3	0	8	3	5	50	4	1	1	5	4	5	7	1	1	10	5	5	2	12	2
2012	9	21	20	35	24.796174	120.955803	0	2	0	8	3	5	50	8	9	1	5	4	5	7	4	4	5	5	5	2	10	2
2012	9	21	21	0	24.79812	120.99696				8			50															3
2012	9	20	17	51	24.7854886	121.0187361	0	1	0	8	2	5	50	4	18	1	5	4	5	7	1	1	10	5	5	2	3	2
2012	9	22	3	28	24.797177	120.984972	0	1	0	8	3	5	50	14	9	1	5	4	5	7	4	4	5	5	5	1	16	2
2012	9	9	7	19	24.799257	120.951144				8			50															3
2012	9	14	18	50	24.8036849	120.9917121				6			50															3
2012	9	14	22	37	24.78436645	121.0121615				8			50															3
2012	9	15	16	55	24.7974352	120.9504998				8			50															3
2012	9	15	17	39	24.8225971	120.976745	0	1	0	7	1	5	50	14	9	1	5	4	5	7	4	4	5	5	5	1	18	2
2012	9	21	19	51	24.81532425	120.9651345	0	1	0	8	3	5	50	14	9	1	5	4	5	7	4	4	2	4	5	2	12	2
2012	9	14	15	20	24.8095797	120.9643683				6			50															3
2012	9	21	16	34	24.7650255	120.9144374	0	1	0	8	1	5	50	4	2	1	5	4	5	7	3	1	10	5	5	2	16	2
2012	9	22	10	52	24.810395	120.958672																						3
2012	9	22	12	30	24.8071231	120.963378				8			50															3
2012	9	17	18	14						8			50															3
2012	9	19	8	30			0	2	0	8	1	5	40	4	1	1	5	4	5	7	4	4	10	5	5	2	15	2
2012	9	22	10	58			0	1	0	8	1	5	50	14	9	1	5	4	5	7	4	4	5	4	5	2	12	2
2012	9	15	20	18			0	1	0	8	3	5	50	4	1	1	5	4	5	7	1	1	10	5	5	2	12	2
2012	9	15	8	36			0	2	0	6	1	5	50	3	1	1	4	4	5	7	3	1	10	5	5	2	16	2
2012	9	15	14	13						8			50															3
2012	9	18	7	55						8			50															3
2012	9	19	10	50			0	2	0	8	1	5	50	14	9	1	5	4	5	7	4	4	5	5	5	1	11	2
2012	9	22	18	35						8			50															3
2012	9	12	12	58						8			50															3
2012	9	18	9	5						8			50															3
2012	9	7	11	59			0	2	0	8	1	5	50	4	2	1	5	4	5	7	4	4	1	4	5	1	13	2
2012	9	7	22	48						8			50															3
2012	9	22	19	15						8			50															3
2012	9	21	17	8			0	1	0	8	1	5	50	3	19	1	5	4	5	7	1	1	10	5	5	1	3	2
2012	9	22	21	45	24.8356092	120.9235789				8			40															3
2012	9	22	21	41	24.8224783	120.9744647				8			40															3
2012	9	11	8	0	24.7769259	120.9952299	0	1	0	8	1	5	50	3	2	1	5	4	5	7	4	4	1	4	5	2	13	2
2012	9	19	14	45	24.8150491	120.981835				8			50															3
2012	9	11	10	23	24.7815336	121.0221491				8			50															3
2012	9	11	12	9	24.789902	120.933651	0	1	0	8	1	5	50	14	9	1	5	4	5	7	4	4	1	4	5	1	13	2
2012	9	22	22	22	24.8171183	120.9658517				8			50															3
2012	9	11	13	54	24.7495461	120.907815				8			50															3
2012	9	23	5	39	24.799331	120.98379	0	1	0	8	2	5	40	14	9	1	5	4	5	7	4	4	10	5	5	2	11	2
2012	9	15	6	45	31.3512963	120.9811634	0	2	0	6	1	5	50	4	2	1	4	4	5	7	4	4	1	4	3	2	23	2
2012	9	22	17	46	24.7781471	121.0222157	0	1	0	8	3	5	50	3	2	1	5	4	5	7	4	4	5	5	5	2	16	2
2012	9	14	7	50	24.79799955	120.9440509	0	2	0	8	1	5	50	4	1	1	5	4	5	7	4	4	10	5	5	2	15	2
2012	9	23	11	17	24.79705175	120.9801861				8			50															3
2012	9	23	12	17	24.8042903	120.9752282	0	1	0	8	1	5	50	4	1	1	5	4	5	7	2	1	10	5	5	2	16	2
2012	9	15	16	54	24.807189	120.966128				8			50															3
2012	9	12	17	11	24.7932831	121.001211	0	2	0	8	1	5	50	3	1	1	5	4	5	7	1	1	10	5	5	2	15	2
2012	9	14	21	35	24.8088365	120.9826966	0	1	0	8	3	5	50	3	1	1	5	4	5	7	3	1	10	5	5	2	13	2
2012	9	19	8	39	24.80300015	120.9732046				8			50															3
2012	9	19	7	0	24.797705	120.974452	0	2	0	8	1	5	50	4	1	1	5	4	5	7	3	1	10	5	5	2	15	2
2012	9	23	15	20	24.7923159	120.9417855	0	2	0	8	1	5	50	3	1	1	5	4	5	7	1	1	10	5	5	2	17	2
2012	9	23	17	40	24.8331464	120.9483426				8			50															3
2012	9	20	13	28	24.807779	120.970333				8			50															3
2012	9	20	12	27	24.79362	121.001235	0	0	0	8	1	5	50	14	9	1	5	4	5	7	4	4	1	4	5	2	12	3
2012	9	20	8	24	24.7571705	120.9484903				8			40															3
2012	9	23	19	11	24.8101928	120.9734446				8			50															3
2012	9	17	16	32	24.81829	120.960857	0	2	0	8	1	5	50	14	9	1	5	4	5	7	4	4	9	5	5	2	11	2
2012	9	23	23	13	24.8172411	120.9699015	0	1	0	8	3	5	50	3	2	1	5	4	5	7	4	4	5	5	5	1	18	2
2012	9	14	9	39	24.801574	120.9656909	0	2	0	8	1	5	50	3	2	1	5	4	5	7	4	4	5	4	5	2	16	2
2012	9	20	18	0	24.793659	120.969711				8			50															3
2012	9	21	13	5	24.824575	120.966105	0	2	0	8	1	5	40	4	9	1	5	4	5	7	4	4	10	5	5	2	15	2
2012	9	21	15	45	24.824575	120.966105	0	2	0	8	1	5	50	4	9	1	5	4	5	7	4	4	10	5	5	2	13	2
2012	9	24	7	30	24.7766811	120.947648				8			40															3
2012	9	23	17	20						8			50															3
2012	9	14	18	0						6			50															3
2012	9	24	12	40						8			40															3
2012	9	24	12	50						8			50															3
2012	9	15	10	51			0	2	0	7	1	5	50	4	1	1	5	4	5	7	4	4	10	5	5	2	16	2
2012	9	24	15	29						8			50															3
2012	9	24	15	50						8			50															3
2012	9	24	17	45						8			50															3
2012	9	15	11	49			0	1	0	6	1	5	50	4	1	1	4	4	5	7	3	1	10	5	5	2	15	2
2012	9	13	17	32						8			80															3
2012	9	24	19	43						8			40															3
2012	9	24	19	12			0	1	0	8	1	5	50	4	1	1	5	4	5	7	2	1	10	5	5	2	16	2
2012	9	24	14	50						8			50															3
2012	9	24	15	36			0	1	0	8	1	5	50	5	2	1	5	4	5	7	1	1	10	5	5	1	19	2
2012	9	24	16	20						8			50															3
2012	9	24	20	55						8			50															3
2012	9	24	18	7			0	1	0	8	3	5	40	4	1	1	5	4	5	7	4	4	10	5	5	1	15	2
2012	9	24	23	25			0	1	0	8	3	5	50	4	1	1	5	4	5	7	2	1	10	5	5	2	17	2
2012	9	25	1	45						8			50															3
2012	9	16	19	0			0	1	0	8	3	5	50	14	9	1	5	4	5	7	4	4	5	5	5	2	17	2
2012	9	16	20	56						8			50															3
2012	9	17	16	6			0	1	0	8	1	5	50	14	9	1	5	4	5	7	4	4	9	5	5	1	13	2
2012	9	22	14	52			0	1	0	8	1	5	50	4	1	1	5	4	5	7	1	1	10	5	5	2	16	2
2012	9	25	7	34			0	1	0	8	1	5	50	3	1	1	5	4	5	7	3	1	10	5	5	2	12	2
2012	9	18	8	38						8			50															3
2012	9	25	13	45						8			50															3
2012	9	25	15	0						8			50															3
2012	9	25	8	46						8			50															3
2012	9	25	15	28			0	2	0	8	1	5	50	14	9	1	5	4	5	7	4	4	10	5	5	2	9	2
2012	9	25	8	20						8			50															3
2012	9	25	17	19			0	1	0	8	1	5	50	4	1	1	5	4	5	7	3	1	10	5	5	2	15	2
2012	9	25	17	55						8			50															3
2012	9	25	18	48						8			50															3
2012	9	22	12	13	24.7977401	120.976923				8			50															3
2012	9	25	18	18	24.8042116	120.9705392	0	1	0	8	1	5	50	16	9	1	5	4	5	7	4	4	5	4	4	2	16	2
2012	9	22	13	42	31.3512963	120.9811634				8			70															3
2012	9	22	15	41	24.7842725	121.0144713	0	0	0	8	1	5	50	14	9	1	5	4	5	7	4	4	9	4	4	2	17	3
2012	9	23	12	10	24.81568265	120.964319	0	1	0	8	1	7	20	14	22	1	5	4	5	7	4	4	10	5	5	2	11	2
2012	9	25	18	57	24.79834225	120.9906022	0	2	0	8	3	5	50	14	9	1	5	4	5	7	4	4	5	4	5	2	12	2
2012	9	15	16	20	24.8001525	120.9896318	0	1	0	7	1	5	50	4	9	1	4	4	5	7	2	1	10	4	5	2	16	2
2012	9	20	18	5	24.790329	121.006114				8			50															3
2012	9	25	8	10	24.7786679	121.0190966	0	0	1	8	1	5	50	4	2	1	5	4	5	7	1	1	10	5	5	1	12	2
2012	9	21	21	58	24.8034591	120.9550289	0	1	0	8	3	5	50	3	1	1	5	4	5	7	1	1	10	5	5	2	16	2
2012	9	25	21	16						8			50															3
2012	9	23	20	6						8			50															3
2012	9	25	6	19			0	2	0	8	2	5	50	4	1	1	5	4	5	7	1	3	10	5	5	2	23	2
2012	9	25	14	59			0	1	0	8	1	5	50	14	8	1	5	4	5	7	4	4	1	4	3	1	12	2
2012	9	25	19	33						8			50															3
2012	9	25	21	4			0	2	0	8	3	5	50	14	9	1	5	4	5	7	4	4	5	5	5	1	16	2
2012	9	26	7	40						8			50															3
2012	9	26	11	40						8			50															3
2012	9	26	7	38			0	1	0	8	1	5	50	5	1	1	5	4	5	7	2	1	10	5	5	2	13	2
2012	9	26	10	51			0	1	0	8	1	5	50	3	1	1	5	4	5	7	4	4	10	5	5	2	16	2
2012	9	26	11	52	24.7983487	121.0086791				8			50															3
2012	9	25	18	46	24.835972	120.945222				8			40															3
2012	9	22	6	20	24.8145341	120.975404				8			50															3
2012	9	22	14	57	24.805066	120.9444737	0	2	0	8	1	5	50	3	1	1	5	4	5	7	4	4	10	5	5	2	16	2
2012	9	23	12	30	24.7996941	120.95245				8			50															3
2012	9	25	21	33	24.7864951	120.967925	0	2	0	7	3	5	40	14	9	1	5	4	5	7	4	4	5	5	5	1	13	2
2012	9	1	20	20	24.7466348	120.9078301	0	3	0	8	3	5	40	14	9	1	5	4	5	7	4	4	10	5	5	2	7	2
2012	9	13	23	47	24.8013731	120.954651	0	1	0	8	3	5	50	14	9	1	5	4	5	7	4	4	1	4	4	2	13	2
2012	9	8	12	24	24.783466	121.0182734	0	1	0	8	1	5	50	4	1	1	5	4	5	7	2	1	10	5	5	2	16	2
2012	9	18	9	35	24.78008	121.024622	0	1	0	8	1	5	50	14	9	1	5	4	5	7	4	4	9	5	4	2	12	2
2012	9	11	10	47	24.7919685	121.0148844	0	2	0	8	1	5	50	4	1	1	5	4	5	7	4	4	10	4	5	2	15	2
2012	9	18	18	15	24.8034591	120.9550289	0	1	0	8	3	5	50	4	1	1	5	4	5	7	2	1	10	5	5	2	12	2
2012	9	26	23	20	24.814497	120.97356				8			50															3
2012	9	26	17	8	24.792379	121.002886	0	2	0	8	1	5	50	14	9	1	5	4	5	7	4	4	1	4	5	2	17	2
2012	9	22	4	0	24.800068	120.9684998				8			0															3
2012	9	20	22	26	24.7855805	120.9166773	0	1	0	8	3	5	50	3	1	1	5	4	5	7	3	1	10	5	5	2	15	2
2012	9	27	13	53	24.784243	121.015703				8			50															3
2012	9	17	16	8	24.753693	120.910309				8			50															3
2012	9	16	16	6	24.8009351	120.9698904	0	1	0	8	1	5	50	3	1	1	5	4	5	7	4	4	10	5	5	2	16	2
2012	9	27	18	27	24.802792	120.967901	0	2	0	8	1	5	50	14	9	1	5	4	5	7	4	4	5	5	5	2	3	2
2012	9	27	8	59	24.8147874	120.9808653																						3
2012	9	27	10	0	24.79648	120.998228				8			50															3
2012	9	27	19	20	24.800747	120.960788	0	1	0	7	3	5	50	14	9	1	5	4	5	7	4	4	5	4	5	2	16	2
2012	9	26	7	26	24.8193464	120.979387				8			50															3
2012	9	27	21	27	24.811415	120.9635475	0	1	0	8	3	5	50	4	1	1	5	4	5	7	1	1	10	5	5	2	13	2
2012	9	20	5	58	24.8050672	120.9416847	0	2	0	8	1	5	50	3	1	1	5	4	5	7	3	1	10	5	5	2	15	2
2012	9	27	21	0			0	2	0	8	3	5	50	4	1	1	5	4	5	7	2	1	10	5	5	2	16	2
2012	9	26	11	58						8			50															3
2012	9	26	17	13						8			50															3
2012	9	27	6	27						8			50															3
2012	9	20	12	8						8			50															3
2012	9	28	4	15			0	1	0	7	3	5	50	14	9	1	5	4	5	7	4	4	5	5	5	2	13	2
2012	9	10	15	30						8			50															3
2012	9	26	15	10						8			50															3
2012	9	28	7	4			0	0	0	8	1	5	60	8	9	1	5	4	5	7	4	4	10	5	5	2	18	3
2012	9	28	9	2						8			50															3
2012	9	28	7	5						6			60															3
2012	9	28	8	50																								3
2012	9	14	7	25			0	1	0	8	1	5	50	14	9	1	5	4	5	7	4	4	9	5	5	2	2	2
2012	9	28	12	54	24.7122193	120.8669919	0	1	0	7	1	5	50	5	2	1	5	4	5	7	2	1	1	1	1	2	16	2
2012	9	28	13	17	24.7800731	120.935407	0	1	0	8	1	5	40	11	9	1	5	4	5	7	4	4	9	5	5	2	20	2
2012	9	4	22	10	24.79395675	121.0022692				8			50															3
2012	9	23	15	50	24.777289	121.02443	0	1	0	8	1	5	50	14	9	1	5	4	5	7	4	4	10	5	5	2	3	2
2012	9	27	10	1	24.81334295	120.9806638	0	1	0	8	1	5	50	3	1	1	5	4	5	7	3	1	10	5	5	2	16	2
2012	9	28	14	46	24.8198055	120.961431				8			50															3
2012	9	28	15	53	24.7968745	120.9594703				8			50															3
2012	9	24	8	0	24.7991451	120.992322				8			50															3
2012	9	16	9	0	24.78483885	120.9642914				8			30															3
2012	9	28	19	0	24.8047718	120.9556443				6			50															3
2012	9	28	20	30	24.80160565	120.9657943				6																		3
2012	9	23	15	37	24.7989539	120.963542				8			40															3
2012	9	23	18	34	23.8333047	120.4693168				8			50															3
2012	9	27	12	52	24.794229	120.966703	0	1	0	8	1	5	40	4	1	1	5	4	5	7	4	4	10	5	5	2	15	2
2012	9	27	7	52	24.7780781	120.98229	0	1	0	8	1	5	50	14	9	1	5	4	5	7	4	4	5	5	5	2	13	2
2012	9	28	18	0	24.8128035	120.9853889	0	0	0	8	2	5	50	4	1	1	5	4	5	7	1	1	1	4	4	2	17	3
2012	9	28	19	0	24.808502	120.960924	0	2	0	7	3	5	50	14	9	1	4	4	5	7	4	4	5	4	5	2	16	2
2012	9	28	22	28	24.8012231	120.975794	0	1	0	6	3	5	50	14	9	1	4	4	5	7	4	4	9	4	5	2	16	2
2012	9	28	21	35	24.8378627	121.0161147				8			50															3
2012	9	20	14	3	24.7924614	121.0067013	0	1	0	8	1	5	50	14	9	1	5	4	5	7	3	1	5	4	5	2	12	2
2012	9	21	7	48	24.8132212	120.9650087	0	2	0	8	1	5	50	3	1	1	5	4	5	7	4	4	10	5	5	2	16	2
2012	9	20	22	33	24.809652	120.9678861				8			50															3
2012	9	27	9	55	24.816861	120.969759	0	2	0	8	1	5	50	14	9	1	5	4	5	7	4	4	9	5	5	2	3	2
2012	9	18	8	28	24.83324075	120.9468056	0	2	0	8	1	5	50	3	1	1	5	4	5	7	4	4	10	5	5	2	16	2
2012	9	21	10	15	24.8009052	121.0016547				8			50															3
2012	9	28	10	50	24.8023791	120.994945				8			50															3
2012	9	28	12	15	24.795317	120.998926				8			50															3
2012	9	26	7	27	24.7874802	121.0095148	0	2	0	8	1	5	50	4	1	1	5	4	5	7	1	1	10	5	5	2	16	2
2012	9	26	8	20	24.7874802	121.0095148	0	1	0	8	1	5	50	4	1	1	5	4	5	7	1	1	10	5	5	2	16	2
2012	9	26	9	48	24.801743	120.961658	0	1	0	8	1	5	50	4	2	1	5	4	5	7	4	4	5	5	5	1	16	2
2012	9	22	10	47	24.8188992	120.9718958				8			50															3
2012	9	29	9	50	24.804039	120.967289				8			50															3
2012	9	29	9	10	24.80445375	120.941751							40															3
2012	9	29	11	5	23.8548668	120.983603	0	1	0	7	1	5	50	14	9	1	5	4	5	7	4	4	5	5	5	1	12	2
2012	9	25	0	2	24.803389	120.980684	0	1	0	8	1	5	50	14	9	1	5	4	5	7	4	4	10	4	5	1	16	2
2012	9	25	11	0	24.7944368	120.9718789				8			50															3
2012	9	29	12	8	24.80127805	120.9678009				8			50															3
2012	9	29	15	40	24.8126086	120.9749719	0	1	0	8	1	5	50	3	1	1	5	4	5	7	4	4	10	5	5	2	16	2
2012	9	29	16	50	24.79509185	120.9708905	0	2	0	8	1	5	50	14	9	1	5	4	5	7	4	4	9	5	5	2	16	2
2012	9	17	15	20	24.80313	120.966115				8			50															3
2012	9	28	15	40	24.8219801	120.964132				6			50															3
2012	9	29	18	38	24.8146941	120.98342	0	1	0	8	3	5	50	14	9	1	5	4	5	7	4	4	1	4	5	1	16	2
2012	9	29	20	9	24.80504635	120.9893817				8			50															3
2012	9	28	8	25	24.81135875	120.9649506				8			50															3
2012	9	29	19	50	24.79371895	120.9667093				8			50															3
2012	9	21	7	25	24.8000818	120.9684894				8			50															3
2012	9	28	17	5	24.8049858	120.9867344				8			50															3
2012	9	29	21	50	24.79044695	120.9766564	0	1	0	8	3	5	50	14	9	1	5	4	5	7	4	4	1	4	5	2	27	2
2012	9	21	8	15	24.8028181	120.966586				8			40															3
2012	9	17	19	20	24.7910677	121.0049133				8			50															3
2012	9	29	19	0	24.7883507	120.9286567	0	3	0	8	3	5	50	4	1	1	5	4	5	7	1	1	10	5	5	2	12	2
2012	9	15	20	40	24.8023295	120.9668628				8			40															3
2012	9	29	23	30			0	1	0	7	3	5	50	3	1	1	5	4	5	7	4	4	10	5	5	2	17	2
2012	9	30	1	1						8			50															3
2012	9	30	1	15						8			50															3
2012	9	30	2	40			0	1	0	8	3	5	50	4	1	1	5	4	5	7	3	1	10	5	5	2	15	2
2012	9	28	18	35						8			50															3
2012	9	18	10	20						8			50															3
2012	9	22	23	45			0	1	0	8	3	5	50	14	9	1	5	4	5	7	4	4	5	4	4	2	3	2
2012	9	18	11	45						8			50															3
2012	9	18	13	18			0	1	0	8	1	5	50	4	1	1	5	4	5	7	2	1	10	5	5	2	15	2
2012	9	19	8	23			0	2	0	8	1	5	40	4	1	1	5	4	5	7	4	4	10	5	5	2	15	2
2012	9	19	10	48						8			50															3
2012	9	19	17	37			0	1	0	8	1	5	50	4	18	1	5	4	5	7	2	1	10	5	5	2	3	2
2012	9	20	8	40						8			50															3
2012	9	20	12	23			0	0	0	8	1	5	50	3	9	1	5	4	5	7	4	4	5	5	5	2	14	3
2012	9	24	20	50						8			50															3
2012	9	24	19	0			0	1	0	8	3	5	50	16	9	1	5	4	5	7	4	4	10	4	5	2	16	2
2012	9	17	14	2			0	1	0	8	1	5	50	4	1	1	5	4	5	7	2	1	10	5	5	2	16	2
2012	9	29	18	15			0	1	0	8	3	5	50	4	1	1	5	4	5	7	1	1	10	5	5	2	16	2
2012	9	26	18	0			0	1	0	7	3	5	50	14	18	1	5	4	5	7	3	1	10	5	5	1	3	2
2012	9	25	6	14			0	1	0	8	1	5	50	4	1	1	5	4	5	7	2	1	10	5	5	2	16	2
2012	9	25	21	45						8			50															3
2012	9	24	17	20						8			50															3
2012	9	24	18	50						8			50															3
2012	9	26	22	27						8			50															3
2012	9	25	19	47	24.7810746	121.0210205				8			50															3
2012	9	17	20	22	24.7911918	120.9265043				8			50															3
2012	9	25	19	5	29.5541795	106.5700647				8			50															3
2012	9	25	20	53	24.7845755	121.0208636				8			50															3
2012	9	30	11	13	24.811528	120.964661	0	2	0	8	1	5	50	14	9	1	5	4	5	7	4	4	5	4	5	2	16	2
2012	9	21	14	2	24.767283	120.976927				8			50															3
2012	9	18	7	58	24.7978644	120.9366838	0	2	0	8	1	5	50	4	1	1	5	4	5	7	4	4	10	5	5	2	16	2
2012	9	26	20	17	24.76863255	120.9565552				8			50															3
2012	9	26	17	15	24.7571705	120.9484903				8			50															3
2012	9	26	13	50	24.7874802	121.0095148				8			50															3
2012	9	27	9	15	24.7883507	120.9286567				8			50															3
2012	9	27	11	15	24.804244	120.975677				8			50															3
2012	9	29	18	3	24.807209	120.963728	0	1	0	8	3	5	50	14	9	1	5	4	5	7	4	4	5	5	5	1	3	2
2012	9	30	19	59						8			50															3
2012	9	30	21	3						8			50															3
2012	9	30	16	30			0	3	0	8	1	5	50	3	2	1	5	4	5	7	1	1	9	4	1	2	16	2
2012	9	30	20	39						8																		3
2012	9	21	15	27						8			50															3
2012	9	21	17	20			0	2	0	8	2	5	50	3	2	1	5	4	5	7	4	4	5	5	5	1	16	2
2012	9	22	20	58						8			50															3
2012	9	23	17	18						8			50															3
2012	9	23	19	13			0	1	0	8	3	5	50	3	2	1	5	4	5	7	4	4	5	5	5	1	12	2
2012	9	21	9	41						8			50															3
2012	9	17	9	20						8			50															3
2012	9	17	11	41						8			50															3
2012	9	23	18	45						8			50															3
2012	9	2	10	10						8			50															3
2012	9	15	19	0			0	0	0	8	3	5	50	8	9	1	5	4	5	7	4	4	9	4	5	2	17	3
2012	9	29	10	49						8			50															3
2012	9	29	12	40			0	2	0	8	1	5	50	4	1	1	5	4	5	7	1	1	10	5	5	2	16	2
2012	9	29	18	20						8			80															3
2012	9	30	19	44			0	1	0	8	3	5	50	4	8	1	5	4	5	7	4	4	5	2	5	1	15	2
2012	9	30	21	53						8			50															3
2012	9	29	17	58			0	0	0	8	3	5	50	14	9	1	5	4	5	7	4	4	9	5	5	2	14	3
2012	9	28	12	44						8			50															3
2012	9	10	16	40			0	1	0	8	1	5	50	5	1	1	5	4	5	7	1	1	10	5	5	2	12	2
2012	9	20	20	59			0	1	0	8	3	5	50	14	9	1	5	4	5	7	4	4	9	5	5	2	10	2
2012	9	28	16	2			0	1	0	6	1	5	50	4	1	1	4	4	5	7	4	4	10	5	5	2	14	2
2012	9	21	2	36			0	5	0	8	3	5	50	14	9	1	5	4	1	7	4	4	1	4	5	1	18	2
2012	9	1	12	15						8			50															3
2012	9	22	14	10						8			50															3
2012	9	1	14	45						8			50															3
2012	9	6	18	46						8			50															3
2012	9	19	22	30			0	1	0	8	3	5	50	3	1	1	4	4	5	7	4	4	10	5	5	2	17	2
2012	9	6	23	40						8			50															3
2012	9	23	10	0	24.783356	121.017211	0	1	0	8	1	5	50	14	9	1	5	4	5	7	4	4	5	4	5	2	12	2
2012	9	24	11	30	24.805823	120.967145				8			50															3
2012	9	8	16	5	24.8115001	120.957582				8			50															3
2012	9	12	11	18	24.79319925	120.9683519				8			40															3
2012	9	12	13	59	24.7924614	121.0067013				8			50															3
2012	9	12	17	55	24.798397	120.955802	0	1	0	8	3	5	50	3	1	1	5	4	5	7	4	4	9	5	5	1	13	2
2012	9	25	7	43	24.809847	120.963901				8			50															3
2012	9	25	9	46	24.81853775	120.9890287	0	1	0	8	1	5	50	14	9	1	5	4	5	7	4	4	5	4	5	2	13	2
2012	9	13	7	33	24.80867115	120.9623971	0	2	0	8	1	5	50	3	2	1	5	4	5	7	4	4	5	5	5	2	12	2
2012	9	25	18	25	24.7951311	120.979319	0	1	0	8	4	5	50	15	9	1	5	4	5	7	4	4	9	5	5	2	13	2
2012	9	17	8	19	24.8026045	120.9576143				8			50															3
2012	9	28	15	25	24.7976963	120.9648146				6			50															3
2012	9	18	19	3	24.815979	120.994032				8			40															3
2012	9	29	11	20	24.79793	120.969703	0	2	0	8	1	5	50	14	9	1	5	4	5	7	4	4	9	5	5	2	16	2
2012	9	21	7	10	23.907561	106.625776				8			50															3
2012	9	29	13	48	24.7256219	120.92865	0	1	0	8	1	5	40	14	9	1	5	4	5	7	4	4	5	5	5	1	18	2
2012	9	21	10	13	24.8140286	120.9765499				8			50															3
2012	9	14	4	44	24.801872	120.9689311				8			50															3
2012	9	21	18	40	24.7461546	120.9063973				8			50															3
2012	9	26	13	51	24.7729067	120.9770276				8			50															3
2012	9	28	20	30	24.79358725	120.9450739				6			50															3
2012	9	28	21	45	24.8027251	120.967802	0	1	0	6	3	5	50	14	9	1	4	4	5	7	4	4	5	5	5	2	14	2