年	月	日	時	分	GoogleLat	GoogleLng	死	受傷	2-30	天候	光線	道路類別	速限	道路型態	事故位置	路面鋪裝	路面狀態	路面缺陷	障礙物	視距	號誌種類	號誌動作	分向設施	快車道或一般車道間	快慢車道間	路面邊線	事故類型及型態	事故類別
2012	10	23	8	15	24.8147153	120.9796905				8			50															3
2012	10	22	10	55	24.808529	120.972682	0	2	0	8	1	4	50	14	9	1	5	4	5	7	4	4	6	5	5	2	12	2
2012	10	14	17	34	24.8185054	120.9714336				8			50															3
2012	10	22	17	33	24.7965941	120.960851				8			50															3
2012	10	23	13	22	24.800068	120.9684998	0	1	0	8	1	5	50	14	9	1	5	4	5	7	4	4	9	5	5	2	16	2
2012	10	5	18	55	24.8003648	120.9867557				8			50															3
2012	10	22	17	11	24.7989631	120.999685				8			50															3
2012	10	23	12	21	24.7714132	120.952796	0	1	0	8	1	5	50	14	8	1	5	4	5	7	4	4	3	1	4	2	18	2
2012	10	4	7	35	24.793466	120.974347	0	1	0	8	1	4	50	14	9	1	5	4	5	7	4	4	5	5	5	1	16	2
2012	10	23	15	45	24.8353391	120.944855				8			50															3
2012	10	20	14	30	24.802285	120.976251				8			50															3
2012	10	10	14	42	24.7882139	120.9286821				8			50															3
2012	10	23	22	15	24.8055397	120.9770756				8			50															3
2012	10	20	9	53	24.79974815	120.9576127				8			50															3
2012	10	24	2	14	24.4235318	120.6435228	0	1	0	8	3	5	50	14	9	1	5	4	5	7	3	1	5	5	5	1	13	2
2012	10	24	0	10	24.798363	120.963617				8			50															3
2012	10	18	13	30	24.8089501	120.965019				8			50															3
2012	10	17	10	18	24.7777953	120.9404076				8			40															3
2012	10	23	17	15	24.7896991	121.000851	0	1	0	8	2	5	50	14	9	1	5	4	5	7	4	4	4	4	5	2	16	2
2012	10	24	7	39	24.8137323	120.9674304				8			50															3
2012	10	24	9	28	24.796531	120.964237				8			50															3
2012	10	5	17	28	24.8108364	120.9817357				8			50															3
2012	10	18	15	10			0	1	0	8	1	5	50	14	9	1	5	4	5	7	4	4	5	5	5	2	16	2
2012	10	24	9	38			0	1	0	8	1	5	50	14	9	1	5	4	5	7	4	4	5	2	5	2	12	2
2012	10	22	10	41	24.814678	120.966313	0	1	0	8	1	3	50	14	9	1	5	4	5	7	4	4	10	5	5	2	12	2
2012	10	6	10	5	24.833429	121.017656	0	1	0	8	1	5	50	14	9	1	5	4	5	7	4	4	1	5	1	2	12	2
2012	10	6	13	28	24.79428875	120.9468291	0	1	0	8	1	3	50	14	8	1	5	4	5	7	4	4	1	4	4	2	16	2
2012	10	24	8	50	24.7650255	120.9144374	0	1	0	8	1	5	50	3	1	1	5	4	5	7	3	1	10	5	5	2	13	2
2012	10	24	10	30	24.7370729	120.886593	0	1	0	8	1	5	50	3	1	1	5	4	5	7	1	1	10	5	5	2	18	2
2012	10	24	11	50	24.8019741	121.0001719				8			50															3
2012	10	23	19	0	24.816382	120.976503				8			30															3
2012	10	24	9	39	24.8053051	120.968443				8			50															3
2012	10	24	18	11	24.7965397	120.9667442	0	1	0	8	3	5	50	3	1	1	5	4	5	7	4	4	10	5	5	2	16	2
2012	10	24	21	45	24.797854	120.96221	0	2	0	8	3	5	50	14	9	1	5	4	5	7	4	4	9	4	5	2	9	2
2012	10	23	18	40	24.8020598	120.9954236				8			50															3
2012	10	24	16	35	24.7966819	120.9781291	0	1	0	8	1	5	40	4	1	1	5	4	5	7	4	4	10	5	5	2	15	2
2012	10	24	18	22	24.80455	120.963522				8			50															3
2012	10	19	13	40	24.8358851	120.945434				8			50															3
2012	10	10	20	41	24.790708	120.926527				8			40															3
2012	10	10	14	52	24.807307	120.965357				8			50															3
2012	10	6	14	37	31.3512963	120.9811634				8			80															3
2012	10	25	8	25	24.8095863	120.9664756	0	1	0	8	1	5	50	14	9	1	5	4	5	7	4	4	5	4	5	2	3	2
2012	10	22	13	48	24.818964	120.925308	0	1	0	8	1	2	50	4	8	1	5	4	5	7	4	4	1	4	1	1	16	2
2012	10	25	11	40	24.810285	120.968379				8			50															3
2012	10	24	15	13	24.81076025	120.9625225				8			50															3
2012	10	25	12	42	24.7939945	121.0137049				8			50															3
2012	10	25	7	4	24.7857397	121.0216266	0	2	0	8	1	5	40	11	9	1	5	4	5	7	4	4	10	5	5	2	16	2
2012	10	25	9	36	24.7909301	120.9379034				8			50															3
2012	10	22	18	3	24.817594	120.970475				8			40															3
2012	10	25	9	35	37.8545931	112.5517968	0	1	0	8	1	5	50	4	2	1	5	4	5	7	1	1	9	5	4	2	15	2
2012	10	23	19	30	24.7962631	120.972084				8			40															3
2012	10	25	12	15	24.7832442	121.0177491				8			50															3
2012	10	20	17	45	23.907561	106.625776	0	1	0	8	3	5	50	4	18	1	5	4	5	7	2	1	10	5	5	2	3	2
2012	10	25	17	28	24.8159546	121.0285022	0	2	0	8	3	5	50	4	1	1	5	4	5	7	1	1	10	5	5	2	13	2
2012	10	23	12	5	24.8198055	120.961431	0	1	0	8	1	5	50	4	1	1	5	4	5	7	1	1	10	5	5	2	12	2
2012	10	25	19	17	24.776299	120.948522	0	0	0	8	3	5	40	14	9	1	5	4	5	7	4	4	10	5	5	2	14	3
2012	10	25	18	51	24.797406	120.961215	0	2	0	8	3	5	50	14	9	1	5	4	5	7	4	4	5	4	5	1	16	2
2012	10	25	22	37	27.038013	118.334361	0	1	0	7	3	5	50	4	1	1	5	4	5	7	1	1	10	5	5	2	16	2
2012	10	26	0	0	24.8074818	120.9632782	0	1	0	7	3	5	40	4	1	1	5	4	5	7	3	1	10	5	5	2	15	2
2012	10	18	21	30	24.811139	120.9749888	0	0	0	8	3	5	40	14	9	1	5	4	5	7	4	4	10	5	5	2	17	3
2012	10	19	0	1	24.796174	120.955803	0	1	0	8	3	5	50	14	9	1	5	4	5	7	4	4	5	5	5	1	17	2
2012	10	26	6	40			0	1	0	8	1	5	50	14	9	1	5	4	5	7	3	1	5	2	5	1	16	2
2012	10	23	8	0			0	2	0	8	1	5	50	3	1	1	5	4	5	7	4	4	10	5	5	2	16	2
2012	10	10	12	50						8			40															3
2012	10	26	10	26			0	0	0	8	1	5	50	4	1	1	5	4	5	7	1	1	1	2	1	2	16	3
2012	10	25	19	40			0	1	0	8	3	5	50	3	2	1	5	4	5	7	4	4	1	4	5	1	16	2
2012	10	26	8	40	24.78746585	121.0033154				8			40															3
2012	10	25	22	12	24.8042903	120.9752282				8			50															3
2012	10	25	17	37	24.781507	121.02474				8			50															3
2012	10	25	7	47	24.7919646	120.9223516	0	1	0	8	1	5	50	3	1	1	5	4	5	7	4	4	10	5	5	2	16	2
2012	10	26	7	45	24.771598	120.9683462	0	1	0	8	1	5	50	14	9	1	5	4	5	7	1	1	5	5	5	1	17	2
2012	10	25	9	21	24.7800731	120.935407	0	1	0	8	1	5	50	3	1	1	5	4	5	1	4	4	5	5	5	1	16	2
2012	10	25	11	32	24.7910558	121.006802				8			50															3
2012	10	25	13	27	24.80867115	120.9623971				8			50															3
2012	10	26	8	54	24.80896535	120.9825236	0	2	0	8	1	5	50	3	1	1	5	4	5	7	3	1	10	5	5	2	3	2
2012	10	26	9	50	24.7677969	120.9786091	0	1	0	8	1	5	50	11	9	1	5	4	5	7	4	4	5	5	5	1	12	2
2012	10	26	10	30	24.8095543	120.9773552				8			50															3
2012	10	26	11	41	24.7811741	121.02523	0	1	0	8	1	5	50	3	1	1	5	4	3	5	4	4	10	5	5	2	16	2
2012	10	26	11	55	24.7909875	121.0171366	0	1	0	8	1	5	50	3	1	1	5	4	5	7	4	4	10	5	5	2	16	2
2012	10	19	6	39	24.7955371	120.971483				8			50															3
2012	10	26	18	45	24.79311235	121.0115108	0	0	0	8	3	5	50	14	8	1	5	4	5	7	4	4	8	3	4	1	12	3
2012	10	26	18	55	24.8060211	120.96743				8			50															3
2012	10	26	21	25	24.8647484	120.9914642				8			50															3
2012	10	26	21	15	24.7966231	120.955709	0	1	0	8	3	5	50	14	9	1	5	4	5	7	4	4	5	4	5	1	16	2
2012	10	19	14	9	24.772559	120.9684671	0	1	0	8	1	5	50	14	9	1	5	4	5	7	4	4	5	5	5	1	19	2
2012	10	26	23	35	24.80357935	120.9961211	0	1	0	8	3	5	50	14	8	1	5	4	5	7	4	4	1	5	1	1	16	2
2012	10	26	20	15	24.8095481	120.959459	0	1	0	8	3	5	50	14	9	1	5	4	5	7	4	4	9	5	5	1	3	2
2012	10	19	10	4	24.7978891	120.9651297				8			50															3
2012	10	21	10	30	24.8187798	120.961671				8			20															3
2012	10	19	8	14	24.79103715	120.9378794				8			50															3
2012	10	19	12	40	24.801139	120.966171				8			50															3
2012	10	19	18	0	24.812738	120.972532				8			50															3
2012	10	20	8	48	37.8545931	112.5517968				8			50															3
2012	10	20	7	45	24.7967798	120.9607008				8			50															3
2012	10	20	15	33	24.804339	120.964623	0	0	0	8	1	5	50	14	9	1	5	4	5	7	4	4	9	4	5	2	16	3
2012	10	25	17	9	24.8032171	120.970984	0	1	0	8	2	5	50	14	9	1	5	4	5	7	4	4	5	4	5	2	16	2
2012	10	22	8	40	24.7910677	121.0049133	0	3	0	8	1	3	50	5	4	1	5	4	5	7	2	1	1	2	5	2	13	2
2012	10	23	22	6	24.8270975	120.927613				8			40															3
2012	10	27	7	31	24.7847691	121.0122412	0	1	0	7	1	5	50	3	1	1	5	4	5	7	4	4	10	5	5	2	16	2
2012	10	22	8	49	24.7962926	121.0105979	0	1	0	8	1	5	50	14	9	1	5	4	5	7	4	4	1	4	5	1	16	2
2012	10	23	10	36	24.8006181	120.994112	0	1	0	8	1	5	50	14	9	1	5	4	5	7	4	4	5	5	5	2	12	2
2012	10	23	13	29	24.8024766	120.9674852				8			0															3
2012	10	23	16	1	24.8161395	120.9934274	0	2	0	8	1	5	50	3	1	1	5	4	5	7	2	1	10	5	5	2	13	2
2012	10	19	8	50	24.791322	120.968632				8			50															3
2012	10	22	11	27	24.799179	120.954066	0	2	0	8	1	3	50	14	9	1	5	4	5	7	4	4	9	5	5	1	16	2
2012	10	21	18	50	24.8243391	120.926708				8			40															3
2012	10	27	15	6	24.803369	120.964278	0	1	0	8	1	5	50	15	9	1	5	4	5	7	4	4	5	4	5	2	12	2
2012	10	23	14	55	24.80515155	121.0126831	0	2	0	8	1	5	40	14	9	1	5	4	5	7	4	4	10	5	5	2	16	2
2012	10	27	16	25	24.80189295	120.9922287	0	1	0	8	1	5	50	14	9	1	5	4	5	7	4	4	5	4	5	1	16	2
2012	10	24	17	14	24.778202	120.938792				8			40															3
2012	10	26	15	54	24.7834637	120.9193786				8			40															3
2012	10	27	16	25	24.80189295	120.9922287	0	1	0	8	1	5	50	14	9	1	5	4	5	7	4	4	5	4	5	2	12	2
2012	10	27	21	38	24.80174845	120.9921434	0	1	0	7	3	5	50	14	9	1	5	4	5	7	4	4	4	4	5	2	16	2
2012	10	27	22	0	24.8216385	120.9805659	0	1	0	7	3	5	50	4	1	1	5	4	5	7	1	1	10	5	5	2	15	2
2012	10	27	8	11	24.784454	121.015249				8			50															3
2012	10	28	7	39	24.8047718	120.9556443	0	1	0	8	1	5	50	4	2	1	5	4	5	7	1	1	10	5	5	2	16	2
2012	10	28	7	22	24.7988758	120.9935293	0	2	0	8	1	5	50	3	2	1	2	4	5	7	1	1	1	4	5	2	17	2
2012	10	26	12	33	24.8127829	120.9888041	0	1	0	8	1	5	50	4	1	1	5	4	5	7	1	1	10	4	5	2	17	2
2012	10	28	11	10	24.4235318	120.6435228	0	1	0	8	1	5	50	3	2	1	5	4	5	7	2	1	10	5	5	2	16	2
2012	10	20	22	19	24.7887326	120.9300059				8			50															3
2012	10	27	23	34	24.8055397	120.9770756				8			50															3
2012	10	27	22	45	24.81034915	120.976919	0	1	0	8	3	5	50	14	9	1	5	4	5	7	4	4	5	4	5	1	16	2
2012	10	27	15	51	24.8035831	120.971313																						3
2012	10	28	12	0	24.776472	120.983771	0	1	0	8	1	5	40	14	9	1	5	4	5	7	4	4	10	5	5	2	16	2
2012	10	28	10	5						8			50															3
2012	10	28	11	41			0	2	0	8	1	5	50	14	9	1	5	4	5	6	4	4	5	3	5	1	13	2
2012	10	28	11	59						8			50															3
2012	10	28	12	48						8			50															3
2012	10	17	21	33	24.83324075	120.9468056	0	2	0	8	3	5	50	4	1	1	5	4	5	7	3	1	10	5	5	2	16	2
2012	10	27	9	40	24.83324075	120.9468056	0	1	0	8	1	5	50	4	1	1	5	4	5	7	3	1	10	5	5	2	16	2
2012	10	28	14	0	24.806023	120.943161	0	1	0	8	1	5	50	14	9	1	5	4	5	7	4	4	9	5	5	2	12	2
2012	10	28	10	29	24.7813346	121.0239894				8			50															3
2012	10	28	12	41	24.813479	120.992959				8			0															3
2012	10	28	14	6	24.783575	121.016619	0	0	0	8	1	5	50	3	1	1	5	4	5	7	4	4	10	5	5	2	14	3
2012	10	28	17	15	24.8445551	120.929401				8			50															3
2012	10	28	13	27	24.800039	120.981407				8			50															3
2012	10	27	15	14	24.797232	120.9637474				8			50															3
2012	10	26	3	30	24.7973901	120.9636194																						3
2012	10	26	11	10			0	2	0	8	1	5	50	14	9	1	5	4	5	7	4	4	5	4	5	2	12	2
2012	10	26	12	5			0	2	0	8	1	5	5	4	1	1	5	4	5	7	1	1	10	5	5	2	12	2
2012	10	28	18	16			0	2	0	8	3	5	50	16	9	1	5	4	5	7	4	4	10	4	5	2	16	2
2012	10	28	19	38						8			50															3
2012	10	28	19	28						8			50															3
2012	10	28	16	3						8			50															3
2012	10	28	19	45			0	0	0	8	3	5	50	4	9	1	5	4	5	7	1	1	5	2	5	2	11	3
2012	10	28	20	23			0	1	0	8	3	5	50	14	9	1	5	4	5	7	4	4	5	4	5	2	16	2
2012	10	23	18	10						8			50															3
2012	10	23	16	15			0	2	0	8	1	5	50	3	1	1	5	4	5	7	4	4	10	5	5	2	16	2
2012	10	28	23	57			0	1	0	8	3	5	50	14	9	1	5	4	5	7	4	4	5	2	5	2	16	2
2012	10	26	21	36						8			40															3
2012	10	26	23	37						8			50															3
2012	10	27	18	15						8			50															3
2012	10	27	21	45	24.8032102	120.96871				8			50															3
2012	10	28	21	18	24.83324075	120.9468056				8			50															3
2012	10	29	8	30	24.79965	120.951935	0	1	0	8	1	5	50	14	9	1	5	4	5	7	4	4	5	4	5	2	3	2
2012	10	29	7	21	24.7958321	120.959476				8			50															3
2012	10	29	9	32	24.8198055	120.961431	0	1	0	8	1	5	50	4	2	1	5	4	5	7	1	1	10	5	5	2	13	2
2012	10	29	12	20	24.8008407	120.9719637				8			50															3
2012	10	29	9	34	24.75338155	120.946439				8			50															3
2012	10	29	9	38	24.80345445	120.9739224	0	2	0	8	1	5	50	3	1	1	5	4	5	7	4	4	10	5	5	2	16	2
2012	10	29	13	31	24.79834225	120.9906022				8			50															3
2012	10	26	7	10	24.73137255	120.918591	0	2	0	8	1	5	50	14	9	1	5	4	5	7	4	4	5	5	5	2	17	2
2012	10	29	14	56	24.7974582	120.9602786				8			50															3
2012	10	29	10	38	24.78168	121.014327				8			50															3
2012	10	29	12	38	24.7950031	120.9484151	0	0	0	8	1	5	50	4	1	1	5	4	5	7	1	1	10	5	5	2	12	3
2012	10	29	14	36	24.808873	120.96057	0	1	0	8	1	5	50	14	9	1	5	4	5	7	4	4	5	4	5	2	12	2
2012	10	24	15	28	24.8150922	120.9852896	0	1	0	8	1	5	50	4	1	1	5	4	5	7	2	1	10	5	5	2	16	2
2012	10	28	18	21	37.8545931	112.5517968	0	1	0	8	3	5	50	4	1	1	5	4	5	7	1	1	3	2	4	1	16	2
2012	10	26	16	0	24.809743	120.973658				8			50															3
2012	10	26	18	0	24.8029971	120.982156				8			50															3
2012	10	27	19	30	24.80114	120.960946	0	2	0	8	3	5	50	14	9	1	5	4	5	7	4	4	5	4	5	2	16	2
2012	10	29	19	40	24.812602	120.975312	0	1	0	8	3	5	50	14	9	1	5	4	5	7	4	4	5	4	5	1	16	2
2012	10	27	21	12	24.777632	120.983519				8			50															3
2012	10	29	20	10			0	1	0	8	3	5	50	14	9	1	5	4	5	7	4	4	1	5	5	1	13	2
2012	10	29	19	21			0	1	0	8	3	5	50	14	9	1	5	4	5	7	4	4	5	5	5	2	16	2
2012	10	29	21	43						8			40															3
2012	10	29	21	55						8			50															3
2012	10	29	21	5			0	2	0	8	3	5	50	14	9	1	5	4	5	7	4	4	1	4	5	1	13	2
2012	10	30	1	52			0	1	0	8	3	5	50	14	9	1	5	4	5	7	4	4	5	4	5	1	12	2
2012	10	29	17	48			0	1	0	8	3	5	50	3	1	1	5	4	5	7	4	4	10	5	5	2	16	2
2012	10	29	22	7			0	1	0	8	3	5	50	16	9	1	5	4	5	7	4	4	10	2	5	2	16	2
2012	10	28	17	50			0	2	0	7	3	5	50	4	1	1	5	4	5	7	1	1	10	5	5	2	16	2
2012	10	30	7	45						8			50															3
2012	10	30	8	19			0	1	0	8	1	5	50	14	9	1	5	2	5	7	4	4	10	3	5	2	12	2
2012	10	30	7	32						8			40															3
2012	10	30	12	11			0	1	0	8	1	5	50	14	9	1	5	4	5	7	4	4	9	4	5	1	2	2
2012	10	30	13	30						6			50															3
2012	10	30	7	24			0	1	0	8	1	5	50	4	1	1	5	4	5	7	1	1	10	5	5	2	12	2
2012	10	30	10	54			0	2	0	8	1	5	50	3	1	1	5	4	5	7	4	4	9	5	5	2	16	2
2012	10	30	12	38						8			50															3
2012	10	29	12	53						8			50															3
2012	10	30	17	48						6			50															3
2012	10	30	16	20						6			50															3
2012	10	30	15	30	24.80599	120.969469				6			50															3
2012	10	29	19	31	24.7956858	120.9601711				8			40															3
2012	10	25	18	53	24.7945201	120.975589	0	2	0	7	3	5	50	13	9	1	5	4	5	7	4	4	5	5	5	1	16	2
2012	10	26	15	30	24.8147153	120.9796905				8			50															3
2012	10	26	20	30	24.789742	120.934183	0	1	0	7	3	5	50	14	9	1	5	4	5	7	4	4	1	4	5	1	17	2
2012	10	27	7	38	24.79642685	120.9361428	0	1	0	8	1	5	50	3	1	1	5	4	5	7	4	4	9	5	5	2	17	2
2012	10	27	11	14	24.777347	121.021054				8			40															3
2012	10	27	13	15	24.79382215	120.9370932	0	1	0	8	1	5	50	14	9	1	5	4	5	7	4	4	4	5	5	1	16	2
2012	10	27	16	35	24.859691	121.005401				8			50															3
2012	10	29	16	5	24.81607975	120.9630061				8			50															3
2012	10	29	7	55	24.8140911	120.9725373	0	1	0	8	1	5	50	14	9	1	5	4	5	7	1	1	1	4	5	2	13	2
2012	10	7	17	38	24.7883507	120.9286567				8			50															3
2012	10	28	17	45	24.8411651	120.927316				8			50															3
2012	10	29	11	49	24.79311235	121.0115108				8			50															3
2012	10	26	11	25			0	1	0	8	1	5	50	14	9	1	5	4	5	7	4	4	9	4	5	2	17	2
2012	10	29	18	0						8			50															3
2012	10	30	17	50						6			50															3
2012	10	23	18	30			0	2	0	8	3	4	50	14	9	1	5	4	5	7	4	4	5	4	5	1	16	2
2012	10	24	13	30	24.79484195	120.9652302	0	1	0	8	1	4	50	3	2	1	5	4	5	7	1	1	5	5	5	2	13	2
2012	10	30	19	5	24.814516	120.975086				6			50															3
2012	10	30	6	18	24.83000025	120.9273822	0	1	0	8	1	5	50	4	2	1	5	4	5	7	1	1	5	2	5	1	13	2
2012	10	30	21	25	24.8044633	120.9704172				6			40															3
2012	10	31	2	10	24.803312	120.9603825	0	1	0	7	3	5	50	5	1	1	5	4	5	7	1	1	10	5	5	2	16	2
2012	10	27	11	19	24.7965397	120.9667442	0	1	0	8	1	5	50	3	1	1	5	4	5	7	4	4	10	5	5	2	16	2
2012	10	25	13	38	24.79488565	120.9641955	0	2	0	8	1	5	40	4	1	1	5	4	5	7	4	4	10	5	5	2	15	2
2012	10	30	20	51	24.804552	120.969915				8			50															3
2012	10	31	0	41	24.8002811	120.965917	0	1	0	6	3	5	50	14	9	1	4	4	5	7	4	4	5	4	5	1	17	2
2012	10	30	20	30	24.7884154	120.9680175				6			50															3
2012	10	30	12	50	24.8043843	120.970832	0	1	0	7	1	5	50	16	9	1	5	4	5	7	4	4	10	4	5	2	12	2
2012	10	30	16	39	24.8137323	120.9674304	0	1	0	6	3	5	50	14	9	1	4	4	5	7	4	4	1	4	5	2	13	2
2012	10	31	7	24	24.8147874	120.9808653				6			50															3
2012	10	31	8	10	24.7778421	121.021084	0	1	0	6	1	5	50	14	9	1	4	4	5	7	4	4	9	5	5	2	13	2
2012	10	31	7	45	24.7708357	120.9715838	0	1	0	6	1	5	50	3	1	1	4	4	5	7	4	4	10	5	5	1	16	2
2012	10	26	8	34	24.802713	120.978108	0	1	0	8	1	4	40	3	1	1	5	4	5	7	4	4	10	5	5	2	16	2
2012	10	31	19	18	24.811741	121.00046				8			40															3
2012	10	31	18	10	24.79974815	120.9576127	0	1	0	7	3	5	50	14	9	1	5	4	5	7	4	4	5	4	4	2	16	2
2012	10	31	18	26	24.8010377	120.9826702	0	1	0	7	3	5	50	3	1	1	4	4	5	7	2	1	10	5	5	2	16	2
2012	10	10	0	30	24.79691	120.95573				8			50															3
2012	10	31	16	15	24.813494	120.968079				8			50															3
2012	10	25	19	5	24.7924614	121.0067013				8			40															3
2012	10	29	7	10	24.8173336	120.9701043				8			50															3
2012	10	31	22	39	24.7771271	121.019881	0	2	0	7	4	5	40	4	1	1	5	4	5	7	4	4	10	5	5	2	15	2
2012	10	31	22	11	24.80160725	120.9870464	0	1	0	8	3	5	50	14	9	1	5	4	5	7	4	4	5	4	5	2	12	2
2012	10	31	15	13	24.8028221	120.955179				6			50															3
2012	10	31	8	14	24.794413	120.972522				6			50															3
2012	10	31	18	29	24.799843	120.981257	0	1	0	7	3	5	50	14	9	1	4	4	5	7	4	4	5	4	5	2	12	2
2012	10	25	23	53	24.811528	120.964661				8			50															3
2012	10	27	12	14	24.7950031	120.9484151	0	2	0	8	1	5	50	14	9	1	5	4	5	7	1	1	9	4	5	2	13	2
2012	10	26	15	15	24.7546815	120.954002	0	2	0	8	1	5	50	3	1	1	5	4	5	7	3	1	10	5	5	2	16	2
2012	10	23	16	15	24.809703	120.966029	0	1	0	8	1	5	50	4	1	1	5	4	5	7	4	4	10	5	5	2	13	2
2012	10	25	17	9	24.796453	120.997631				8			50															3
2012	10	24	18	10	24.812168	120.956772				8			40															3
2012	10	13	16	0	24.8001525	120.9896318	0	2	0	8	1	3	50	3	2	1	5	4	5	7	1	1	1	2	5	2	16	2
2012	10	31	8	11	24.7991919	120.953374																						3
2012	10	23	14	18	24.802086	120.970776				8			0															3
2012	10	26	18	39	24.79311235	121.0115108	0	1	0	8	3	5	50	3	2	1	5	4	5	7	4	4	10	5	5	2	12	2
2012	10	22	18	25	24.8150922	120.9852896				8			50															3
2012	10	26	20	39	24.805619	120.962698	0	1	0	8	3	5	50	4	2	1	5	4	5	7	4	4	5	4	5	2	12	2
2012	10	27	17	3	24.7928249	120.9243481	0	1	0	8	2	5	50	3	1	1	5	4	5	7	4	4	10	5	5	2	17	2
2012	10	31	7	14	24.7920679	120.9524816	0	1	0	6	1	5	50	4	1	1	4	4	5	7	4	4	10	5	5	2	16	2
2012	10	31	8	9	24.8122821	120.989506	0	1	0	6	1	5	50	14	9	1	4	4	5	7	4	4	1	2	5	1	18	2
2012	10	31	10	51	24.785195	120.979768	0	1	0	6	1	5	50	11	9	1	4	4	5	7	4	4	5	5	5	2	10	2
2012	10	31	18	11	24.7941781	121.000595				8			40															3
2012	10	30	19	25	24.818963	120.995719				6			50															3
2012	10	31	8	35	31.3512963	120.9811634	0	1	0	6	1	5	50	14	9	1	4	4	5	7	4	4	1	4	5	2	12	2
2012	10	31	11	38	24.7972301	120.996594				6			50															3
2012	10	30	20	35	24.6925925	120.9015133	0	0	0	6	3	5	50	14	9	1	4	4	5	7	4	4	10	5	5	2	17	3
2012	10	26	11	50	24.8205073	120.9891874				8			50															3
2012	10	26	11	0	24.79031295	120.9352439				8			50															3
2012	10	31	13	16	24.8026373	120.9759861	0	1	0	6	3	5	40	7	22	1	2	4	5	2	4	4	4	2	5	2	18	2
2012	10	30	11	57	24.8088853	120.9781891				8			50															3
2012	10	30	14	35	24.7922354	120.9323808				8			50															3
2012	10	22	16	40	24.8137323	120.9674304				8			50															3
2012	10	18	17	46	24.82387895	120.980277				8			40															3
2012	10	29	12	20						8			50															3
2012	10	29	9	0			0	2	0	8	1	5	40	4	1	1	5	4	5	7	4	4	10	5	5	2	15	2
2012	10	29	9	51			0	1	0	8	1	4	40	11	9	1	5	4	5	7	4	4	10	5	5	2	2	2
2012	10	31	16	35						8			50															3
2012	10	30	18	45						6			50															3
2012	10	17	17	40						8			40															3
2012	10	29	19	9			0	4	0	8	3	5	50	4	1	1	5	4	5	7	2	1	10	5	5	2	16	2
2012	10	31	17	30			0	2	0	8	3	5	50	4	1	1	5	4	5	7	1	1	10	5	5	2	15	2
2012	10	31	12	12						6			50															3
2012	10	31	13	40						6			50															3
2012	10	31	5	15			0	2	0	6	3	5	50	14	9	1	4	4	5	7	4	4	5	5	5	2	16	2
2012	10	26	19	51			0	2	0	8	3	5	50	4	1	1	5	4	5	7	2	1	10	5	5	2	16	2
2012	10	31	17	13			0	1	0	8	3	5	50	13	9	1	5	4	5	7	4	4	9	5	5	2	11	2
2012	10	31	17	49			0	2	0	7	3	5	50	5	2	1	5	4	5	7	1	1	10	5	5	2	16	2
2012	10	31	21	41			0	1	0	8	3	5	50	14	8	1	5	4	5	7	4	4	1	4	4	1	18	2
2012	10	30	16	40						8			50															3
2012	10	30	15	40						6			40															3
2012	10	31	21	10			0	1	0	8	3	5	50	4	18	1	5	4	5	7	2	1	10	5	5	2	3	2
2012	10	29	22	10						8			40															3
2012	10	24	17	10						8			50															3
2012	10	20	10	20	24.8235233	120.9787074	0	1	0	8	1	5	50	14	9	1	5	4	5	7	4	4	5	5	5	1	12	2
2012	10	23	10	25	24.8113456	120.9703661	0	1	0	8	1	5	50	14	9	1	5	4	5	7	4	4	5	4	5	1	12	2
2012	10	13	22	45	24.7857356	121.0216185																						2
2012	10	18	18	20	24.790798	121.0055625	0	2	0	8	3	5	50	14	9	1	5	4	5	7	4	4	1	4	5	1	12	2
2012	10	7	16	30	24.7974018	120.9592223				8			50															3
2012	10	31	12	18	24.34623015	120.6264257	0	1	0	6	1	5	50	4	1	1	4	4	5	7	3	1	10	5	5	2	15	2
2012	10	27	13	34	24.8219504	120.9716382	0	1	0	8	1	5	50	4	1	1	5	4	5	7	2	1	10	5	5	2	12	2
2012	10	14	17	28	24.7952273	120.9639258	0	2	0	8	2	5	40	4	1	1	5	4	5	7	4	4	10	5	5	2	15	2
2012	10	31	19	0	24.4235318	120.6435228				8			50															3
2012	10	21	12	20	24.842419	120.933528				8			50															3
2012	10	28	11	55	24.81488335	120.9394568	0	1	0	8	1	5	40	14	9	1	5	4	5	7	4	4	10	5	5	2	8	2
2012	10	15	13	40	24.781707	121.023248	0	1	0	8	1	5	50	14	9	1	5	4	5	7	4	4	5	2	5	1	3	2
2012	10	30	13	15	24.803514	120.964187				6			50															3
2012	10	31	4	53			0	2	0	6	3	5	40	14	9	1	4	4	5	7	4	4	5	5	5	2	26	2
2012	10	30	13	44			0	1	0	6	1	5	40	4	1	1	4	4	5	7	3	1	10	5	5	2	15	2
2012	10	24	10	20			0	1	0	8	1	5	50	4	1	1	5	4	5	7	2	1	10	5	5	2	16	2
2012	10	20	16	30			0	2	0	8	1	5	50	4	2	1	5	4	5	7	3	1	10	4	5	1	11	2
2012	10	24	10	6			0	1	0	8	1	5	50	4	1	1	5	4	5	7	1	1	10	5	5	2	16	2
2012	10	30	17	45																								3
2012	10	1	7	50			0	2	0	8	1	5	50	14	9	1	5	4	5	7	4	4	5	5	5	1	16	2
2012	10	17	19	39						8			50															3
2012	10	19	11	0						8			50															3
2012	10	25	7	20			0	2	0	8	1	5	50	3	1	5	5	4	5	7	4	4	10	5	5	2	16	2
2012	10	25	12	30	24.7775171	121.022692																						3
2012	10	20	18	20	24.7883507	120.9286567				8			40															3